CREATE DATABASE  IF NOT EXISTS `allservice` /*!40100 DEFAULT CHARACTER SET latin1 */;
USE `allservice`;
-- MySQL dump 10.13  Distrib 5.5.35, for debian-linux-gnu (i686)
--
-- Host: localhost    Database: allservice
-- ------------------------------------------------------
-- Server version	5.5.35-0ubuntu0.12.04.2

/*!40101 SET @OLD_CHARACTER_SET_CLIENT=@@CHARACTER_SET_CLIENT */;
/*!40101 SET @OLD_CHARACTER_SET_RESULTS=@@CHARACTER_SET_RESULTS */;
/*!40101 SET @OLD_COLLATION_CONNECTION=@@COLLATION_CONNECTION */;
/*!40101 SET NAMES utf8 */;
/*!40103 SET @OLD_TIME_ZONE=@@TIME_ZONE */;
/*!40103 SET TIME_ZONE='+00:00' */;
/*!40014 SET @OLD_UNIQUE_CHECKS=@@UNIQUE_CHECKS, UNIQUE_CHECKS=0 */;
/*!40014 SET @OLD_FOREIGN_KEY_CHECKS=@@FOREIGN_KEY_CHECKS, FOREIGN_KEY_CHECKS=0 */;
/*!40101 SET @OLD_SQL_MODE=@@SQL_MODE, SQL_MODE='NO_AUTO_VALUE_ON_ZERO' */;
/*!40111 SET @OLD_SQL_NOTES=@@SQL_NOTES, SQL_NOTES=0 */;

--
-- Table structure for table `departamentos`
--

DROP TABLE IF EXISTS `departamentos`;
/*!40101 SET @saved_cs_client     = @@character_set_client */;
/*!40101 SET character_set_client = utf8 */;
CREATE TABLE `departamentos` (
  `id` int(11) NOT NULL,
  `nombre` varchar(50) DEFAULT NULL,
  `provincia_id` int(11) DEFAULT NULL,
  PRIMARY KEY (`id`)
) ENGINE=InnoDB DEFAULT CHARSET=latin1;
/*!40101 SET character_set_client = @saved_cs_client */;

--
-- Dumping data for table `departamentos`
--

LOCK TABLES `departamentos` WRITE;
/*!40000 ALTER TABLE `departamentos` DISABLE KEYS */;
INSERT INTO `departamentos` (`id`, `nombre`, `provincia_id`) VALUES (1,'AZUL',1),(2,'PUAN',1),(3,'LA MATANZA',1),(4,'TIGRE',1),(5,'25 DE MAYO',1),(6,'TRENQUE LAUQUEN',1),(7,'9 DE JULIO',1),(8,'LANUS',1),(9,'LA PLATA',1),(10,'MONTE',1),(11,'PEHUAJO',1),(12,'SAN ISIDRO',1),(13,'PERGAMINO',1),(14,'ALBERTI',1),(15,'CHASCOMUS',1),(16,'ESTEBAN ECHEVERRIA',1),(17,'MERCEDES',1),(18,'BAHIA BLANCA',1),(19,'MERLO',1),(20,'JUNIN',1),(21,'GUAMINI',1),(22,'LUJAN',1),(23,'LEANDRO N.ALEM',1),(24,'MATANZA',1),(25,'GENERAL PAZ',1),(26,'SAN VICENTE',1),(27,'CAÑUELAS',1),(28,'ALMIRANTE BROWN',1),(29,'CNL.DE MARINA  L.ROSALES',1),(30,'BARADERO',1),(31,'SAAVEDRA',1),(32,'BRANDSEN',1),(33,'GENERAL SARMIENTO',1),(34,'TAPALQUE',1),(35,'SALADILLO',1),(36,'MAGDALENA',1),(37,'GONZALES CHAVES',1),(38,'GENERAL PINTO',1),(39,'NAVARRO',1),(40,'DAIREAUX',1),(41,'LOBOS',1),(42,'CORONEL DORREGO',1),(43,'ADOLFO ALSINA',1),(44,'COLON',1),(45,'GENERAL ARENALES',1),(46,'LINCOLN',1),(47,'VILLARINO',1),(48,'VICENTE LOPEZ',1),(49,'BARTOLOME MITRE',1),(50,'EXALTACION DE LA CRUZ',1),(51,'SALTO',1),(52,'BRAGADO',1),(53,'ZARATE',1),(54,'AVELLANEDA',1),(55,'AYACUCHO',1),(56,'SAN ANDRES DE GILES',1),(57,'TANDIL',1),(58,'RIVADAVIA',1),(59,'PATAGONES',1),(60,'GRL.VIAMONTE',1),(61,'CNL.DE MARINA LEONARDO ROSALES',1),(62,'BALCARCE',1),(63,'TRES ARROYOS',1),(64,'GENERAL VILLEGAS',1),(65,'LOMAS DE ZAMORA',1),(66,'BERISSO',1),(67,'JUAREZ',1),(68,'GRL.PUEYRREDON',1),(69,'CORONEL SUAREZ',1),(70,'ESCOBAR',1),(71,'CARLOS CASARES',1),(72,'CHIVILCOY',1),(73,'BERAZATEGUI',1),(74,'QUILMES',1),(75,'TORQUINST',1),(76,'3 DE FEBRERO',1),(77,'OLAVARRIA',1),(78,'PELLEGRINI',1),(79,'GENERAL BELGANO',1),(80,'FLORENCIO VARELA',1),(81,'SALLIQUELO',1),(82,'CNL.DE MARINA L.ROSALES',1),(83,'MAR CHIQUITA',1),(84,'GENERAL PUEYRREDON',1),(85,'CAMPANA',1),(86,'GRL.SARMIENTO',1),(87,'ROJAS',1),(88,'SARMIENTO',1),(89,'CARMEN DE ARECO',1),(90,'PILA',1),(91,'TRES DE FEBRERO',1),(92,'MORON',1),(93,'CASTELLI',1),(94,'CHACABUCO',1),(95,'GENERAL VIAMONTE',1),(96,'RAUCH',1),(97,'GENERAL BELGRANO',1),(98,'TORNQUIST',1),(99,'NECOCHEA',1),(100,'MARCOS PAZ',1),(101,'CARLOS TEJEDOR',1),(102,'SAN PEDRO',1),(103,'GENERAL ALVARADO',1),(104,'SAN NICOLAS',1),(105,'HIPOLITO YRIGOYEN',1),(106,'LAS FLORES',1),(107,'CORONEL PRINGLES',1),(108,'GENERAL SAN MARTIN',1),(109,'BENITO JUAREZ',1),(110,'SAN CAYETANO',1),(111,'ADOLFO GONZALES CHAVES',1),(112,'DOLORES',1),(113,'SAN ANTONIO',1),(114,'LOBERIA',1),(115,'RAMALLO',1),(116,'GENERAL ALVEAR',1),(117,'ENSENADA',1),(118,'TORDILLO',1),(119,'GENERAL GUIDO',1),(120,'GENERAL LAS HERAS',1),(121,'GENERAL JUAN MADARIAGA',1),(122,'GENERAL LA MADRID',1),(123,'GENERAL LAVALLE',1),(124,'GENERAL RODRIGUEZ',1),(125,'GENERAL VLLEGAS',1),(126,'ADOLFO GONZALEZ CHAVES',1),(127,'CORONEL DE MARINA L.ROSALES',1),(128,'BOLIVAR',1),(129,'SAN FERNANDO',1),(130,'CAPITAN SARMIENTO',1),(131,'ROQUE PEREZ',1),(132,'MORENO',1),(133,'LAPRIDA',1),(134,'MAIPU',1),(135,'ECHEVERRIA',1),(136,'PILAR',1),(137,'CORONEL DE MARINA L. ROSALES',1),(138,'SUIPACHA',1),(139,'SAN ANTONIO DE ARECO',1),(140,'BARAZATEGUI',1),(141,'ALSINA',1),(142,'LEANDRO N. ELEM',1),(143,'GRL.SAN MARTIN',1),(144,'CORONEL',1),(145,'CAPAYAN',2),(146,'ANDALGALA',2),(147,'EL ALTO',2),(148,'SANTA ROSA',2),(149,'ANCASTI',2),(150,'PACLIN',2),(151,'SANTA MARIA',2),(152,'TINOGASTA',2),(153,'LA PAZ',2),(154,'VALLE VIEJO',2),(155,'ANTOFAGASTA DE LA SIERRA',2),(156,'BELEN',2),(157,'CAPITAL',2),(158,'FRAY MAMERTO ESQUIU',2),(159,'POMAN',2),(160,'AMBATO',2),(161,'INDEPENDENCIA',3),(162,'SAN FERNANDO',3),(163,'PRIMERO DE MAYO',3),(164,'FRAY JUSTO SANTA MARIA DE ORO',3),(165,'SARGENTO CABRAL',3),(166,'GENERAL GUEMES',3),(167,'TAPENAGA',3),(168,'CHACABUCO',3),(169,'LIBERTADOR GRL.SAN MARTIN',3),(170,'25 DE MAYO',3),(171,'12 DE OCTUBRE',3),(172,'COMANDANTE FERNANDEZ',3),(173,'QUITILIPI',3),(174,'MAYOR LUIS J.FONTANA',3),(175,'LIBERTAD',3),(176,'BERMEJO',3),(177,'ALMIRANTE BROWN',3),(178,'MEYOR LUIS J.FONTANA',3),(179,'GENERAL BELGRANO',3),(180,'LIBERTADOR GRL. SAN MARTIN',3),(181,'GENERAL DONOVAN',3),(182,'SAN LORENZO',3),(183,'LEBERTADOR GRL.SAN MARTIN',3),(184,'MAIPU',3),(185,'O\'HIGGINS',3),(186,'9 DE JULIO',3),(187,'LIBERTADOR SAN MARTIN',3),(188,'RIO SENGUERR',4),(189,'MARTIRES',4),(190,'ESCALANTE',4),(191,'GAIMAN',4),(192,'SARMIENTO',4),(193,'CUSHAMEN',4),(194,'FLORENTINO AMEGHINO',4),(195,'PASO DE INDIOS',4),(196,'TELSEN',4),(197,'LANGUIÑEO',4),(198,'GASTRE',4),(199,'FUTALEUFU',4),(200,'TEHUELCHES',4),(201,'RAWSON',4),(202,'BIEDMA',4),(203,'RIO CUARTO',5),(204,'TOTORAL',5),(205,'COLON',5),(206,'MINAS',5),(207,'PUNILLA',5),(208,'JUAREZ CELMAN',5),(209,'MARCOS JUAREZ',5),(210,'SAN JUSTO',5),(211,'TERCERO ARRIBA',5),(212,'RIO SECO',5),(213,'CAPITAL',5),(214,'SANTA MARIA',5),(215,'SAN ALBERTO',5),(216,'UNION',5),(217,'POCHO',5),(218,'CALAMUCHITA',5),(219,'ISCHILIN',5),(220,'GENERAL SAN MARTIN',5),(221,'RIO PRIMERO',5),(222,'CRUZ DEL EJE',5),(223,'GRL.ROCA',5),(224,'GENERAL ROCA',5),(225,'SOBREMONTE',5),(226,'RIO SEGUNDO',5),(227,'TULUMBA',5),(228,'SAN JAVIER',5),(229,'PRESIDENTE ROQUE SAEZ PEÑA',5),(230,'PRESIDENTE ROQUE SAENZ PEÑA',5),(232,'CRUZ DE EJE',5),(233,'CORONEL PRINGLES',5),(234,'RIO TERCERO',5),(235,'CVALAMUCHITA',5),(236,'SAN ROQUE',6),(237,'MONTE CASEROS',6),(238,'GENERAL ALVEAR',6),(239,'CURUZU CUATIA',6),(240,'SAN MARTIN',6),(241,'MERCEDES',6),(242,'SALADAS',6),(243,'ITUZAINGO',6),(244,'BERON DE ASTRADA',6),(245,'BELLA VISTA',6),(246,'SAN LUIS DEL PALMAR',6),(247,'CAPITAL',6),(248,'LAVALLE',6),(249,'PASO DE LOS LIBRES',6),(250,'GOYA',6),(251,'EMPEDRADO',6),(252,'SAUCE',6),(253,'GENERAL PAZ',6),(254,'SANTO TOME',6),(255,'SAN MIGUEL',6),(256,'CONCEPCION',6),(257,'ESQUINA',6),(258,'SAN COSME',6),(259,'ITATI',6),(260,'MBURUCUYA',6),(261,'URUGUAY',7),(262,'NOGOYA',7),(263,'TALA',7),(264,'GUALEGUAY',7),(265,'DIAMANTE',7),(266,'PARANA',7),(267,'GUALEGUAYCHU',7),(268,'COLON',7),(269,'VICTORIA',7),(270,'VILLAGUAY',7),(271,'FELICIANO',7),(272,'CONCORDIA',7),(273,'LA PAZ',7),(274,'FEDERACION',7),(275,'FEDERAL',7),(276,'CASTELLANOS',7),(277,'PILAGAS',8),(278,'PATIÑO',8),(279,'PILCOMAYO',8),(280,'BERMEJO',8),(281,'PIRANE',8),(282,'FORMOSA',8),(283,'MATACOS',8),(284,'RAMON LISTA',8),(285,'PILLAGAS',8),(286,'LAISHI',8),(287,'LEDESMA',9),(288,'COCHINOCA',9),(289,'EL CARMEN',9),(290,'TUMBAYA',9),(291,'CAPITAL',9),(292,'YAVI',9),(293,'HUMAHUACA',9),(294,'RINCONADA',9),(295,'VALLE GRANDE',9),(296,'SUSQUES',9),(297,'SANTA CATALINA',9),(298,'SAN ANTONIO',9),(299,'SANTA BARBARA',9),(300,'SAN PEDRO',9),(301,'TILCARA',9),(302,'LADESMA',9),(303,'HUCAL',10),(304,'REALICO',10),(305,'MARA CO',10),(306,'QUEMUQUEMU',10),(307,'CHICAL CO',10),(308,'GUATRACHE',10),(309,'CAPITAL',10),(310,'CALEUCALEU',10),(311,'TRENEL',10),(312,'UTRACAN',10),(313,'ATREUCO',10),(314,'TOAY',10),(315,'CHAPADLEUFU',10),(316,'CONELO',10),(317,'PUELEN',10),(318,'RANCUL',10),(319,'QUEMU QUEMU',10),(320,'LOVENTUE',10),(321,'CONHELO',10),(322,'CATRILO',10),(323,'CHAPALEUFU',10),(324,'ULTRACAN',10),(325,'CHALILEO',10),(326,'LIHUEL CALEL',10),(327,'MARACO',10),(328,'CALEU CALEU',10),(329,'CURACO',10),(330,'LIMAY MAHUIDA',10),(331,'CASTRO BARROS',11),(332,'GENERAL SAN MARTIN',11),(333,'GENERAL LAVALLE',11),(334,'ARAUCO',11),(335,'GRAL.ANGEL V.PEÑALOZA',11),(336,'SAN BLAS DE LOS SAUCES',11),(337,'INDEPENDENCIA',11),(338,'GENERAL OCAMPO',11),(339,'CHILECITO',11),(340,'FAMATINA',11),(341,'GRL.JUAN FACUNDO QUIROGA',11),(342,'GRL.ANGEL V. PEÑALOZA',11),(343,'GENERAL BELGRANO',11),(344,'GENERAL SARMIENTO',11),(345,'CAPITAL',11),(346,'GDOR. GORDILLO',11),(347,'GENERAL ANGEL VICENTE PEÑALOZA',11),(348,'GOBERNADOR GORDILLO',11),(349,'ROSARIO VERA PEÑALOZA',11),(350,'GRL.SAN MARTIN',11),(351,'GENERAL LA MADRID',11),(352,'GENERAL JUAN FACUNDO QUIROGA',11),(353,'GENERALOCAMPO',11),(354,'SANAGASTA',11),(355,'SAN RAFAEL',12),(356,'LUJAN',12),(357,'MALARGUE',12),(358,'GUAYMALLEN',12),(359,'LAVALLE',12),(360,'JUNIN',12),(361,'TUPUNGATO',12),(362,'RIVADAVIA',12),(363,'MAIPU',12),(364,'GODOY CRUZ',12),(365,'GENERAL ALVEAR',12),(366,'LA PAZ',12),(367,'TUNUYAN',12),(368,'SAN CARLOS',12),(369,'LAS HERAS',12),(370,'LUJAN DE CUYO',12),(371,'SAN MARTIN',12),(372,'SANTA ROSA',12),(373,'CAPITAL',12),(374,'25 DE MAYO',13),(375,'IGUAZU',13),(376,'EL DORADO',13),(377,'LEANDRO N. ALEM',13),(378,'APOSTOLES',13),(379,'CAINGUAS',13),(380,'LEANDRO N.ALEM',13),(381,'CONCEPCION',13),(382,'SAN PEDRO',13),(383,'CANDELARIA',13),(384,'GRL.MANUEL BELGRANO',13),(385,'OBERA',13),(386,'LIBERTADOR GRL.SAN MARTIN',13),(387,'SAN IGNACIO',13),(388,'MONTECARLO',13),(389,'GENERAL MANUEL BELGRANO',13),(390,'LEBERTADOR GRL.SAN MARTIN',13),(391,'EL GUARANI',13),(392,'ELDORADO',13),(393,'CAPITAL',13),(394,'GUARANI',13),(395,'SAN JAVIER',13),(396,'LIBERTADOR GRL. SAN MARTIN',13),(397,'COLLON CURA',14),(398,'ALUMINE',14),(399,'MINAS',14),(400,'AÑELO',14),(401,'CONFLUENCIA',14),(402,'CHOS MALAL',14),(403,'PICUNCHES',14),(404,'NORQUIN',14),(405,'PEHUENCHES',14),(406,'LONCOPUE',14),(407,'HUILICHES',14),(408,'ZAPALA',14),(409,'CATAN LIL',14),(410,'ÑORQUIN',14),(411,'LOS LAGOS',14),(412,'PICUN LEUFU',14),(413,'LACAR',14),(414,'ÑOEQUIN',14),(415,'VALCHETA',15),(416,'25 DE MAYO',15),(417,'EL CUY',15),(418,'ÑORQUINCO',15),(419,'GENERAL ROCA',15),(420,'AVELLANEDA',15),(421,'CONESA',15),(422,'PICHI MAHUIDA',15),(423,'SAN ANTONIO',15),(424,'PILCANIYEU',15),(425,'9 DE JULIO',15),(426,'ADOLFO ALSINA',15),(427,'BARILOCHE',15),(428,'PIHI MAHUIDA',15),(429,'LA VIÑA',16),(430,'SAN MARTIN',16),(431,'ORAN',16),(432,'ANTA',16),(433,'GRAL.JOSE DE SAN MARTIN',16),(434,'GUACHIPAS',16),(435,'ROSARIO DE LA FRONTERA',16),(436,'RIVADAVIA',16),(437,'METAN',16),(438,'SAN CARLOS',16),(439,'GRL.GUEMES',16),(440,'CACHI',16),(441,'ROSARIO DE LERMA',16),(442,'CAFAYATE',16),(443,'LOS ANDES',16),(444,'GRL.JOSE DE SAN MARTIN',16),(445,'CAPITAL',16),(446,'GRL.SAN MARTIN',16),(447,'GENERAL GUEMES',16),(448,'CERRILLOS',16),(449,'CHICOANA',16),(450,'LA POMA',16),(451,'LA CAPITAL',16),(452,'CANDELARIA',16),(453,'ROSARIO',16),(454,'IRUYA',16),(455,'LA CALDERA',16),(456,'LOA ANDES',16),(457,'MOLINOS',16),(458,'SANTA VICTORIA',16),(459,'9 DE JULIO',17),(460,'JACHAL',17),(461,'ALBARDON',17),(462,'25 DE MAYO',17),(463,'SANTA LUCIA',17),(464,'ANGACO',17),(465,'IGLESIA',17),(466,'VALLE FERTIL',17),(467,'CALINGASTA',17),(468,'RIVADAVIA',17),(469,'CAUCETE',17),(470,'SARMIENTO',17),(471,'POCITO',17),(472,'SAN MARTIN',17),(473,'CHIMBAS',17),(474,'IGLESIAS',17),(475,'ULLUN',17),(476,'RAWSON',17),(477,'CAPITAL',17),(478,'ZONDA',17),(479,'BELGRANO',18),(480,'CHACABUCO',18),(481,'LA CAPITAL',18),(482,'GOBERNADOR DUPUY',18),(483,'GRL.PEDERNERA',18),(484,'AYACUCHO',18),(485,'JUNIN',18),(486,'GONERNADOR DUPUY',18),(487,'CORONEL PRINGLES',18),(488,'GENERAL PEDERNERA',18),(489,'GOBERNADOR DUVAL',18),(490,'IGLESIA',18),(491,'LIBERTADOR GRL. SAN MARTIN',18),(492,'LIBERTADOR GRL.SAN MARTIN',18),(493,'LIBERTADOR GR.SAN MARTIN',18),(494,'CAUCETE',18),(495,'GUER AIKE',19),(496,'DESEADO',19),(497,'RIO CHICO',19),(498,'MAGALLANES',19),(499,'LAGO ARGENTINO',19),(500,'CORPEN AIKE',19),(501,'LAGO BUENOS AIRES',19),(502,'GENERAL LOPEZ',20),(503,'ROSARIO',20),(504,'GENERAL OBLIGADO',20),(505,'CONSTITUCION',20),(506,'SAN LORENZO',20),(507,'SAN JAVIER',20),(508,'LA CAPITAL',20),(509,'SAN CRISTOBAL',20),(510,'IRIONDO',20),(511,'CASTELLANOS',20),(512,'NUEVE DE JULIO',20),(513,'CASEROS',20),(514,'SAN JERONIMO',20),(515,'BELGRANO',20),(516,'CAPITAL',20),(517,'SAN JUSTO',20),(518,'GRL.OBLIGADO',20),(519,'LA CAPUTAL',20),(520,'GRL.LOPEZ',20),(521,'VERA',20),(522,'9 DE JULIO',20),(523,'SAN MARTIN',20),(524,'LAS COLONIAS',20),(525,'GARAY',20),(526,'CASTELANOS',20),(527,'LAS COLINAS',20),(528,'BANDA',21),(529,'MORENO',21),(530,'ALBERDI',21),(531,'PELLEGRINI',21),(532,'OJO DE AGUA',21),(533,'RIO HONDO',21),(534,'GENERAL TABOADA',21),(535,'CHOYA',21),(536,'CAPITAL',21),(537,'AGUIRRE',21),(538,'SILIPICA',21),(539,'BELGRANO',21),(540,'FIGUEROA',21),(541,'SALAVINA',21),(542,'QUEBRACHOS',21),(543,'ROBLES',21),(544,'AVELLANEDA',21),(545,'JIMENEZ',21),(546,'ATAMISQUI',21),(547,'SAN MARTIN',21),(548,'MATARA',21),(549,'SALAYINA',21),(550,'GUASAYAN',21),(551,'COPO',21),(552,'BRIGADIER JUAN FELIPE IBARRA',21),(553,'DOBLES',21),(554,'SARMIENTO',21),(555,'LORETO',21),(556,'MITRE',21),(557,'RIVADAVIA',21),(558,'USHUAIA',22),(559,'ISLAS DEL ATLANTICO SUR',22),(560,'SECTOR ANTARTICO ARGENTINO',22),(561,'RIO GRANDE',22),(562,'IS.DEL ATLANTICO SUR E IS.MALVINAS',22),(563,'ANTARTIDA ARGENTINA',22),(564,'BURRUYACU',23),(565,'TRANCAS',23),(566,'MONTEROS',23),(567,'LEALES',23),(568,'CRUZ ALTA',23),(569,'RIO CHICO',23),(570,'CHICLIGASTA',23),(571,'TAFI',23),(572,'GRANEROS',23),(573,'FAMAILLA',23),(574,'CAPITAL',23);
/*!40000 ALTER TABLE `departamentos` ENABLE KEYS */;
UNLOCK TABLES;

--
-- Table structure for table `localidades`
--

DROP TABLE IF EXISTS `localidades`;
/*!40101 SET @saved_cs_client     = @@character_set_client */;
/*!40101 SET character_set_client = utf8 */;
CREATE TABLE `localidades` (
  `id` int(11) NOT NULL,
  `nombre` varchar(50) NOT NULL,
  `departamento_id` int(11) DEFAULT NULL,
  PRIMARY KEY (`id`)
) ENGINE=InnoDB DEFAULT CHARSET=latin1;
/*!40101 SET character_set_client = @saved_cs_client */;

--
-- Dumping data for table `localidades`
--

LOCK TABLES `localidades` WRITE;
/*!40000 ALTER TABLE `localidades` DISABLE KEYS */;
INSERT INTO `localidades` (`id`, `nombre`, `departamento_id`) VALUES (1,'16 DE JULIO',1),(2,'17 DE AGOSTO',2),(3,'20 DE JUNIO',3),(4,'20 DE JUNIO ,AP.',4),(5,'25 DE MAYO',5),(6,'30 DE AGOSTO',6),(7,'9 DE JULIO',7),(8,'A.A.FERNANDEZ ,AP.',8),(9,'A.F.ORMA ,PDA.',9),(10,'ABASTO',9),(11,'ABBOT',10),(12,'ABEL',11),(13,'ACASSUSO',12),(14,'ACEVEDO',13),(15,'ACHUPALLAS',14),(16,'ADELA',15),(17,'AEROPUERTO EZEIZA',16),(18,'AGOTE',17),(19,'AGUARA ,EST.',18),(20,'AGUSTIN FERRARI ,PDA.',19),(21,'AGUSTIN ROCA',20),(22,'AGUSTINA',20),(23,'ALAGON',11),(24,'ALAMOS',21),(25,'ALASTUEY',22),(26,'ALBARIÑO',11),(27,'ALBERDI VIEJO',23),(28,'ALBERTI ,EST. ANDRES VACCAREZZA',14),(29,'ALDEA ROMANA',18),(30,'ALDO BONZI',24),(31,'ALEGRE',25),(32,'ALEJANDRO KORN',26),(33,'ALEJANDRO PETION ,AP.',27),(34,'ALFEREZ SAN MARTIN',18),(35,'ALFREDO DEMARCHI ,EST. QUIROGA',7),(36,'ALMIRANTE BROWN ,EST. ADROGUE',28),(37,'ALMIRANTE SOLIER',29),(38,'ALSINA',30),(39,'ALTA VISTA',31),(40,'ALTAMIRA',17),(41,'ALTAMIRANO',32),(42,'ALTIMPERGHER ,AP.',33),(43,'ALTONA',34),(44,'ALVAREZ DE TOLEDO',35),(45,'ALVAREZ JONTE',36),(46,'ALZAGA',37),(47,'AMALIA',7),(48,'AMEGHINO',38),(49,'ANASAGASTI',39),(50,'ANCON ,EST.',11),(51,'ANDAT',40),(52,'ANDERSON',5),(53,'ANGEL ECHEVERRY',9),(54,'ANTONIO CARBONI',41),(55,'APARICIO',42),(56,'ARANA',9),(57,'ARANO',43),(58,'ARAUJO',5),(59,'ARBOLEDAS',40),(60,'ARBOLITO',44),(61,'ARENALES ,EST.',45),(62,'ARENAZA',46),(63,'ARGERICH',47),(64,'ARIEL',1),(65,'ARISTOBULO DEL VALLE ,EST.',48),(66,'ARRECIFES',49),(67,'ARRIBEÑOS',45),(68,'ARROYO CORTO',31),(69,'ARROYO DE LA CRUZ',50),(70,'ARROYO DE LOS HUESOS',1),(71,'ARROYO DEL MEDIO',13),(72,'ARROYO DULCE',51),(73,'ARROYO VENADO',21),(74,'ARTURO SEGUI',9),(75,'ARTURO VATTEONE ,EST',43),(76,'ASAMBLEA',52),(77,'ASCENSION',45),(78,'ASTURIAS',11),(79,'ATALAYA',36),(80,'ATILIO PESSAGNO',15),(81,'ATUCHA',53),(82,'AVELLANEDA',54),(83,'AVESTRUZ',43),(84,'AYACUCHO',55),(85,'AZCUENAGA',56),(86,'AZOPARDO',2),(87,'AZUCENA',57),(88,'AZUL',1),(89,'BACACAY',7),(90,'BACCAR',12),(91,'BADANO',58),(92,'BAHIA BLANCA',18),(93,'BAHIA SAN BLAS',59),(94,'BAIGORRITA',60),(95,'BAJO HONDO',61),(96,'BALCARCE',62),(97,'BALNEARIO ORENSE',63),(98,'BALNEARIO ORIENTE',42),(99,'BALNEARIO PEHUEN-CO',61),(100,'BALSA',46),(101,'BANCALARI ,AP.',4),(102,'BANDERALO',64),(103,'BANFIELD',65),(104,'BARADERO',30),(105,'BARISSO',66),(106,'BARKER',67),(107,'BARRIO COLONIA ALEGRE',68),(108,'BARRIO EL RETAZO',68),(109,'BARRIO SAN PATRICIO',68),(110,'BARROW',63),(111,'BARTOLOME BAVIO',36),(112,'BARTOLOME MITRE ,EST.',48),(113,'BATAN',68),(114,'BATHURST',69),(115,'BAUDRIX',14),(116,'BAYAUCA',46),(117,'BELEN DE ESCOBAR',70),(118,'BELLA VISTA ,EST.TTE.GRL.RICCHIERI',33),(119,'BELLOCO',71),(120,'BENAVIDEZ',4),(121,'BENITEZ',72),(122,'BERAZATEGUI',73),(123,'BERDIER',51),(124,'BERMUDEZ',46),(125,'BERNAL',74),(126,'BERRAONDO',75),(127,'BERUTTI',6),(128,'BILLINGHURST',76),(129,'BLANCA GRANDE',77),(130,'BLANDENGUES',20),(131,'BLAQUIER',38),(132,'BLAS DURAÑONA',5),(133,'BOCA DEL TORO',4),(134,'BOCAYUVA',78),(135,'BONNEMENT ,AP.',79),(136,'BORDENAVE',2),(137,'BORDEU',18),(138,'BORGES ,EST.',48),(139,'BOSCH',62),(140,'BOSQUES',80),(141,'BOULOGNE',12),(142,'BRAGADO',52),(143,'BRANDSEN ,EST.CNL.BRANDSEN',32),(144,'BUCHANAN',9),(145,'BURZACO',28),(146,'CABILDO',18),(147,'CACHARI',1),(148,'CADRET',71),(149,'CAIOMUTA',81),(150,'CALDERON',82),(151,'CALFUCURA',83),(152,'CALVO',42),(153,'CAMBACERES',7),(154,'CAMET',84),(155,'CAMPANA',85),(156,'CAMPO DE MAYO',86),(157,'CAMPODONICO',1),(158,'CAN, ROBERTO',87),(159,'CAÑADA MARIANO ,AP.',43),(160,'CAÑADA SECA',64),(161,'CANAL SAN FERNANDO ,EST.',4),(162,'CANGALLO',55),(163,'CANNING',16),(164,'CANONIGO GORRITI',43),(165,'CAÑUELAS',27),(166,'CAPILLA DEL SEÑOR ,EST.CAPILLA',50),(167,'CAPITAN CASTRO',11),(168,'CAPITAN SARMIENTO',88),(169,'CARABELAS',87),(170,'CARAPACHAY',48),(171,'CARBONI, ANTONIO',41),(172,'CARDENAL CAGLIERO',59),(173,'CARHUE',43),(174,'CARMEN DE ARECO',89),(175,'CASALINS',90),(176,'CASANOVA, ISIDRO',3),(177,'CASARES, CARLOS',71),(178,'CASARES, VICENTE',27),(179,'CASAS, JOSE B.',59),(180,'CASBAS',21),(181,'CASCADA',69),(182,'CASCALLARES, MICAELA',63),(183,'CASEROS',91),(184,'CASEY',21),(185,'CASTELAR',92),(186,'CASTELLI',93),(187,'CASTILLA',94),(188,'CASTILLO, RAFAEL',3),(189,'CAZON',35),(190,'CENTRO AGRICOLA EL PATO ,AP.',73),(191,'CERRITO',58),(192,'CHACABUCO',94),(193,'CHANCAY',95),(194,'CHAPADMALAL',84),(195,'CHAPALEUFU',96),(196,'CHAS',97),(197,'CHASCOMUS',15),(198,'CHASICO',98),(199,'CHENAUT',50),(200,'CHICLANA',11),(201,'CHILLAR',1),(202,'CHIVILCOY',72),(203,'CHOIQUE',98),(204,'CIRCUNVALACION ,EST.',9),(205,'CITY BELL',9),(206,'CIUDAD GRL.MARTIN MIGUEL DE GUEMES',3),(207,'CIUDADELA',91),(208,'CLARAZ',99),(209,'CLAROMECO',63),(210,'CLAYPOLE',28),(211,'COBO',83),(212,'COBO, MANUEL J.,EST.LEZAMA',15),(213,'COCHRANE',18),(214,'COLIQUEO',94),(215,'COLMAN, MARTIN',96),(216,'COLON',44),(217,'COLONIA HOGAR RICARDO GUTIERREZ',100),(218,'COLONIA SAN MIGUEL ARCANGEL',43),(219,'COLONIA SERE',101),(220,'COLONIA VELAZ',102),(221,'COMANDANTE GIRIBONE',15),(222,'COMANDANTE NICANOR OTAMENDI',103),(223,'COMODORO PY',52),(224,'CONESA',104),(225,'COPETONAS',63),(226,'CORACEROS ,EST.',105),(227,'CORAZZI',6),(228,'CORBETT',7),(229,'CORONADO, MARTIN',91),(230,'CORONEL BOERR',106),(231,'CORONEL BRANDSEN',32),(232,'CORONEL CHARLONE',64),(233,'CORONEL DORREGO',42),(234,'CORONEL FALCON',107),(235,'CORONEL GRANADA',38),(236,'CORONEL MARCELINO FRYRE',40),(237,'CORONEL MARTINEZ DE HOZ',46),(238,'CORONEL MARTINIANO CHILAVERT ,PDA.',108),(239,'CORONEL MOM',14),(240,'CORONEL PRINGLES ,EST.PRINGLES',107),(241,'CORONEL RODOLFO BUNGE',109),(242,'CORONEL SUAREZ',69),(243,'CORONEL VIDAL',83),(244,'CORREAS, IGNACIO',9),(245,'CORTI',18),(246,'COSTA, EDUARDO',38),(247,'COVELLO',34),(248,'CRISTIANO MUERTO',110),(249,'CROTO',34),(250,'CURA MALAL',69),(251,'CURARU',101),(252,'D ORBIGNY',69),(253,'DAIREAUX',40),(254,'DARREGUEIRA',2),(255,'DE BARY',78),(256,'DE ELIA, AGUSTIN ,AP.',3),(257,'DE LA CANAL',57),(258,'DE LA GARMA',111),(259,'DE LA PLAZA, VICTORINO',21),(260,'DE LA RIESTRA, NORBERTO',5),(261,'DE LUCA, ESTEBAN',101),(262,'DE VICTORIA, FRANCISCO',6),(263,'DEFFERRARI',110),(264,'DEL CARRIL',35),(265,'DEL VALLE',5),(266,'DEL VALLE,ARISTOBULO ,EST.',48),(267,'DEL VISO',33),(268,'DELTA ,EST.',4),(269,'DENNEHY',7),(270,'DESCALZI, NICOLAS',42),(271,'DIQUE LUJAN',4),(272,'DOCTOR DOMINGO HAROSTEGUY',106),(273,'DOCTOR RICARDO LEVENE ,EST.',73),(274,'DOLORES',112),(275,'DOMSELAAR',26),(276,'DON BOSCO',74),(277,'DON CIPRIANO',15),(278,'DON TORCUATO',4),(279,'DOS HERMANOS',38),(280,'DOYLE',102),(281,'DRABBLE',64),(282,'DRYSDALE',101),(283,'DUCOS',31),(284,'DUDIGNAC',7),(285,'DUFAUR',31),(286,'DUGGAN',113),(287,'DUHAU',6),(288,'DURAÑONA',77),(289,'DUSSAUD ,EST.',38),(290,'EGAÑA',96),(291,'EL ARBOLITO',44),(292,'EL DIA',64),(293,'EL DIVISORIO',107),(294,'EL DORADO',23),(295,'EL LENGUARAZ',114),(296,'EL MORO',114),(297,'EL PALOMAR',92),(298,'EL PARAISO',115),(299,'EL PENSAMIENTO',107),(300,'EL PEREGRINO',38),(301,'EL TALAR',4),(302,'EL TEJAR',7),(303,'EL TRIGO',106),(304,'EL TRIUNFO',46),(305,'EL ZORRO',42),(306,'ELIZALDE, RUFINO DE',9),(307,'ELORDI',64),(308,'ELVIRA',41),(309,'EMMA',116),(310,'ENCINA',101),(311,'ENERGIA',99),(312,'ENSENADA',117),(313,'EPUMER ,EST.YUTUYACO',43),(314,'ESCALADA',53),(315,'ESCALADA, REMEDIOS DE',8),(316,'ESCOBAR, BELEN DE ,EST.ESCOBAR',70),(317,'ESCRIBANO, PEDRO N.',15),(318,'ESPARTILLAR',31),(319,'ESPIGAS',77),(320,'ESPORA',56),(321,'ESQUINA NEGRA',9),(322,'ESTELA',2),(323,'ESTHER',35),(324,'ESTOMBA',75),(325,'ESTRUGAMOU',106),(326,'ETCHEVERRY, ANGEL',9),(327,'EZEIZA, JOSE MARIA',16),(328,'EZPELETA',74),(329,'FAIR',55),(330,'FARO',42),(331,'FAUZON',7),(332,'FERNANDEZ, A.A.,PDA.',8),(333,'FERNANDEZ, JUAN N.',99),(334,'FERRARI, AGUSTIN ,PDA.',19),(335,'FERRARI, JOSE',36),(336,'FERRE',45),(337,'FIORITO',65),(338,'FLORENCIO VARELA',80),(339,'FLORIDA',48),(340,'FLORIDA',48),(341,'FORTABAT, ALFREDO ,EST.',109),(342,'FORTIN ACHA',23),(343,'FORTIN OLAVARRIA',58),(344,'FORTIN TIBURCIO',20),(345,'FORTIN VIGILANCIA',46),(346,'FRENCH',7),(347,'FULTON',57),(348,'GAHAN',51),(349,'GAMBIER ,EST.',9),(350,'GAMEN, PEDRO',11),(351,'GANDARA',15),(352,'GARCIA DEL RIO',75),(353,'GARCIA, MANUEL J.',17),(354,'GARDEY',57),(355,'GARIN',70),(356,'GARRE',21),(357,'GASCON, ESTEBAN AGUSTIN',43),(358,'GENERAL ALVEAR',116),(359,'GENERAL ARENALES ,EST.ARENALES',45),(360,'GENERAL BELGRANO',97),(361,'GENERAL CONESA',118),(362,'GENERAL DANIEL CERRI ,EST.GRL.CERRI',18),(363,'GENERAL GUIDO',119),(364,'GENERAL HORNOS',120),(365,'GENERAL JUAN MADARIAGA ,EST.G.MADARIAGA',121),(366,'GENERAL LA MADRID',122),(367,'GENERAL LAS HERAS ,EST.LAS HERAS',120),(368,'GENERAL LAVALLE',123),(369,'GENERAL MANSILLA ,EST.BARTOLOME BAVIO',36),(370,'GENERAL O\'BRIEN',52),(371,'GENERAL PACHECO',4),(372,'GENERAL PINTO',38),(373,'GENERAL PIRAN',83),(374,'GENERAL RODRIGUEZ',124),(375,'GENERAL ROJO',104),(376,'GENERAL RONDEAU',2),(377,'GENERAL SAN MARTIN ,EST.SAN MARTIN',108),(378,'GENERAL VIAMONTE ,EST.LOS TOLDOS',95),(379,'GENERAL VILLEGAS',64),(380,'GERLI',54),(381,'GERMANIA ,EST.MAYOR ORELLANO',38),(382,'GIL',42),(383,'GIRODIAS',6),(384,'GIRONDO',11),(385,'GLEW',28),(386,'GNECCO',11),(387,'GOBERNADOR ARIAS',71),(388,'GOBERNADOR CASTRO',102),(389,'GOBERNADOR EDUARDO ARANA ,AP.',9),(390,'GOBERNADOR LUIS GARCIA ,AP.',9),(391,'GOBERNADOR MONTEVERDE',80),(392,'GOBERNADOR UDAONDO',27),(393,'GOBERNADOR UGARTE',5),(394,'GOMEZ, VALENTIN',58),(395,'GONDRA',125),(396,'GONNET, MANUEL B.',9),(397,'GONZALEZ CATAN',3),(398,'GONZALEZ CHAVES, ADOLFO ,EST.G.CHAVES',126),(399,'GONZALEZ MORENO',58),(400,'GORCHS',97),(401,'GORINA, JOAQUIN',9),(402,'GOROSTIAGA',72),(403,'GOUIN',89),(404,'GOYENA',31),(405,'GOYENECHE',10),(406,'GRACIARENA',81),(407,'GRAND BOURG',33),(408,'GRAVIÑA, RICARDO',109),(409,'GRUNBEIN',18),(410,'GRUNBEIN ,EST.EMP.',127),(411,'GUAMINI',21),(412,'GUANACO',11),(413,'GUERNICA',26),(414,'GUERRERO',93),(415,'GUERRICO',13),(416,'GUILLON, LUIS',16),(417,'GUISASOLA,JOSE A.',42),(418,'GUNTHER',38),(419,'GUTIERREZ, JUAN M.',73),(420,'HAEDO',92),(421,'HALE',128),(422,'HEAVY',56),(423,'HENDERSON',105),(424,'HEREFORD',101),(425,'HERNANDEZ, JOSE',9),(426,'HERRERA VEGAS',105),(427,'HINOJO',77),(428,'HIRSCH, MAURICIO',71),(429,'HORTENSIA',71),(430,'HUANGUELEN',69),(431,'HUDSON, GUILLERMO E.',73),(432,'HUERGO,DELFIN',43),(433,'HUETEL',5),(434,'HUNTER',87),(435,'HURLINGHAM',92),(436,'HUSARES',101),(437,'IBAÑEZ',97),(438,'IBARRA,JUAN F.',128),(439,'IGARZABAL',59),(440,'INDART, INES',51),(441,'INDIO RICO',107),(442,'INGENIERO ANDRES VILLANUEVA ,AP.',9),(443,'INGENIERO BALBIN',38),(444,'INGENIERO BEAUGEY',101),(445,'INGENIERO BUNGE',65),(446,'INGENIERO JUAN ALLAN',80),(447,'INGENIERO MASCHWITZ',70),(448,'INGENIERO MONETA',102),(449,'INGENIERO PABLO NOGUES',33),(450,'INGENIERO SANTIAGO BRIAN ,AP.',3),(451,'INGENIERO THOMPSON',78),(452,'INGENIERO WIHTE',18),(453,'INGENIERO WILLIAMS',39),(454,'INVERNADAS',121),(455,'IRALA',52),(456,'IRAOLA',57),(457,'IRENE',42),(458,'IRIARTE',38),(459,'ISLAS',5),(460,'ITURREGUI',77),(461,'ITUZAINGO',92),(462,'JEPPENER',32),(463,'JOFRE, TOMAS',17),(464,'JUANCHO',121),(465,'JUAREZ, BENITO ,EST.JUAREZ',109),(466,'JUNIN',20),(467,'JUSTO VILLEGAS ,PDA.',3),(468,'JUSTO, JUAN B. ,PDA.',48),(469,'KILOMERO 8 ,AP.',18),(470,'KILOMETRO 12 ,AP.',3),(471,'KILOMETRO 17 ,PDA.',129),(472,'KILOMETRO 19 ,AP.',92),(473,'KILOMETRO 27 ,AP.',80),(474,'KILOMETRO 34 ,AP.',65),(475,'KILOMETRO 36 ,AP.',80),(476,'KILOMETRO 40 ,AP.',80),(477,'KILOMETRO 40 ,AP.',4),(478,'KILOMETRO 45 ,AP.',100),(479,'KILOMETRO 48 ,AP.',70),(480,'KILOMETRO 53 ,AP.',100),(481,'KILOMETRO 54 ,PDA.',117),(482,'KILOMETRO 55 ,AP.',100),(483,'KILOMETRO 641 ,PDA.',127),(484,'KILOMETRO 9 ,AP.',18),(485,'KORN, ALEJANDRO',26),(486,'KRABBE',107),(487,'LA ANGELITA',45),(488,'LA BARRANCOSA',35),(489,'LA BEBA',87),(490,'LA CARRETA',6),(491,'LA COLINA',122),(492,'LA CONSTANCIA ,AP.KILOMETRO 360',55),(493,'LA COPETA ,EST.',40),(494,'LA CUMBRE ,PDA.',9),(495,'LA DELFINA',95),(496,'LA DORITA',71),(497,'LA EMILIA',104),(498,'LA INVENCIBLE',51),(499,'LA LARGA',40),(500,'LA LIMPIA',52),(501,'LA LUCILA',48),(502,'LA LUCILA DEL MAR',123),(503,'LA LUISA',130),(504,'LA MANUELA',40),(505,'LA MASCOTA ,EST.MASCOTA',47),(506,'LA NEGRA',99),(507,'LA NEVADA',21),(508,'LA NIÑA',7),(509,'LA NORIA',27),(510,'LA ORIENTAL',20),(511,'LA PALA',43),(512,'LA PASTORA',57),(513,'LA PLATA',9),(514,'LA PORTEÑA',6),(515,'LA PRIMAVERA',69),(516,'LA PROVIDENCIA',77),(517,'LA REFORMA',131),(518,'LA REJA',132),(519,'LA RICA',72),(520,'LA SALADA',3),(521,'LA SOFIA',71),(522,'LA SORTIJA',63),(523,'LA VIOLETA',13),(524,'LA VITICOLA',18),(525,'LA ZANJA',6),(526,'LABARDEN',119),(527,'LAFERRERE',3),(528,'LAGO EPECUEN',43),(529,'LAGUNA ALSINA ,EST.BONIFACIO',21),(530,'LAMARCA, EMILIO',59),(531,'LANGUEYU',55),(532,'LANUS',8),(533,'LAPLACETE',20),(534,'LAPRIDA',133),(535,'LARRE, SANTIAGO',131),(536,'LARTIGAU',107),(537,'LAS ARMAS',134),(538,'LAS BARRANCAS',12),(539,'LAS CHACRAS',41),(540,'LAS FLORES',106),(541,'LAS HERMANAS',133),(542,'LAS MALVINAS',124),(543,'LAS MARIANAS',39),(544,'LAS NUTRIAS',114),(545,'LAS PALMAS',53),(546,'LAS PARVAS',20),(547,'LAS TOSCAS',46),(548,'LAS VAQUERIAS',63),(549,'LASALLE, PEDRO P.',111),(550,'LASTRA',122),(551,'LAVALLE, ENRIQUE',40),(552,'LAVALLOL',65),(553,'LAZZARINO',1),(554,'LERTORA',6),(555,'LEUBUCO',43),(556,'LEVALLE, NICOLAS',47),(557,'LIBANO',122),(558,'LIBERTAD',19),(559,'LIBRES DEL SUD',15),(560,'LICENCIADO MATIENZO',114),(561,'LIMA',53),(562,'LIN CALEL',63),(563,'LINCOLN',46),(564,'LLORENTE, GALO',7),(565,'LOBERIA',114),(566,'LOBOS',41),(567,'LOMA NEGRA',77),(568,'LOMA PARAGUAYA ,EST.',18),(569,'LOMA VERDE',25),(570,'LOMAS DE ZAMORA',65),(571,'LONGCHAMPS',28),(572,'LOPEZ',109),(573,'LOPEZ CAMELO ,PDA.',4),(574,'LOPEZ LECUBE',2),(575,'LOPEZ, VICENTE',48),(576,'LOS ANGELES',94),(577,'LOS GAUCHOS ,PDA.',43),(578,'LOS INDIOS',87),(579,'LOS PINOS',62),(580,'LOS POLVORINES',33),(581,'LOUGE',40),(582,'LOURDES',91),(583,'LUJAN',22),(584,'LUMB',110),(585,'LURO',40),(586,'LURO, PEDRO',47),(587,'MACEDO',121),(588,'MACHITA',52),(589,'MADERO, FRANCISCO',11),(590,'MAGDALA',11),(591,'MAGDALENA',36),(592,'MAGNANO, FRANCISCO',6),(593,'MAGUIRRE',13),(594,'MAIPU',134),(595,'MALAVER ,PDA.',108),(596,'MAMAGUITA',5),(597,'MAPIS',77),(598,'MAQUINISTA SAVIO',33),(599,'MAR DE AJO',123),(600,'MAR DEL PLATA',84),(601,'MAR DEL TUYU',123),(602,'MARI LAUQUEN',6),(603,'MARIA IGNACIA ,EST.VEIA',57),(604,'MARIA LUCILA',105),(605,'MARMOL, JOSE',28),(606,'MARTIN FIERRO',1),(607,'MARTINEZ',12),(608,'MARUCHA',101),(609,'MASUREL ,EST.',40),(610,'MATHEU',70),(611,'MAYOR BURATOVICH',47),(612,'MAZA',43),(613,'MECHONGUE',103),(614,'MEDANOS',47),(615,'MEMBRILLAR',94),(616,'MERCEDES',17),(617,'MERLO',19),(618,'MERLO GOMEZ ,AP.',92),(619,'MICHEO, JOSE M.',116),(620,'MIGUELETE ,PDA.',108),(621,'MINISTRO RIVADAVIA',28),(622,'MIRA PAMPA',58),(623,'MIRAMAR',103),(624,'MIRAMONTE',1),(625,'MIRANDA',96),(626,'MITRE, BARTOLOME ,EST.',48),(627,'MOCTEZUMA',71),(628,'MOLINA, CLAUDIO',63),(629,'MONASTERIO',15),(630,'MONES CAZON',11),(631,'MONROE',51),(632,'MONSALVO',134),(633,'MONTE CHINGOLO',8),(634,'MONTE GRANDE',135),(635,'MONTE HERMOSO',42),(636,'MONTE VELOZ',36),(637,'MONTES DE OCA',47),(638,'MOORES',64),(639,'MOQUEHUA',72),(640,'MORENO, MARIANO ,EST.MORENO',132),(641,'MORON',92),(642,'MORRIS, WILIAM C.,PDA.',92),(643,'MORSE',20),(644,'MOSCONI',5),(645,'MOURAS ,EST.',40),(646,'MUÑIZ',33),(647,'MUÑOZ',77),(648,'MUNRO',48),(649,'MURATURE, FRANCISCO',43),(650,'NAHUEL RUCA',83),(651,'NAON, CARLOS M.',7),(652,'NAPALEOFU',62),(653,'NAPOSTA',18),(654,'NAVARRO',39),(655,'NECOCHEA',99),(656,'NECOL',101),(657,'NEILD, RAMON J.',7),(658,'NEWTON',97),(659,'NIEVES',1),(660,'NORUMBEGA',7),(661,'NUEVA PLATA',11),(662,'NUEVA ROMA',98),(663,'NUEVA SUIZA ,EST.',38),(664,'OBLIGADO',102),(665,'OBLIGADO, RAFAEL',87),(666,'OCAMPO, MANUEL',13),(667,'OCHANDIO',110),(668,'O\'HIGGINS',20),(669,'OLASCOAGA',52),(670,'OLAVARRIA',77),(671,'OLIDEN',32),(672,'OLIVERA, NICANOR ,EST.LA DULCE',99),(673,'OLIVOS',48),(674,'OLMOS, LISANDRO ,AP.',9),(675,'OMBU',69),(676,'OMBUCTA',47),(677,'ORDOQUI',71),(678,'ORENSE',63),(679,'ORIENTE',42),(680,'ORMA, ADOLFO F. ,AP.',9),(681,'ORTIZ BASUALDO',13),(682,'ORTIZ DE ROSAS',5),(683,'OSTENDE',121),(684,'OTOÑO ,EST.',69),(685,'PADILLA, MIGUEL MANUEL ,EST.',48),(686,'PARAGUIL',133),(687,'PARDO',106),(688,'PARISH',1),(689,'PARRAVICINI',112),(690,'PASCO ,AP.',65),(691,'PASMAN',69),(692,'PASO DEL REY',132),(693,'PASO MAYOR',127),(694,'PASO, JUAN JOSE',11),(695,'PASTEUR',46),(696,'PATAGONES, CARMEN DE',59),(697,'PATRICIOS',7),(698,'PAYRO, ROBERTO',36),(699,'PAZ, JOSE C.',33),(700,'PAZ, MARCOS',100),(701,'PAZ, MAXIMO',27),(702,'PAZOS KANKI',38),(703,'PEARSON',44),(704,'PEDERNALES',5),(705,'PEHUAJO',11),(706,'PEHUELCHES',78),(707,'PEHUEN-CO',127),(708,'PELICURA',98),(709,'PELLEGRINI',78),(710,'PERALTA',69),(711,'PEREDA, VICENTE',1),(712,'PEREZ MILLAN',115),(713,'PEREZ, ROQUE',131),(714,'PERGAMINO',13),(715,'PESSAGNO, ATILIO',15),(716,'PETION, ALEJANDRO ,PDA.',27),(717,'PICHINCHA',64),(718,'PIEDRA ECHADA',2),(719,'PIEDRITAS',64),(720,'PIERES',114),(721,'PIGUE',31),(722,'PILA',90),(723,'PILAR',136),(724,'PILLAHUINCO',107),(725,'PINAMAR',121),(726,'PIÑERO',33),(727,'PIÑEYRO',69),(728,'PIPINAS',36),(729,'PIROVANO',128),(730,'PLA',14),(731,'PLATANOS',73),(732,'PLAZA MONTERO',106),(733,'POBLET',9),(734,'POLVAREDAS',35),(735,'PONTAUT',122),(736,'PONTEVEDRA',19),(737,'PORTELA, IRINEO',30),(738,'PORVENIR',38),(739,'POURTALE',77),(740,'PRADERE, JUAN A.',59),(741,'PRESIDENTE QUINTANA',14),(742,'PRIMERA JUNTA',6),(743,'PUAN',2),(744,'PUEBLITOS',5),(745,'PUENTE CASCALLARES',132),(746,'PUERTO BELGRANO',127),(747,'PUERTO CUATREROS',18),(748,'PUERTO GALVAN',18),(749,'PUERTO ROSALES',127),(750,'PUNTA ALTA ,EST.ALMIRANTE SOLIER',137),(751,'PUNTA CHICA',129),(752,'PUNTA INDIO',36),(753,'PUNTA LARA',117),(754,'QUENUMA',81),(755,'QUEQUEN',114),(756,'QUERANDI ,EST.',3),(757,'QUERANDIES ,EMP.',77),(758,'QUILCO',122),(759,'QUILMES',74),(760,'QUIÑIHUAL',69),(761,'QUIRNO COSTA',95),(762,'QUIROGA',7),(763,'RAMALLO',115),(764,'RAMOS MEJIA',3),(765,'RAMOS OTERO',62),(766,'RANCAGUA',13),(767,'RANCHOS',25),(768,'RANELAGH',73),(769,'RAUCH',96),(770,'RAULET',122),(771,'RAWSON',94),(772,'REAL AUDIENCIA',90),(773,'RECALDE',77),(774,'RESERVA',107),(775,'RETA',63),(776,'RINGUELET',9),(777,'RIO LUJAN ,EST.',85),(778,'RIO SALADO ,AP.',10),(779,'RIO TALA',102),(780,'RIVADAVIA ,EST.AMERICA',58),(781,'RIVADEO',2),(782,'RIVAS',138),(783,'RIVERA',43),(784,'ROBERTS',46),(785,'ROCA, AGUSTIN',20),(786,'ROCHA',77),(787,'ROJAS',87),(788,'ROLDAN, MARIANO',109),(789,'ROLITO',21),(790,'ROMERO, ELIAS ,EST.',100),(791,'ROMERO, MELCHOR',9),(792,'ROOSEVELT',58),(793,'ROSAS',106),(794,'RUBEN DARIO ,EST.',92),(795,'RUIZ',56),(796,'SAAVEDRA',31),(797,'SAENZ PEÑA',91),(798,'SALADILLO',35),(799,'SALAS, CARLOS',46),(800,'SALAZAR',40),(801,'SALDUNGARAY',98),(802,'SALINERA ,DV.',59),(803,'SALLIQUELO',81),(804,'SALTO',51),(805,'SALVADOR MARIA',41),(806,'SAN AGUSTIN',62),(807,'SAN ANDRES',108),(808,'SAN ANDRES DE GILES ,EST.GILES',56),(809,'SAN ANTONIO DE ARECO',139),(810,'SAN ANTONIO DE PADUA',19),(811,'SAN BERNARDO',123),(812,'SAN BERNARDO',34),(813,'SAN CARLOS DE BOLIVAR ,EST.BOLIVAR',128),(814,'SAN CAYETANO',110),(815,'SAN CLEMENTE DEL TUYU',123),(816,'SAN ELADIO',22),(817,'SAN EMILIO',95),(818,'SAN ENRIQUE',5),(819,'SAN FERMIN',21),(820,'SAN FERNANDO',129),(821,'SAN FRANCISCO DE BELLOCQ',63),(822,'SAN FRANCISCO SOLANO ,PDA.KILOMETRO 26',74),(823,'SAN GERMAN',2),(824,'SAN IGNACIO',55),(825,'SAN ISIDRO',12),(826,'SAN JORGE',133),(827,'SAN JOSE',99),(828,'SAN JOSE',69),(829,'SAN JUSTO',3),(830,'SAN MANUEL',114),(831,'SAN MAURICIO',58),(832,'SAN MAYOL',63),(833,'SAN MIGUEL',33),(834,'SAN MIGUEL ,EST.GENERAL SARMIENTO',33),(835,'SAN MIGUEL DEL MONTE ,EST.MONTE',92),(836,'SAN NICOLAS DE LOS ARROYOS,EST.S.NICOLAS',104),(837,'SAN PATRICIO',94),(838,'SAN PEDRO',102),(839,'SAN ROMAN',42),(840,'SAN VICENTE',26),(841,'SANDRINI ,DV.',127),(842,'SANSINENA',58),(843,'SANTA CATALINA',65),(844,'SANTA COLOMA',30),(845,'SANTA ELENA',133),(846,'SANTA ELEODORA',64),(847,'SANTA INES',101),(848,'SANTA LUCIA',77),(849,'SANTA LUCIA',102),(850,'SANTA MARIA',69),(851,'SANTA REGINA',64),(852,'SANTA REGINA',64),(853,'SANTA TERESITA',123),(854,'SANTAMARINA, RAMON',99),(855,'SANTO DOMINGO',134),(856,'SANTOS AREVALO, JOSE',41),(857,'SANTOS LUGARES',91),(858,'SANTOS UNZUE',7),(859,'SARANDI',54),(860,'SARASA',44),(861,'SATURNO',21),(862,'SEGUI, ARTURO',9),(863,'SEGUROLA',134),(864,'SEVIGNE',112),(865,'SHAW',1),(866,'SIERRA CHICA',77),(867,'SIERRA DE LA VENTANA',98),(868,'SIERRAS BAYAS',77),(869,'SMITH',71),(870,'SOLA, FELIPE',2),(871,'SOLANET',55),(872,'SOSA, INOCENCIO',11),(873,'SOURDEAUX, ADOLFO ,PDA.',33),(874,'SOURIGUES, CARLOS ,AP.',140),(875,'SPANO, GUIDO',87),(876,'SPEGAZZINI, CARLOS',16),(877,'SPURR ,EST.',18),(878,'STEGMANN',107),(879,'STROEDER',59),(880,'SUAREZ, JOSE LEON',108),(881,'SUAREZ, TRISTAN',16),(882,'SUIPACHA',138),(883,'SUNDBLAD',58),(884,'TABLADA',3),(885,'TACUARI',51),(886,'TAMANGUEYU',114),(887,'TANDIL',57),(888,'TAPALQUE',34),(889,'TAPIALES',3),(890,'TATAY',89),(891,'TEJEDOR, CARLOS ,EST.TEJEDOR',101),(892,'TEMPERLEY',65),(893,'TENIENTE CORONEL MIÑANA',77),(894,'TENIENTE ORIGONE',47),(895,'THAMES',43),(896,'TIGRE',4),(897,'TIMOTE',101),(898,'TIMOTE ,EST.',101),(899,'TODD',49),(900,'TOLOSA',9),(901,'TORNQUIST',98),(902,'TORTUGUITAS',33),(903,'TRENQUE LAUQUEN',6),(904,'TRES ALGARROBOS ,EST.CUENCA',101),(905,'TRES ARROYOS',63),(906,'TRES LAGUNAS',43),(907,'TRES LOMAS',78),(908,'TRES PICOS',98),(909,'TRIUNVIRATO',46),(910,'TRONCONI, JUAN',131),(911,'TRONGE',6),(912,'TURDERA',65),(913,'TUYUTI',56),(914,'UBALLES, EUFEMIO',34),(915,'UDAQUIOLA',55),(916,'UNION FERROVIARIA ,PDA.',16),(917,'UNZUE, MARIANO',128),(918,'URDAMPILLETA',128),(919,'URIBURU, TEDIN',109),(920,'VALDES',5),(921,'VALLIMANCA',128),(922,'VARELA, FLORENCIO',80),(923,'VASQUEZ',111),(924,'VATTEONE, ARTURO ,EST.',141),(925,'VEDIA',142),(926,'VELLOSO',34),(927,'VERGARA',36),(928,'VERONICA',36),(929,'VICEALMIRANTE E.MONTES',4),(930,'VICTORIA',129),(931,'VIDELA DORNA, ZENON',10),(932,'VIEYTES',36),(933,'VILELA',106),(934,'VILLA ADELINA',12),(935,'VILLA ANGELICA ,EST,EL SOCORRO',13),(936,'VILLA BALLESTER',143),(937,'VILLA BARILARI',54),(938,'VILLA BOSCH ,PDA.JUAN MARIA BOSCH',91),(939,'VILLA CARAZA',8),(940,'VILLA CASTELAR ,EST.ERIZE',2),(941,'VILLA CRISTOBAL COLON',54),(942,'VILLA DE MAYO',33),(943,'VILLA DIAMANTE',8),(944,'VILLA DOMINICO',54),(945,'VILLA EL CACIQUE',109),(946,'VILLA ELISA',9),(947,'VILLA ESPAÑA',73),(948,'VILLA GARIBALDI',9),(949,'VILLA GENERAL ARIAS ,EST.KILOMETRO 638',127),(950,'VILLA GENERAL SAVIO EST.SANCHEZ',115),(951,'VILLA GESEL',121),(952,'VILLA GIAMBRUNO',73),(953,'VILLA HARDING GREEN',18),(954,'VILLA IRIS',2),(955,'VILLA LUZURIAGA',3),(956,'VILLA LYCH PUEYRREDON',128),(957,'VILLA LYNCH ,EST.CNL.FRANCISCO LYNCH',143),(958,'VILLA MADERO',3),(959,'VILLA MOLL',39),(960,'VILLA NUMANCIA',26),(961,'VILLA OLGA',18),(962,'VILLA PRONSATO ,EST.CORONEL MALDONADO',18),(963,'VILLA SABOYA',64),(964,'VILLA SAUZE',64),(965,'VILLA SENA',58),(966,'VILLA SERRA',18),(967,'VILLALONGA',59),(968,'VILLANUEVA',25),(969,'VILLARS',100),(970,'VIÑA',49),(971,'VIRREYES ,EST.FACUNDO QUIROGA',129),(972,'VIVORATA',83),(973,'VIVORATA',83),(974,'VOLUNTAD',133),(975,'VUCETICH, JUAN ,AP.',33),(976,'WARNES',52),(977,'WILDE',54),(978,'YERBAS',34),(979,'YRAIZOZ',103),(980,'ZAMUDIO ,AP.',100),(981,'ZARATE',53),(982,'ZAVALIA',95),(983,'ZEBALLOS, ESTANISLAO SEVERO ,EST.',80),(984,'ZENTENA ,EST.',69),(985,'ZUBIAURRE',144),(986,'ADOLFO E. CARRANZA',145),(987,'AGUA DE LAS PALOMAS',146),(988,'ALBIGASTA',147),(989,'ALIJILAN',148),(990,'ALTA GRACIA',148),(991,'ALTO DE LA ESQUINA',149),(992,'ALUMBRERA',146),(993,'AMADORES',150),(994,'AMANA',149),(995,'AMANAO',146),(996,'AMPOLLA',148),(997,'ANCASTI',149),(998,'ANDALGALA',146),(999,'ANDALHUALA',151),(1000,'ANDALUCA',152),(1001,'ANJULI',153),(1002,'ANQUINCILA',149),(1003,'ANTAPOCA',154),(1004,'ANTINACO',152),(1005,'ANTOFAGASTA DE LA SIERRA',155),(1006,'AZAMPAY',156),(1007,'BALCOSNA',150),(1008,'BAÑADO DE OVANTA',148),(1009,'BANDA DE VARELA',157),(1010,'BELEN',156),(1011,'BELLA VISTA',147),(1012,'BREA',145),(1013,'CAPAYAN',145),(1014,'CAPILLITAS',146),(1015,'CARA CIENAGA',155),(1016,'CARRANZA, ADOLFO E.',145),(1017,'CASA ARMADA',149),(1018,'CERRO NEGRO',152),(1019,'CHAÑAR LAGUNA',147),(1020,'CHAÑARITOS',153),(1021,'CHAQUIAGO',146),(1022,'CHUMBICHA',145),(1023,'CIENAGUITA ,AP.',152),(1024,'COLLAGASTA',158),(1025,'COLPES',159),(1026,'CONCEPCION',145),(1027,'CONDOR HUASI',156),(1028,'CONETA',145),(1029,'COPACABANA',152),(1030,'CORTADERAS',148),(1031,'CULAMPAJA',156),(1032,'EL ALTO',147),(1033,'EL AYBAL',153),(1034,'EL BAÑADO',145),(1035,'EL BAVIANO',153),(1036,'EL BOLSON',160),(1037,'EL CAJON',151),(1038,'EL DIVISADERO',153),(1039,'EL JUMEAL',153),(1040,'EL MEDANO ,AP.KILOMETRO 99',145),(1041,'EL PAJONAL ,EST.POMAN',159),(1042,'EL PORTEZUELO',154),(1043,'EL PUESTO',152),(1044,'EL RODEO',160),(1045,'EL TACO',149),(1046,'ESQUIU',153),(1047,'FIAMBALA',152),(1048,'FUERTE QUEMADO',151),(1049,'GUAYAMBA',147),(1050,'HUALFIN',156),(1051,'HUAYCAMA',154),(1052,'HUILLAPIMA',145),(1053,'ICAÑO',153),(1054,'ILOGA',147),(1055,'INCAHUASI',155),(1056,'INFANZON',147),(1057,'IPIZCA',149),(1058,'JOYANGO',159),(1059,'KILOMETR0 62 ,EST.',145),(1060,'KILOMETRO 1017',153),(1061,'KILOMETRO 38 ,EMB.',153),(1062,'KILOMETRO 969 ,EMB.',153),(1063,'KILOMETRO 997',153),(1064,'LA AGUADA',157),(1065,'LA BAJADA',150),(1066,'LA CIENAGA',156),(1067,'LA CIENAGA',152),(1068,'LA DORADA',153),(1069,'LA GUARDIA',153),(1070,'LA HOYADA',151),(1071,'LA MAJADA',149),(1072,'LA MERCED',150),(1073,'LA PARADA',153),(1074,'LA PUERTA',160),(1075,'LA PUERTA DE SAN JOSE',156),(1076,'LA PUNTILLA',152),(1077,'LA RAMADITA',152),(1078,'LA VIÑA',150),(1079,'LAS CAÑAS',148),(1080,'LAS CUEVAS',156),(1081,'LAS JUNTAS',160),(1082,'LAS JUNTAS',156),(1083,'LAS MOJARRAS',151),(1084,'LAS PIRQUITAS',158),(1085,'LAS TEJAS',153),(1086,'LONDRES',156),(1087,'LORO HUASI',151),(1088,'LOS MORTEROS',154),(1089,'LOS SUNCHOS',153),(1090,'LOS VARELA',160),(1091,'MANANTIALES',148),(1092,'MARENGO',154),(1093,'MEDANITOS',152),(1094,'MIRAFLORES',145),(1095,'MONTE POTRERO',150),(1096,'MUTQUIN',159),(1097,'NACIMIENTO',152),(1098,'NACIMIENTOS DE ABAJO',156),(1099,'NACIMIENTOS DE ARRIBA',156),(1100,'OJO DE AGUA',147),(1101,'OVEJERIA',151),(1102,'PALO BLANCO',152),(1103,'PALO LABRADO',150),(1104,'PIEDRA LARGA',156),(1105,'POMAN',159),(1106,'POMANCILLO',158),(1107,'PUCARA',146),(1108,'PUERTA DE CORRAL QUEMADO',156),(1109,'PUNTA DE BALASTO',151),(1110,'QUIROS',153),(1111,'RAMBLONES',153),(1112,'RECREO',153),(1113,'RINCON',159),(1114,'RIO CHICO',149),(1115,'RIO COLORADO',152),(1116,'RIO DE LA DORADA',153),(1117,'RODEO GRANDE',146),(1118,'ROSARIO DE COLANA',159),(1119,'SALADO',152),(1120,'SAN ANTONIO',158),(1121,'SAN ANTONIO',150),(1122,'SAN ANTONIO ,EST.SAN A.DE LA PAZ',153),(1123,'SAN FDO.DEL VALLE DE CATAMARCA ,EST.',157),(1124,'SAN FERNANDO',156),(1125,'SAN ISIDRO',154),(1126,'SAN JOSE',153),(1127,'SAN JOSE',158),(1128,'SAN JOSE',152),(1129,'SAN JOSE',151),(1130,'SAN MARTIN',145),(1131,'SAN MIGUEL',153),(1132,'SAN MIGUEL',159),(1133,'SANTA CRUZ',154),(1134,'SANTA LUCIA',153),(1135,'SANTA MARIA',151),(1136,'SANTA ROSA',154),(1137,'SANTA ROSA',152),(1138,'SAUJIL',159),(1139,'SAUJIL',152),(1140,'SIJAN',159),(1141,'SISIHUASI',145),(1142,'SUMALAO',154),(1143,'SUMAMPA',148),(1144,'TALAMAYO',156),(1145,'TAPSO',147),(1146,'TATON',152),(1147,'TELARITOS',145),(1148,'TINOGASTA',152),(1149,'TIPAN',145),(1150,'TORO YACO',151),(1151,'TRES PUENTES',157),(1152,'VILISMAN',147),(1153,'VILLA CUBAS',157),(1154,'VILLA DOLORES',154),(1155,'VILLA GIL',156),(1156,'YERBA BUENA',149),(1157,'YOCAN',150),(1158,'AVIA TERAI',161),(1159,'BARRANQUERAS',162),(1160,'BASAIL',162),(1161,'BENITEZ',163),(1162,'CABEZA DE TIGRE',164),(1163,'CACUI ,EST',162),(1164,'CAMPO LARGO',161),(1165,'CAPITAN SOLARI',165),(1166,'CASTELLI ,EST.COLONIA J.J.CASTELLI',166),(1167,'CHARADAI',167),(1168,'CHARATA',168),(1169,'CHOROTIS',164),(1170,'CIERVO PETISO',169),(1171,'COLONIA AGRICOLA ABORIGEN CHACO',170),(1172,'COLONIA BARANDA',162),(1173,'COLONIA BRAVO',171),(1174,'COLONIA CABEZA DE TIGRE',164),(1175,'COLONIA CERVEZA HELADA',172),(1176,'COLONIA EL PARAISAL',173),(1177,'COLONIA ELISA',165),(1178,'COLONIA ELISA',165),(1179,'COLONIA JOSE MARMOL',161),(1180,'COLONIA JUAN JOSE PASO',174),(1181,'COLONIA LA FLORIDA GRANDE',166),(1182,'COLONIA LA TAMBORA',170),(1183,'COLONIA MARIANO SARRATEA',161),(1184,'COLONIA POPULAR',175),(1185,'COLONIA VELAZ',176),(1186,'COLONIAS UNIDAS',165),(1187,'CONCEPCION DEL BERMEJO',177),(1188,'CORONEL DU GRATY',178),(1189,'CORZUELA',179),(1190,'COTE-LAI',167),(1191,'EL ESPINILLO',166),(1192,'EL PERDIDO',180),(1193,'EL PINTADO',166),(1194,'FONTANA',162),(1195,'FORTIN CARDOSO',175),(1196,'FUERTE ESPERANZA',166),(1197,'GANCEDO',171),(1198,'GENERAL CAPDEVILA',171),(1199,'GENERAL DONOVAN',175),(1200,'GENERAL JOSE DE SAN MARTIN ,EST.ZAPALLAR',169),(1201,'GENERAL OBLIGADO',175),(1202,'GENERAL PINEDO',171),(1203,'GENERAL VEDIA',176),(1204,'GIRASOL ,EMB.',172),(1205,'HAUMONIA',167),(1206,'HERMOSO CAMPO',171),(1207,'HORQUILLA',167),(1208,'INGENIERO BARBET',165),(1209,'ITIN',171),(1210,'KILOMETR0 501 ,AP.',175),(1211,'KILOMETRO 22 ,EMB.',165),(1212,'KILOMETRO 29 ,EMB.',165),(1213,'KILOMETRO 34 ,EMB.',165),(1214,'KILOMETRO 39 ,EMB.',165),(1215,'KILOMETRO 42 ,EMB.',169),(1216,'KILOMETRO 443 ,EMB.',167),(1217,'KILOMETRO 474 ,EMB.',167),(1218,'KILOMETRO 48 ,EMB.',169),(1219,'KILOMETRO 518 ,DV.',181),(1220,'KILOMETRO 520 ,EMB.',182),(1221,'KILOMETRO 522 ,DV.',181),(1222,'KILOMETRO 53 ,AP.',182),(1223,'KILOMETRO 59 ,EMB.',183),(1224,'KILOMETRO 596 ,DV.',164),(1225,'KILOMETRO 602 ,AP.',165),(1226,'KILOMETRO 75',169),(1227,'KILOMETRO 841 ,EMB.',184),(1228,'KILOMETRO 855 ,EMB.',184),(1229,'KILOMETRO 884 ,EMB.',184),(1230,'LA CHIQUITA ,EMB.',173),(1231,'LA CLOTILDE',185),(1232,'LA EDUVIGIS',169),(1233,'LA ESCONDIDA',181),(1234,'LA ESCONDIDA ,EMB.',181),(1235,'LA FIDELIDAD',166),(1236,'LA LEONESA',176),(1237,'LA PASTORIL ,DV.',165),(1238,'LA SABANA',167),(1239,'LA TIGRA',185),(1240,'LA VERDE',181),(1241,'LA VICUÑA',167),(1242,'LAGUNA BLANCA',175),(1243,'LAGUNA LIMPIA',180),(1244,'LAPACHITO',181),(1245,'LAS BREÑAS',186),(1246,'LAS GARCITAS',165),(1247,'LAS HACHERAS',166),(1248,'LAS PALMAS',176),(1249,'LAS VIBORAS',171),(1250,'LOMA FLORIDA',180),(1251,'LOS FRENTONES',177),(1252,'LOS PALMARES',162),(1253,'LOS QUEBRACHITOS',171),(1254,'MACHAGAI',170),(1255,'MAKALLE',181),(1256,'MANANTIALES',166),(1257,'MIRAFLORES',166),(1258,'NAPALPI',170),(1259,'NAPENAY',161),(1260,'NUEVA POBLACION',166),(1261,'NUEVA POMPEYA',166),(1262,'PALO MARCADO',166),(1263,'PAMPA ALMIRON',169),(1264,'PAMPA CABA ÑARO',184),(1265,'PAMPA DEL CIELO',186),(1266,'PAMPA DEL INDIO',169),(1267,'PAMPA DEL INFIERNO',177),(1268,'PAMPA FLORIDA',184),(1269,'PAMPA GUANACO',177),(1270,'POZO DEL INDIO ,DV.',186),(1271,'POZO HONDO',177),(1272,'PRESIDENCIA ROCA',187),(1273,'PRESIDENCIA ROQUE SAENZ PEÑA',172),(1274,'PUERTO BERMEJO',176),(1275,'PUERTO LAS PALMAS',176),(1276,'PUERTO TIROL',175),(1277,'PUERTO VILELAS',162),(1278,'QUITILIPI',173),(1279,'RESISTENCIA',162),(1280,'RIO MUERTO',177),(1281,'RIO TAPENAGA',167),(1282,'SAMUHU',182),(1283,'SAN BERNARDO',185),(1284,'SAN JUANCITO',166),(1285,'SANTA SYLVINA',164),(1286,'SELVAS DEL RIO DE ORO',169),(1287,'SIMBOLAR',166),(1288,'TACO POZO',177),(1289,'TRES ESTACAS',168),(1290,'TRES ISLETAS',184),(1291,'TRES MOJONES',164),(1292,'TUNALES',166),(1293,'URIEN, ENRIQUE',174),(1294,'VENADOS GRANDES,EMB.',164),(1295,'VILLA ANGELA',174),(1296,'VILLA BERTHET',182),(1297,'YATAY',176),(1298,'ZAPARINQUI',166),(1299,'ZUBERBUHLER',164),(1300,'ALDEA',188),(1301,'ALDEA APELEG',188),(1302,'ALTO DE LAS PLUMAS',189),(1303,'ALTO RIO MAYO',188),(1304,'ALTO RIO SENGUERR',188),(1305,'APELEG',188),(1306,'ASTRA',190),(1307,'BAHIA BUSTAMANTE',190),(1308,'BOCA DE LA ZANJA',191),(1309,'BUEN PASTO',192),(1310,'BUENOS AIRES CHICO',193),(1311,'CABO RASO',194),(1312,'CALETA CORDOBA',190),(1313,'CAMARONES',194),(1314,'CAMPAMENTO I',190),(1315,'CAMPAMENTO VILLEGAS ,EST.',191),(1316,'CAMPO ESCALANTE ,AP.',190),(1317,'CAÑADON IGLESIAS',191),(1318,'CAÑADON LAGARTO ,EMB.',192),(1319,'CANQUEL',195),(1320,'CERRO DRAGON',190),(1321,'CHASICO',196),(1322,'CHOLILA',193),(1323,'COLAN CONHUE',197),(1324,'COLELACHE',198),(1325,'COLHUE HUAPI',192),(1326,'COMODORO RIVADAVIA',190),(1327,'DIADEMA ARGENTINA',190),(1328,'DIQUE FLORENTINO AMEGHINO',191),(1329,'DOCTOR RICARDO ROJAS',188),(1330,'DOLAVON',191),(1331,'EL CORCOVADO',199),(1332,'EL MAITEN',193),(1333,'EL MAYOCO',193),(1334,'EL MIRASOL',189),(1335,'EL MOLLE',200),(1336,'EL PAJARITO',195),(1337,'EL SOMBRERO',195),(1338,'EL TORDILLO',190),(1339,'EPUYEN',193),(1340,'ESCALANTE',190),(1341,'ESQUEL',199),(1342,'FACUNDO',188),(1343,'GAIMAN',191),(1344,'GAN GAN',196),(1345,'GARAYALDE',194),(1346,'GASTRE',198),(1347,'GENERAL MOSCONI',190),(1348,'GOBERNADOR COSTA',200),(1349,'GUALJAINA',193),(1350,'HERMITTE, ENRIQUE ,AP.',192),(1351,'HOLDICH',190),(1352,'HOYO DE EPUYEN',193),(1353,'INGENIERO BRUNO J.THOMAE ,AP.',193),(1354,'KILOMETR0 81 ,AP.',191),(1355,'KILOMETRO 11',190),(1356,'KILOMETRO 141',191),(1357,'KILOMETRO 161',191),(1358,'KILOMETRO 191 ,AP.',192),(1359,'KILOMETRO 192',189),(1360,'KILOMETRO 35',201),(1361,'KILOMETRO 78 ,AP.',201),(1362,'KILOMETRO 82 ,AP.',201),(1363,'KILOMETRO 87 ,AP.',201),(1364,'KILOMETRO 95 ,AP.',191),(1365,'LAGO BLANCO',188),(1366,'LAGO PUELO',193),(1367,'LAGO VINTTER',200),(1368,'LAGUNA GRANDE ,EMB.',189),(1369,'LANGUIÑEO',197),(1370,'LAS CHAPAS',189),(1371,'LAS PLUMAS',189),(1372,'LAS PULGAS',192),(1373,'LELEQUE',193),(1374,'LEPA',193),(1375,'LOS CIPRESES',199),(1376,'MALASPINA',194),(1377,'MANANTIALES BERH',190),(1378,'NUEVA LUBECKA',200),(1379,'PAMPA DEL CASTILLO',190),(1380,'PASO DE INDIOS',195),(1381,'PASTOS BLANCOS',188),(1382,'PETROQUIMICA ,EST.COMFERPET',190),(1383,'PICO DE SALAMANCA',190),(1384,'PLAYA UNION',201),(1385,'PUERTO MADRYN',202),(1386,'PUERTO PIRAMIDE',202),(1387,'PUERTO RAWSON',201),(1388,'PUERTO VISSER',190),(1389,'PUNTA DELGADA',202),(1390,'PUTRACHOIQUE',200),(1391,'RADA TILLY',190),(1392,'RAWSON',201),(1393,'RIO MAYO',188),(1394,'RIO PICO',200),(1395,'SACANANA',198),(1396,'SAN MARTIN, JOSE DE',200),(1397,'SARMIENTO',192),(1398,'SIERRA CHATA',196),(1399,'SIERRA NEVADA',195),(1400,'TALAGAPA',196),(1401,'TECKA',197),(1402,'TELSEN',196),(1403,'TRELEW',201),(1404,'TREVELIN',199),(1405,'UZCUDUM',194),(1406,'ACHIRAS',203),(1407,'ADELIA MARIA',203),(1408,'AGUA DE LAS PIEDRAS',204),(1409,'AGUA DE ORO',205),(1410,'AGUA DEL TALA',206),(1411,'AGUAS DE RAMON',206),(1412,'AGUILA BLANCA',207),(1413,'ALCIRA ,EST.GIGENA',203),(1414,'ALEJANDRO ROCA ,EST. ALEJANDRO.',208),(1415,'ALEJO LEDESMA',209),(1416,'ALICIA',210),(1417,'ALMAFUERTE',211),(1418,'ALPA CORRAL',203),(1419,'ALTA CORDOBA',212),(1420,'ALTA CORDOBA ,EST.',213),(1421,'ALTA GRACIA',214),(1422,'ALTAUTINA',215),(1423,'ALTO ALEGRE',216),(1424,'ALTO DEL TALA',217),(1425,'ALTO FRESCO',204),(1426,'ALTO SAN PEDRO',207),(1427,'ALTOS DE CHIPION',210),(1428,'AMBOY',218),(1429,'AMBUL',215),(1430,'ANA ZUMARAN',216),(1431,'ARBOL BLANCO',219),(1432,'ARGUELLO',213),(1433,'ARIAS',209),(1434,'ARROYITO',210),(1435,'ARROYO ALGODON',220),(1436,'ARROYO CABRAL',220),(1437,'ASCOCHINGA',205),(1438,'ASSUNTA',208),(1439,'ATAHONA',221),(1440,'ATOS PAMPA',218),(1441,'AUSONIA',220),(1442,'AVELLANEDA',219),(1443,'BAJO CHICO',214),(1444,'BALDE DE LA MORA',215),(1445,'BALLESTEROS',216),(1446,'BALLESTEROS SUR',216),(1447,'BALNEARIA',210),(1448,'BAÑADO DE SOTO',222),(1449,'BARRANCA YACO',204),(1450,'BARRETO',208),(1451,'BARRIO FLORES ,EMB.',213),(1452,'BELL VILLE',216),(1453,'BENGOLEA',208),(1454,'BENJAMIN GOULD',216),(1455,'BERROTARAN',203),(1456,'BIALET MASSE',207),(1457,'BLAS DE ROSALES',205),(1458,'BOCA DEL TIGRE',203),(1459,'BOUWER',214),(1460,'BRINKMANN',210),(1461,'BUCHARDO ,EST.HIPOLITO BOUCHARD',223),(1462,'BUEN RETIRO ,AP.EL VADO',207),(1463,'BUENA VISTA',214),(1464,'BUEY MUERTO',221),(1465,'BULNES',203),(1466,'BURMEISTER',224),(1467,'CABANA',205),(1468,'CACHI YACO',225),(1469,'CACHIYUYO',222),(1470,'CALCHIN',226),(1471,'CALMAYO',218),(1472,'CAMILO ALDAO',209),(1473,'CAMINIAGA',225),(1474,'CAMPO GRANDE',212),(1475,'CAÑADA DE ALVAREZ',218),(1476,'CAÑADA DE JUME',204),(1477,'CAÑADA DE LUQUE',204),(1478,'CAÑADA DE MACHADO',221),(1479,'CAÑADA DE RIO PINTO',219),(1480,'CAÑADA DE SALAS',217),(1481,'CAÑADA DEL CORO',207),(1482,'CAÑADA HONDA',221),(1483,'CANALS',216),(1484,'CANDELARIA',222),(1485,'CANDELARIA NORTE',212),(1486,'CANDELARIA SUD',204),(1487,'CANDONGA',205),(1488,'CANTERAS EL SAUCE ,EST.EMP.',205),(1489,'CANTERAS QUILPO',222),(1490,'CAPILLA DE LA SAGRADA FAMILIA',221),(1491,'CAPILLA DE LOS REMEDIOS',221),(1492,'CAPILLA DE SITON',204),(1493,'CAPILLA DEL CARMEN',226),(1494,'CAPILLA DEL MONTE',207),(1495,'CAPITAN GENERAL BERNARDO O HIGGINS',209),(1496,'CARCANO, RAMON J.',216),(1497,'CARNERILLO',208),(1498,'CAROLINA',203),(1499,'CAROYA',205),(1500,'CARRILOBO',226),(1501,'CASA BAMBA',205),(1502,'CASA GRANDE',207),(1503,'CASERIO LA LONJA',216),(1504,'CASSAFOUSTH',214),(1505,'CASTRO URDIALES',209),(1506,'CAVALANGO',207),(1507,'CAVANAGH',209),(1508,'CAYUQUEO',220),(1509,'CERRO COLORADO',227),(1510,'CHAJAN',203),(1511,'CHALACEA',221),(1512,'CHALACEA CENTRO',221),(1513,'CHAMICO',217),(1514,'CHAÑAR VIEJO',212),(1515,'CHAÑARITOS',203),(1516,'CHANCANI',217),(1517,'CHARBONIER',207),(1518,'CHARRAS',208),(1519,'CHAZON',220),(1520,'CHILIBROSTE',216),(1521,'CHUCHIRAS',228),(1522,'CHUCUL',203),(1523,'CHUÑA',219),(1524,'CHUÑA HUASI',225),(1525,'CHURQUI CAÑADA',227),(1526,'CIENAGA DE ALLENDE',215),(1527,'CIENAGA DE BRITOS',206),(1528,'CIENAGA DEL CORO',206),(1529,'CINTRA',216),(1530,'COLAZO',226),(1531,'COLONIA 10 DE JULIO',210),(1532,'COLONIA ALMADA',211),(1533,'COLONIA ALMADA',211),(1534,'COLONIA ANITA',210),(1535,'COLONIA ANITA',210),(1536,'COLONIA BISMARCK',216),(1537,'COLONIA BREMEN',216),(1538,'COLONIA CAROYA',205),(1539,'COLONIA COYUNDA',210),(1540,'COLONIA EL CARMEN',203),(1541,'COLONIA LA TORDILLA',210),(1542,'COLONIA LAS CUATRO ESQUINAS',221),(1543,'COLONIA MACKINLAY',212),(1544,'COLONIA MALBERTINA ,EMB.KILOMETRO 531',210),(1545,'COLONIA MARINA',210),(1546,'COLONIA PROSPERIDAD',210),(1547,'COLONIA RIO CHICO',205),(1548,'COLONIA SAN BARTOLOME',210),(1549,'COLONIA SAN PEDRO',210),(1550,'COLONIA SAN RAFAEL',210),(1551,'COLONIA SANTA MARIA',216),(1552,'COLONIA SANTA MARIA',210),(1553,'COLONIA TIROLESA ,EST.',205),(1554,'COLONIA VEINTICINCO',209),(1555,'COLONIA VIDELA',226),(1556,'COLONIA VIGNAUD',210),(1557,'COLONIA WALTELINA',210),(1558,'CONLARA',228),(1559,'COPACABANA',219),(1560,'CORDOBA',213),(1561,'CORONEL BAIGORRIA',203),(1562,'CORONEL MOLDES',203),(1563,'CORONEL OLMEDO',213),(1564,'CORRAL DE BARRANCA',227),(1565,'CORRAL DE BUSTOS',209),(1566,'CORRAL DEL BAJO',216),(1567,'CORRALITO',211),(1568,'CORTES, JERONIMO',210),(1569,'COSME',214),(1570,'COSQUIN',207),(1571,'COSTA SACATE',226),(1572,'COTAGAITA',210),(1573,'CRAIK, JAMES',211),(1574,'CRUZ ALTA',209),(1575,'CRUZ CHICA',207),(1576,'CRUZ DE CAÑA',222),(1577,'CRUZ DEL EJE ,EST.NORTE',222),(1578,'CRUZ DEL QUEMADO',204),(1579,'CRUZ GRANDE',207),(1580,'CRUZ MOJADA',219),(1581,'CUATRO CAMINOS',216),(1582,'CUATRO VIENTOS',203),(1583,'CUCHI CORRAL',207),(1584,'CUEVA DE INDIOS',207),(1585,'CUEVA DE LOS PAJARITOS',207),(1586,'CURAPALIGUE',229),(1587,'DE LA QUINTANA, JOSE',214),(1588,'DE LA SERNA',224),(1589,'DEAN FUNES',219),(1590,'DEL CAMPILLO',224),(1591,'DESPEÑADEROS ,EST.DR.LUCAS A.DE OLMOS',214),(1592,'DEVOTO',210),(1593,'DIQUE SAN ROQUE',205),(1594,'DOCTOR NICASIO SALAS OROÑO',204),(1595,'DOLORES',207),(1596,'DUMESNIL',205),(1597,'EL ARAÑADO',210),(1598,'EL BAÑADO',217),(1599,'EL BAÑADO',227),(1600,'EL BRETE',222),(1601,'EL CADILLO',215),(1602,'EL CANO',218),(1603,'EL CHACHO',206),(1604,'EL CRISPIN',221),(1605,'EL DIQUECITO ,AP.',205),(1606,'EL DURAZNO',207),(1607,'EL DURAZNO',227),(1608,'EL FARO',215),(1609,'EL FLORENTINO',216),(1610,'EL FORTIN',210),(1611,'EL FUERTECITO',210),(1612,'EL GATEADO',213),(1613,'EL MANZANO',205),(1614,'EL MIRADOR',215),(1615,'EL PAMPERO',224),(1616,'EL PAYADOR ,AP.',205),(1617,'EL PERCHEL',222),(1618,'EL PERCHEL',227),(1619,'EL PONIENTE',215),(1620,'EL PORTEZUELO',215),(1621,'EL QUEBRACHO',221),(1622,'EL QUEBRACHO',219),(1623,'EL RASTREADOR',208),(1624,'EL RETIRO',207),(1625,'EL ROSARIO',207),(1626,'EL SAUCE',205),(1627,'EL SUNCHO',221),(1628,'EL TAMBO',203),(1629,'EL TIO',210),(1630,'EL TOSTADO',221),(1631,'EL TUSCAL',227),(1632,'EL VENCE',227),(1633,'EL ZAINO ,AP.',205),(1634,'EL ZAPATO',207),(1635,'ELCANO, SEBASTIAN',212),(1636,'ELENA',203),(1637,'EMBALSE MINISTRO JUAN PISTARINI',218),(1638,'ENCRUCIJADAS',212),(1639,'ESCALANTE, WENCESLAO',216),(1640,'ESCUELA PARACAIDISTAS ,AP.',213),(1641,'ESPINILLO',203),(1642,'ESQUINA',217),(1643,'ESTANCIA DE GUADALUPE',206),(1644,'ETRURIA',220),(1645,'FALDA DEL CARMEN',214),(1646,'FERREYRA',213),(1647,'FLORA',209),(1648,'FRAGUEIRO',203),(1649,'FRAY CAYETANO RODRIGUEZ',229),(1650,'FREYRE',210),(1651,'FUNES, DOMINGO ,AP.',207),(1652,'FUNES, PEDRO E.',208),(1653,'GARCIA, RAFAEL',214),(1654,'GAVILAN ,EST.',229),(1655,'GENERAL BALDISSERA',209),(1656,'GENERAL CABRERA',208),(1657,'GENERAL DEHEZA',208),(1658,'GENERAL FOTHERINGHAM',211),(1659,'GENERAL LEVALLE',230),(1660,'GENERAL ORTIZ DE OCAMPO ,AP.',205),(1661,'GENERAL PAZ',205),(1662,'GENERAL ROCA',209),(1663,'GENERAL SOLER',203),(1664,'GIGENA ESTACION',231),(1665,'GOULD, BENJAMIN',216),(1666,'GUANACO MUERTO',222),(1667,'GUARDIA VIEJA',230),(1668,'GUASAPAMPA',206),(1669,'GUATIMOZIN',209),(1670,'GUIÑAZU',213),(1671,'GUTEMBERG',212),(1672,'HERNANDO',211),(1673,'HUANCHILLA',208),(1674,'HUASCHA',219),(1675,'HUERTA GRANDE',207),(1676,'HUINCA RENANCO',224),(1677,'IDIAZABAL',216),(1678,'IGLESIA VIEJA',222),(1679,'IMPIRA',226),(1680,'INGENIERO MALMEN',224),(1681,'INRIVILLE',209),(1682,'ISCHILIN',219),(1683,'ISCHILIN VIEJO',219),(1684,'ISLA DE SAN ANTONIO',227),(1685,'ISLA VERDE',209),(1686,'ITALO',224),(1687,'JEANMAIRE',210),(1688,'JESUS MARIA',205),(1689,'JUAREZ CELMAN',205),(1690,'JUAREZ, MARCOS',209),(1691,'KILOMETRO 1,5 AP.',213),(1692,'KILOMETRO 136 ,EMP.',203),(1693,'KILOMETRO 16',205),(1694,'KILOMETRO 16',205),(1695,'KILOMETRO 182 ,DV.',221),(1696,'KILOMETRO 23',214),(1697,'KILOMETRO 23',205),(1698,'KILOMETRO 25',205),(1699,'KILOMETRO 271 ,AP.',221),(1700,'KILOMETRO 316 ,AP.',221),(1701,'KILOMETRO 394 ,AP.',204),(1702,'KILOMETRO 466 ,DV.',209),(1703,'KILOMETRO 480 ,AP.',219),(1704,'KILOMETRO 541 ,AP.',222),(1705,'KILOMETRO 563 ,DV.',220),(1706,'KILOMETRO 57 ,EST.EMB.',209),(1707,'KILOMETRO 579 ,AP.',207),(1708,'KILOMETRO 581 ,EMB.',210),(1709,'KILOMETRO 608 ,AP.',207),(1710,'KILOMETRO 618 ,DV.',210),(1711,'KILOMETRO 636 ,DV.',206),(1712,'KILOMETRO 651 ,DV.',206),(1713,'KILOMETRO 679',214),(1714,'KILOMETRO 691 ,DV.',221),(1715,'KILOMETRO 7',213),(1716,'KILOMETRO 730 ,AP.',213),(1717,'KILOMETRO 745',205),(1718,'KILOMETRO 859 ,AP.',219),(1719,'KILOMETRO 865 ,AP.',219),(1720,'KILOMETRO 881 ,EMB.',219),(1721,'KILOMETRO 9',214),(1722,'KILOMETRO 907 ,EST.',227),(1723,'KILOMETRO 931',227),(1724,'LA AGUADA',203),(1725,'LA ARGENTINA',206),(1726,'LA BISMUTINA',206),(1727,'LA BUENA PARADA ,EST.COMECHINGONES',221),(1728,'LA CALERA',205),(1729,'LA CAÑADA',212),(1730,'LA CAÑADA',227),(1731,'LA CARLOTA',208),(1732,'LA CAUTIVA',203),(1733,'LA CORTADERA',210),(1734,'LA CRUZ',218),(1735,'LA CUESTA',207),(1736,'LA CUMBRE',207),(1737,'LA ESPERANZA',227),(1738,'LA ESQUINA',203),(1739,'LA ESTANCIA',214),(1740,'LA FALDA',207),(1741,'LA FRANCIA',210),(1742,'LA GILDA',203),(1743,'LA GRANJA',205),(1744,'LA HERRADURA',220),(1745,'LA HIGUERA',222),(1746,'LA JUANITA',219),(1747,'LA LAGUNA',220),(1748,'LA MAJADILLA',227),(1749,'LA MUDANA',217),(1750,'LA NACIONAL',224),(1751,'LA PALESTINA',220),(1752,'LA PAMPA',204),(1753,'LA PAQUITA ,EST.PRESIDENTE F.ALCORTA',210),(1754,'LA PARA',221),(1755,'LA PATRIA',217),(1756,'LA PAZ',228),(1757,'LA PENCA',224),(1758,'LA PLAYA',206),(1759,'LA PLAYOSA',220),(1760,'LA POBLACION',228),(1761,'LA POSTA',221),(1762,'LA PUERTA',205),(1763,'LA PUERTA',221),(1764,'LA RAMADA',228),(1765,'LA REPRESA',210),(1766,'LA RINCONADA',212),(1767,'LA SERRANITA',214),(1768,'LA TABLADA',217),(1769,'LA TABLADA ,AP.',213),(1770,'LA TIGRA',216),(1771,'LA TOMA',207),(1772,'LA TOMA',227),(1773,'LABORDE',216),(1774,'LABOULAYE',229),(1775,'LAGUNA DEL MONTE',229),(1776,'LAGUNA DEL SUNCHO',212),(1777,'LAGUNA LARGA',226),(1778,'LAGUNA OSCURA',203),(1779,'LAGUNILLA',226),(1780,'LARSEN',224),(1781,'LAS ACEQUIAS',203),(1782,'LAS ARRIAS',227),(1783,'LAS AVERIAS',221),(1784,'LAS BAJADAS',218),(1785,'LAS CALLES',215),(1786,'LAS CAÑITAS',203),(1787,'LAS CHACRAS',205),(1788,'LAS CHACRAS',217),(1789,'LAS CHACRAS',207),(1790,'LAS CHACRAS',232),(1791,'LAS ENSENADAS',215),(1792,'LAS GAMAS',203),(1793,'LAS HIGUERAS',203),(1794,'LAS ISLETILLAS',211),(1795,'LAS JUNTURAS',226),(1796,'LAS MOJARRAS',220),(1797,'LAS MOSTAZAS',233),(1798,'LAS MOSTAZAS',212),(1799,'LAS PALMAS',217),(1800,'LAS PEÑAS',203),(1801,'LAS PEÑAS',204),(1802,'LAS PERDICES',211),(1803,'LAS RABONAS',215),(1804,'LAS SALADAS',221),(1805,'LAS TAPIAS',203),(1806,'LAS TAPIAS',228),(1807,'LAS TOSCAS',215),(1808,'LAS TOSCAS',219),(1809,'LAS VARAS',210),(1810,'LAS VARILLAS',210),(1811,'LAS VERTIENTES',203),(1812,'LASPIUR, SATURNINO M.',210),(1813,'LECUEDER',224),(1814,'LEDESMA, ALEJO',209),(1815,'LEGUIZAMON',230),(1816,'LEONES',209),(1817,'LOA ALAMOS',227),(1818,'LOA ALGARROBOS',212),(1819,'LOMAS DE SAN JOSE',205),(1820,'LOS ALFALFARES',224),(1821,'LOS ALTOS',205),(1822,'LOS CADILLOS',219),(1823,'LOS CALLEJONES',215),(1824,'LOS CERRILLOS',228),(1825,'LOS CERRILLOS',212),(1826,'LOS CHAÑARES',204),(1827,'LOS CHAÑARITOS',226),(1828,'LOS CISNES',208),(1829,'LOS COCOS',207),(1830,'LOS COMETIERRA',204),(1831,'LOS CONDORES',218),(1832,'LOS GIGANTES',207),(1833,'LOS HORNILLOS',228),(1834,'LOS HOYOS',212),(1835,'LOS JAGUELES',203),(1836,'LOS MANANTIALES',228),(1837,'LOS MEDANITOS',217),(1838,'LOS MISTOLES',204),(1839,'LOS MOLINOS',218),(1840,'LOS MOLLES',228),(1841,'LOS MOLLES',205),(1842,'LOS MORTERITOS',206),(1843,'LOS PORONGOS',212),(1844,'LOS POZOS ,AP.KILOMETRO 827',219),(1845,'LOS QUEBRACHITOS',217),(1846,'LOS QUEBRACHITOS',205),(1847,'LOS REARTES',218),(1848,'LOS SAUCES',222),(1849,'LOS SURGENTES',209),(1850,'LOS TARTAROS',219),(1851,'LOS ZORROS',211),(1852,'LOZADA',214),(1853,'LUCA',220),(1854,'LUGONES, LEOPOLDO ,AP.',207),(1855,'LUQUE',226),(1856,'LUTTI',218),(1857,'LUXARDO',210),(1858,'LUYABA',228),(1859,'MACHA',204),(1860,'MAGIGASTA',217),(1861,'MAJADA DE SANTIAGO',222),(1862,'MALAGUENO',214),(1863,'MALENA',203),(1864,'MALLIN',207),(1865,'MALVINAS ARGENTINAS ,EST.KILOMETRO 711',205),(1866,'MANANTIALES',208),(1867,'MANFREDI',226),(1868,'MANSILLA, LUCIO V.',227),(1869,'MAQUINISTA GALLINI',221),(1870,'MARULL',210),(1871,'MATORRALES',226),(1872,'MATTALDI',224),(1873,'MEDIA LUNA',205),(1874,'MEDIA NARANJA',222),(1875,'MELO',229),(1876,'MENDIOLAZA',205),(1877,'MINA CLAVERO',215),(1878,'MIRAMAR',210),(1879,'MOLINARI',207),(1880,'MONTE BUEY',209),(1881,'MONTE CRISTO',221),(1882,'MONTE DE LOS GAUCHOS',203),(1883,'MONTE DEL ROSARIO',221),(1884,'MONTE LEÑA',216),(1885,'MONTE MAIZ',216),(1886,'MONTE RALO',214),(1887,'MONTE REDONDO ,EST.',210),(1888,'MORRISON',216),(1889,'MORTEROS',210),(1890,'MULA MUERTA',204),(1891,'MUSSI',215),(1892,'NARVAJA, TRISTAN ,AP.',213),(1893,'NAZCA',224),(1894,'NINALQUIN',206),(1895,'NOETINGER',216),(1896,'NONO',215),(1897,'NUEVA ALDALUCIA',221),(1898,'NUÑEZ DEL ORADO',205),(1899,'OBISPO TREJO',221),(1900,'OJO DE AGUA',206),(1901,'OJO DE AGUA',206),(1902,'OLAEN',207),(1903,'OLAETA',208),(1904,'OLIVA',234),(1905,'OLMOS',208),(1906,'ONAGOITY',224),(1907,'ONCATIVO',226),(1908,'ONGAMIRA',219),(1909,'ORDOÑEZ',216),(1910,'ORO GRUESO',222),(1911,'PACHANGO',215),(1912,'PACHECO DE MELO',208),(1913,'PAJAS BLANCAS',205),(1914,'PAMPAYASTA NORTE',211),(1915,'PAMPAYASTA SUR',211),(1916,'PAN DE AZUCAR ,AP.KILOMETRO 592',207),(1917,'PANAHOLMA',215),(1918,'PASCANAS',216),(1919,'PASCO',220),(1920,'PASO DEL RIO SECO',203),(1921,'PASO VIEJO',222),(1922,'PAUNERO',203),(1923,'PAVIN',208),(1924,'PEGASANO',224),(1925,'PELLICO, SILVIO',220),(1926,'PETER, JAIME',219),(1927,'PICHANAS',222),(1928,'PIEDRA BLANCA',203),(1929,'PIEDRAS ANCHAS',206),(1930,'PIEDRAS BLANCAS',222),(1931,'PIEDRITA BLANCA',206),(1932,'PIEDRITAS ROSADAS',217),(1933,'PILAR',226),(1934,'PINAS',206),(1935,'PINCEN',224),(1936,'PINTOS',207),(1937,'PIQUILLIN',221),(1938,'PIZARRO, MODESTINO',224),(1939,'PLAYA GRANDE',210),(1940,'PLAZA BRUNO',210),(1941,'PLAZA COLAZO',226),(1942,'PLAZA DE MERCEDES',221),(1943,'PLAZA DEHEZA',210),(1944,'PLAZA LUXARDO',210),(1945,'PLAZA SAN FRANCISCO',210),(1946,'PLAZA VIDELA',226),(1947,'POCHO',217),(1948,'PORTEÑA',210),(1949,'POSSE, JUSTINIANO',216),(1950,'POZO DE LA LOMA',221),(1951,'POZO DE LA PAMPA',215),(1952,'POZO DE LAS OLLAS',212),(1953,'POZO DEL CHAÑAR',228),(1954,'POZO DEL MOLLE',226),(1955,'POZO DEL MORO',221),(1956,'POZO DEL TIGRE',205),(1957,'PRETOT FREYRE',203),(1958,'PUEBLO ITALIANO',216),(1959,'PUEBLO VIEJO',216),(1960,'PUERTA COLORADA',203),(1961,'PUESTO DE AFUERA ,AP.',221),(1962,'PUESTO DE CASTRO',212),(1963,'PUESTO DEL ROSARIO',204),(1964,'PUESTO PUCHETA',221),(1965,'PUESTO SAN JOSE',227),(1966,'PUNILLA ,AP.',207),(1967,'PUNTA DEL AGUA',203),(1968,'PUNTA DEL AGUA',211),(1969,'PUNTA DEL AGUA',221),(1970,'QUEBRACHO HERRADO',210),(1971,'QUEBRADA DE LOS POZOS',228),(1972,'QUILINO',219),(1973,'QUISQUIZACATE ,AP.',213),(1974,'RANGEL',221),(1975,'RANQUELES',224),(1976,'RARA FORTUNA',206),(1977,'RAYO CORTADO',212),(1978,'RINCON',226),(1979,'RINCON DE LUNA',218),(1980,'RIO BAMBA',229),(1981,'RIO CEBALLOS',205),(1982,'RIO CUARTO',203),(1983,'RIO CUARTO NORTE ,AP.',203),(1984,'RIO DE LOS MOLINOS ,PDA.',218),(1985,'RIO DE LOS SAUCES',218),(1986,'RIO HONDO',217),(1987,'RIO PRIMERO',221),(1988,'RIO SEGUNDO',226),(1989,'RIO TERCERO',211),(1990,'RIVERA INDARTE',213),(1991,'ROCA, ALEJANDRO ,EST.ALEJANDRO',208),(1992,'RODEO GRANDE',206),(1993,'RODEO VIEJO',203),(1994,'RODRIGUEZ DEL BUSTO',213),(1995,'ROJAS, DIEGO DE',221),(1996,'ROSALES',229),(1997,'ROSALES, BLAS DE',205),(1998,'RUIZ DIAZ DE GUZMAN',229),(1999,'RUMIYACO',206),(2000,'SACANTA',210),(2001,'SAGUION',219),(2002,'SAIRA',209),(2003,'SALADILLO',209),(2004,'SALAS, MIGUEL',230),(2005,'SALDAN',205),(2006,'SALGUERO',229),(2007,'SALSACATE',217),(2008,'SALSIPUEDES',205),(2009,'SAMPACHO',203),(2010,'SAN AGUSTIN',210),(2011,'SAN AGUSTIN',218),(2012,'SAN AMBROSIO',203),(2013,'SAN ANTINIO',210),(2014,'SAN ANTONIO',214),(2015,'SAN ANTONIO',222),(2016,'SAN ANTONIO DE ARREDONDO',207),(2017,'SAN ANTONIO DE LITIN',216),(2018,'SAN BARTOLOME',203),(2019,'SAN BASILIO',203),(2020,'SAN BUENAVENTURA',207),(2021,'SAN BUENAVENTURA ,AP.',207),(2022,'SAN CARLOS',206),(2023,'SAN CARLOS',227),(2024,'SAN CLEMENTE',214),(2025,'SAN ESTEBAN',207),(2026,'SAN FERNANDO',205),(2027,'SAN FRANCISCO',210),(2028,'SAN FRANCISCO DEL CHAÑAR',225),(2029,'SAN GERONIMO',217),(2030,'SAN IGNACIO',218),(2031,'SAN IGNACIO',222),(2032,'SAN JAVIER',228),(2033,'SAN JOAQUIN',230),(2034,'SAN JOSE',228),(2035,'SAN JOSE',207),(2036,'SAN JOSE DE LA DORMIDA',227),(2037,'SAN JOSE DE LAS SALINAS ,EST.SAN JOSE',227),(2038,'SAN JOSE DEL SALTEÑO',209),(2039,'SAN LORENZO',215),(2040,'SAN LUIS',212),(2041,'SAN MARCOS',216),(2042,'SAN MARCOS SIERRA',222),(2043,'SAN MIGUEL',212),(2044,'SAN PEDRO',215),(2045,'SAN PEDRO',214),(2046,'SAN PEDRO',212),(2047,'SAN PEDRO DE TOYOS',219),(2048,'SAN PEDRO NORTE',227),(2049,'SAN RAFAEL',215),(2050,'SAN ROQUE',207),(2051,'SAN SEVERO',216),(2052,'SAN VICENTE',215),(2053,'SANABRIA',220),(2054,'SANTA ANA',222),(2055,'SANTA CATALINA',215),(2056,'SANTA CATALINA ,EST.HOLMBERG',203),(2057,'SANTA CRUZ',227),(2058,'SANTA EUFEMIA',208),(2059,'SANTA ISABEL',213),(2060,'SANTA MAGDALENA ,EST.JOVITA',224),(2061,'SANTA MARIA',204),(2062,'SANTA MARIA DE PUNILLA ,EST.SANTA MARIA',207),(2063,'SANTA ROSA',215),(2064,'SANTA ROSA DE CALAMUCHITA',218),(2065,'SANTA ROSA DE RIO PRIMERO ,EST.V.S.ROSA',221),(2066,'SANTA SABINA',204),(2067,'SANTA TERESA',205),(2068,'SANTA VICTORIA',220),(2069,'SARMIENTO',204),(2070,'SAUCE DE LOS QUEVEDOS',206),(2071,'SEEBER',210),(2072,'SERRANO',229),(2073,'SERREZUELA',222),(2074,'SIMBOLAR',204),(2075,'SINSACATE',204),(2076,'SOCONCHO',218),(2077,'SOTO',222),(2078,'SUCO',203),(2079,'SUQUIA ,AP.',213),(2080,'SVILLA NUEVA',220),(2081,'TABAQUILLO',222),(2082,'TALA CAÑADA',217),(2083,'TALA CRUZ',218),(2084,'TALA NORTE ,EST.EL ALCALDE',221),(2085,'TALAINI',206),(2086,'TANCACHA',211),(2087,'TANTI',207),(2088,'TANTI NUEVO',207),(2089,'TASMA',215),(2090,'TEGUA',203),(2091,'TEMPLE, SANTIAGO',226),(2092,'THEA',207),(2093,'TICINO',220),(2094,'TILQUICHO',228),(2095,'TINOCO',205),(2096,'TIO PUJIO',220),(2097,'TOLEDO',214),(2098,'TOSNO',206),(2099,'TOSQUITA',203),(2100,'TOTORALEJOS',227),(2101,'TRANSITO',210),(2102,'TRAVESIA',228),(2103,'TRES ARBOLES',222),(2104,'TRINCHERA',210),(2105,'TUCLAME',222),(2106,'UCACHA',208),(2107,'UNQUILLO',205),(2108,'VALLE HERMOSO',207),(2109,'VELEZ SARSFIELD, DALMACIO',211),(2110,'VELEZ SARSFIELD, DALMACIO ,AP.',213),(2111,'VIAMONTE',216),(2112,'VICUÑA MACKENNA',203),(2113,'VILLA AIZACATE',214),(2114,'VILLA ALICIA',219),(2115,'VILLA ALLENDE',205),(2116,'VILLA ASCASUBI',211),(2117,'VILLA BUSTOS',207),(2118,'VILLA CANDELARIA',212),(2119,'VILLA CARLOS PAZ',207),(2120,'VILLA CERRO AZUL',205),(2121,'VILLA COLANCHANGA',205),(2122,'VILLA COLONIA ITALIANA',209),(2123,'VILLA CONCEPCION DEL TIO',210),(2124,'VILLA CORAZON DE MARIA',205),(2125,'VILLA CURA BROCHERO',215),(2126,'VILLA DE LAS ROSAS',228),(2127,'VILLA DE MARIA',212),(2128,'VILLA DE SOTO',222),(2129,'VILLA DEL DIQUE',218),(2130,'VILLA DEL LAGO',207),(2131,'VILLA DEL ROSARIO',226),(2132,'VILLA DEL TOTORAL',204),(2133,'VILLA DEL TRANSITO',210),(2134,'VILLA DOLORES',228),(2135,'VILLA ELISA',209),(2136,'VILLA ESQUIU',213),(2137,'VILLA FONTANA',221),(2138,'VILLA GARCIA',207),(2139,'VILLA GENERAL BELGRANO',218),(2140,'VILLA GIARDINO',207),(2141,'VILLA GUTIERREZ ,EMB. KM. 807',219),(2142,'VILLA HUIDOBRO ,EST.CAÑADA VERDE',224),(2143,'VILLA ICHO CRUZ',207),(2144,'VILLA INDEPENDENCIA',207),(2145,'VILLA LOS MOLINOS',218),(2146,'VILLA MARIA',220),(2147,'VILLA MODERNA',224),(2148,'VILLA ÑU PORA',205),(2149,'VILLA QUILINO',219),(2150,'VILLA RAFAEL BENEGAS',215),(2151,'VILLA REDUCCION',208),(2152,'VILLA ROSARIO DEL SALADILLO',227),(2153,'VILLA ROSSI',229),(2154,'VILLA RUMIPAL',218),(2155,'VILLA SAN ANTONIO',221),(2156,'VILLA SAN ESTEBAN',210),(2157,'VILLA SARMIENTO',224),(2158,'VILLA TULUMBA',227),(2159,'VILLA VALERIA',224),(2160,'VILLA VAUDAGNA',210),(2161,'VILLA VISO',217),(2162,'VIVAS, PEDRO E. ,EMB.KILOMETRO 658',221),(2163,'VIVERO',229),(2164,'WASHINGTON',203),(2165,'WATT ,EST.MELIDEO',224),(2166,'YACANTO',228),(2167,'YACANTO DE CALAMUCHITA',235),(2168,'YOCSINA',214),(2169,'ZUMARAN, ANA',216),(2170,'9 DE JULIO ,EST.PUEBLO DE JULIO',236),(2171,'ACUÑA',237),(2172,'AGUAPEY',238),(2173,'AGUAY',239),(2174,'ALEM CUE',240),(2175,'ALFONSO LOMA',241),(2176,'ALVEAR',238),(2177,'ANGUA',242),(2178,'APIPE',243),(2179,'ARERUNGUA',244),(2180,'ARROYITO',245),(2181,'ARROYO AMBROSIO ,AP.',242),(2182,'ARROYO GONZALEZ',236),(2183,'ARROYO PONTON',246),(2184,'BAIBIENE',239),(2185,'BAÑADO SUR',247),(2186,'BATEL',248),(2187,'BELLA VISTA',245),(2188,'BERON DE ASTRADA',244),(2189,'BONPLAND',249),(2190,'BOQUERON',241),(2191,'BUENA VISTA',250),(2192,'CAA GUAZU ,AP.',241),(2193,'CABRED',249),(2194,'CAMPO GRANDE',251),(2195,'CAMPO GRANDE',246),(2196,'CAÑADITAS',252),(2197,'CAPILLITAS',253),(2198,'CAPITAN JOAQUIN MADARIAGA',239),(2199,'CAZA PAVA',254),(2200,'CAZADORES CORRENTINOS',239),(2201,'CERRITO',253),(2202,'CERRUDO CUE',246),(2203,'CHAVARRIA',236),(2204,'COLONIA 3 DE ABRIL',245),(2205,'COLONIA BARRIENTOS',239),(2206,'COLONIA BUEN RETIRO',237),(2207,'COLONIA CARLOS PELLEGRINI',240),(2208,'COLONIA CAROLINA',250),(2209,'COLONIA CAROLINA ,AP.',250),(2210,'COLONIA GARABI',254),(2211,'COLONIA ISABEL VICTORIA',250),(2212,'COLONIA MADARIAGA',255),(2213,'COLONIA PANDO',236),(2214,'COLONIA PORVENIR',250),(2215,'COLONIA PROGRESO',245),(2216,'COLONIA PUCHETA',250),(2217,'COLONIA ROMERO',253),(2218,'COLONIA SAN MARTIN',253),(2219,'COLONIA SARGENTO JUAN B. CABRAL',242),(2220,'COLONIA TATACUA',256),(2221,'COLONIA YATAYTI CALLE',248),(2222,'CONCEPCION',256),(2223,'CONI, EMILIO R.',239),(2224,'CORONEL ABRAHAM SCHWEIZER',257),(2225,'CORONEL DESIDERIO SOSA',254),(2226,'CORRIENTES',247),(2227,'COSTA GRANDE',246),(2228,'CRUCESITA',248),(2229,'CRUZ DE LOS MILAGROS',248),(2230,'CUAY GRANDE',254),(2231,'CURUZU CUATIA',239),(2232,'DERQUI, MANUEL',251),(2233,'DESMOCHADO',245),(2234,'DIAZ COLODRERO,PEDRO',239),(2235,'DOCTOR FELIX MARIA GOMEZ ,AP.',247),(2236,'EJERCITO ARGENTINO ,DV.',241),(2237,'EL SOMBRERO ,EMB.',251),(2238,'EMPEDRADO LIMPIO',246),(2239,'ENSENADA GRANDE',258),(2240,'ESQUINA',257),(2241,'FANEGAS',250),(2242,'FERNANDEZ, PEDRO R.,EST.M.F.MANSILLA',236),(2243,'GALARZA',254),(2244,'GARRUCHOS',254),(2245,'GDOR.IGR.VALENTIN VIRASORO.GDOR.VIRASORO',254),(2246,'GOBERNADOR JUAN E.MARTINEZ',248),(2247,'GOYA',250),(2248,'GUAVIRAVI ,EST.25 DE FEBRERO',240),(2249,'GUAYQUIRARO',257),(2250,'HERLITKZA',246),(2251,'HORMIGUERO',254),(2252,'IBAHAY',253),(2253,'IFRAN',250),(2254,'INGENIO PRIMER CORRENTINO',258),(2255,'ISOQUI',240),(2256,'ITA IBATE',253),(2257,'ITATI',259),(2258,'ITUZAINGO',243),(2259,'KILOMETR 402 ,AP.',245),(2260,'KILOMETR0 167 ,AP.',237),(2261,'KILOMETR0 301 ,AP.',249),(2262,'KILOMETRO 104 ,AP.',237),(2263,'KILOMETRO 120 ,AP.',237),(2264,'KILOMETRO 161 ,PDA.',237),(2265,'KILOMETRO 173 ,EMB',237),(2266,'KILOMETRO 182 ,AP.',237),(2267,'KILOMETRO 204 ,AP.',249),(2268,'KILOMETRO 374 ,AP.',236),(2269,'KILOMETRO 382 ,AP.',236),(2270,'KILOMETRO 387 ,AP.',236),(2271,'KILOMETRO 394 ,AP.',238),(2272,'KILOMETRO 396 ,AP.',254),(2273,'KILOMETRO 405 .AP.',239),(2274,'KILOMETRO 406 ,AP.',245),(2275,'KILOMETRO 410 ,AP.',248),(2276,'KILOMETRO 416 ,AP.',248),(2277,'KILOMETRO 431 ,AP.',242),(2278,'KILOMETRO 442 ,AP.',254),(2279,'KILOMETRO 451 ,AP.',251),(2280,'KILOMETRO 459 ,AP.',254),(2281,'KILOMETRO 470 ,AP.',254),(2282,'KILOMETRO 476 ,AP.',251),(2283,'KILOMETRO 479 ,AP.',254),(2284,'KILOMETRO 485 ,AP.',251),(2285,'KILOMETRO 489 ,AP.',254),(2286,'KILOMETRO 492 ,AP.',251),(2287,'KILOMETRO 501 ,AP.',251),(2288,'KILOMETRO 504 ,AP.',247),(2289,'KILOMETRO 506 ,AP.',254),(2290,'KILOMETRO 512 ,AP.',247),(2291,'KILOMETRO 516 ,AP.',247),(2292,'KILOMETRO 517 ,AP.',254),(2293,'LA CASUALIDAD',257),(2294,'LA CRUZ',240),(2295,'LABOUGLE',237),(2296,'LAGUNA BRAVA',247),(2297,'LAS LOMAS',245),(2298,'LAS PALMITAS',238),(2299,'LAVALLE',248),(2300,'LIBERTAD',237),(2301,'LIBERTAD ,EST.',237),(2302,'LOMAS DE GALARZA',246),(2303,'LOMAS DE VALLEJOS',253),(2304,'LORETO',255),(2305,'LOZA, MARIANO I. ,EST.JUSTINO SOLARI',241),(2306,'MALOYAS',246),(2307,'MALVINAS',257),(2308,'MANANTIALES',260),(2309,'MBURUCUYA',260),(2310,'MERCEDES',241),(2311,'MINUANES ,AP.',239),(2312,'MONTE CASEROS',237),(2313,'MONTE GRANDE',246),(2314,'MORA',250),(2315,'MUCHAS ISLAS',245),(2316,'NARANJITO',241),(2317,'NUESTRA SEÑORA DEL ROSARIO DE CAA CATI',253),(2318,'OMBUCITO',249),(2319,'PAGO LARGO',239),(2320,'PAGO REDONDO',250),(2321,'PALMAR GRANDE',253),(2322,'PANCHO CUE',238),(2323,'PARAJE SAN ISIDRO',250),(2324,'PASO DE LA PATRIA',258),(2325,'PASO DE LOS LIBRES',249),(2326,'PASO FLORENTIN',253),(2327,'PASO ITU',238),(2328,'PASO PESOA',247),(2329,'PERUGORRIA',239),(2330,'PLAYADITO',243),(2331,'PUCHETA ,PDA.',249),(2332,'PUEBLO LIBERTADOR',257),(2333,'PUENTE BATEL',248),(2334,'PUERTO EMPEDRADO',251),(2335,'PUERTO GOYA',250),(2336,'PUERTO LAVALLE',248),(2337,'PUISOYE',253),(2338,'PUJOL, JUAN',237),(2339,'PUNTA GRANDE',260),(2340,'RAMADA PASO',259),(2341,'RAMONES',246),(2342,'RIACHUELO',247),(2343,'SAENZ VALIENTE',237),(2344,'SALADAS',242),(2345,'SALDAÑA',253),(2346,'SAN ANTONIO',249),(2347,'SAN CARLOS',243),(2348,'SAN COSME',258),(2349,'SAN GABRIEL',240),(2350,'SAN LORENZO',242),(2351,'SAN LUIS DEL PALMAR',246),(2352,'SAN MIGUEL',255),(2353,'SAN ROQUE',236),(2354,'SAN SALVADOR',249),(2355,'SANTA ANA',258),(2356,'SANTA LUCIA',248),(2357,'SANTA ROSA',256),(2358,'SANTILLAN',250),(2359,'SANTO TOME',254),(2360,'SAUCE',252),(2361,'TABAY',256),(2362,'TACUARAL',253),(2363,'TACUARITAS',236),(2364,'TAPEBICUA',249),(2365,'TIMBOCITO',241),(2366,'TORRENT',238),(2367,'UGUAY',241),(2368,'VACA CUA',239),(2369,'VILLA CORDOBA',248),(2370,'YAHAPE',244),(2371,'YAPEYU',240),(2372,'YAPEYU ,AP.',249),(2373,'YOFRE, FELIPE',241),(2374,'YUQUERI',241),(2375,'1° DE MAYO',261),(2376,'20 DE SEPTIEMBRE',262),(2377,'ACHAGUE',263),(2378,'ALBERTO GERCHUNOF ,PDA.',261),(2379,'ALDEA ASUNCION',264),(2380,'ALDEA BRASILERA',265),(2381,'ALDEA CUESTA',266),(2382,'ALDEA MARIA LUISA',266),(2383,'ALDEA PROTESTANTE',265),(2384,'ALDEA SAN ANTONIO',267),(2385,'ALDEA SAN GREGORIO',268),(2386,'ALDEA SAN JUAN',267),(2387,'ALDEA SANTA MARIA',266),(2388,'ALDEA SPATZENKUTTER',265),(2389,'ALDEA VALLE MARIA',265),(2390,'ALGARROBITOS',262),(2391,'ALTAMIRANO NORTE',263),(2392,'ALTAMIRANO SUR',263),(2393,'ANTELO',269),(2394,'ARANGUREN',269),(2395,'ARROYO BARU',268),(2396,'ARROYO CLE',263),(2397,'ARROYO DEL MEDIO',270),(2398,'ARROYO PALMAR ,EST.',268),(2399,'ARROYO URQUIZA',261),(2400,'ATENCIO',271),(2401,'BAJADA GRANDE',266),(2402,'BASAVILBASO',261),(2403,'BELGRANO',265),(2404,'BENITO LEGEREN ,AP.',272),(2405,'BERDUC ,EST.MARTINIANO LEGUIZAMON',268),(2406,'BERISSO ,EMB.',267),(2407,'BETBEDER',262),(2408,'BOCA DEL TIGRE ,AP.',266),(2409,'BOVRIL',273),(2410,'CALABACILLAS',272),(2411,'CAMPS',265),(2412,'CARBO, ENRIQUE',267),(2413,'CEIBAS',267),(2414,'CERRITO ,EST.COLONIA CERRITO',266),(2415,'CHAJARI',274),(2416,'CHAÑAR',275),(2417,'CLARA',270),(2418,'COLON',268),(2419,'COLONIA ARGENTINA',274),(2420,'COLONIA ARGENTINA',266),(2421,'COLONIA ARRUABARRENA',274),(2422,'COLONIA AVIGDOR',273),(2423,'COLONIA BELEZ',270),(2424,'COLONIA BUENA VISTA',273),(2425,'COLONIA CASEROS ,EST.CASEROS',261),(2426,'COLONIA CENTENARIO ,AP.',266),(2427,'COLONIA DELTA',267),(2428,'COLONIA EL CARMEN',268),(2429,'COLONIA EL SAUCE',261),(2430,'COLONIA ELIA',261),(2431,'COLONIA ENSANCHE SAUCE',274),(2432,'COLONIA HAMBIS',268),(2433,'COLONIA HOCKER',268),(2434,'COLONIA HUGHES',268),(2435,'COLONIA NUEVA ALEMANIA',270),(2436,'COLONIA SAN ERNESTO',268),(2437,'COLONIA SAN MIGUEL',268),(2438,'COLONIA SAN VICENTE',270),(2439,'CONCEPCION DEL URUGUAY',261),(2440,'CONCORDIA',272),(2441,'CONSCRIPTO BERNARDI',275),(2442,'COSTA GRANDE',265),(2443,'CRESPO',266),(2444,'CUCHILLA REDONDA',267),(2445,'CURTIEMBRE',266),(2446,'DIAMANTE',265),(2447,'DON CRISTOBAL',262),(2448,'DON GONZALO ,AP.',275),(2449,'DURAZNO',263),(2450,'EL BRILLANTE',268),(2451,'EL CIMARRON',275),(2452,'EL GUALEGUAY ,AP.',272),(2453,'EL MOCHO ,AP.',275),(2454,'EL PAGO ,AP.',275),(2455,'EL PALENQUE ,AP.',266),(2456,'EL PINGO',266),(2457,'EL REDOMON',272),(2458,'ESCRIÑA',267),(2459,'ESTACAS',273),(2460,'FABRICA COLON',268),(2461,'FEBRE',262),(2462,'FEDERACION',274),(2463,'FEDERAL',275),(2464,'FERNANDEZ ,EMB.',267),(2465,'FORTUNA',274),(2466,'GARAT, JUAN ,EST.GARAT',271),(2467,'GENERAL ALMADA',267),(2468,'GENERAL ALVEAR',265),(2469,'GENERAL CAMPOS',272),(2470,'GENERAL GALARZA',264),(2471,'GENERAL GUEMES',266),(2472,'GENERAL RACEDO',265),(2473,'GENERAL RAMIREZ ,EST.RAMIREZ',265),(2474,'GILBERT',267),(2475,'GOBERNADOR MANSILLA',263),(2476,'GONZALEZ CALDERON',264),(2477,'GONZALEZ, LUCAS',262),(2478,'GUALEGUAY',264),(2479,'GUALEGUAYCHU',267),(2480,'GUARDAMONTE',263),(2481,'HASENKAMP',266),(2482,'HERNANDEZ',262),(2483,'HERRERA',261),(2484,'HOLT ,EST',267),(2485,'IBICUY',267),(2486,'IRAZUSTA',267),(2487,'JUAN JORGE',268),(2488,'JUBILEO',270),(2489,'KILOMETRO 160 ,AP.',273),(2490,'KILOMETRO 180 ,AP.',263),(2491,'KILOMETRO 183,AP.',263),(2492,'KILOMETRO 200 ,AP.',263),(2493,'KILOMETRO 208 ,AP.',261),(2494,'KILOMETRO 213 ,AP.',263),(2495,'KILOMETRO 306 ,AP.',270),(2496,'KILOMETRO 325 ,AP.',270),(2497,'KILOMETRO 33 ,AP.',272),(2498,'KILOMETRO 340 ,PDA.',267),(2499,'KILOMETRO 361 ,EMB.',267),(2500,'KILOMETRO 389 ,AP.',267),(2501,'KILOMETRO 45 ,AP.',268),(2502,'LA ARGENTINA',267),(2503,'LA CALANDRIA',275),(2504,'LA CLARITA',268),(2505,'LA CRIOLLA',272),(2506,'LA ESMERALDA',271),(2507,'LA GRANJA',272),(2508,'LA HIERRA',271),(2509,'LA LLAVE',262),(2510,'LA PAZ',273),(2511,'LA PICADA',266),(2512,'LA QUERENCIA',272),(2513,'LA VIRGEN ,AP.',275),(2514,'LAGUNA LARGA',270),(2515,'LARROQUE',267),(2516,'LAS CUEVAS',265),(2517,'LAS DELICIAS',266),(2518,'LAS GARZAS',266),(2519,'LAS MERCEDES',267),(2520,'LAS MOSCAS',261),(2521,'LAS MULITAS',271),(2522,'LAZO',264),(2523,'LEDESMA, CLODOMIRO',272),(2524,'LEGUIZAMON',273),(2525,'LIBAROS',261),(2526,'LIEBIG',268),(2527,'LOS CHARRUAS',272),(2528,'LOS CONQUISTADORES',274),(2529,'MACIA',263),(2530,'MAGNASCO, OSVALDO',272),(2531,'MANDISOVI',274),(2532,'MAZARUCA',267),(2533,'MEDANOS',267),(2534,'MIÑONES',275),(2535,'MOJONES NORTE',270),(2536,'MOJONES SUR',270),(2537,'MOLINO DOLL',269),(2538,'MONTIEL',273),(2539,'MONTOYA',269),(2540,'MOREIRA',275),(2541,'NOGOYA',262),(2542,'NUEVA ESCOCIA',272),(2543,'NUEVA VIZCAYA',275),(2544,'ORO VERDE',266),(2545,'PALAVECINO',267),(2546,'PALMAR',268),(2547,'PALO A PIQUE',271),(2548,'PARANA',266),(2549,'PARANACITO ,EST.LIB.GRL.SAN MARTIN',267),(2550,'PARERA, FAUSTINO M.',267),(2551,'PARERA, RAMONA A. ,EMB.',266),(2552,'PASO DE LA LAGUNA',270),(2553,'PASTOR BRITOS',267),(2554,'PEDERNAL',272),(2555,'PERDICES',267),(2556,'PIEDRAS BLANCAS',273),(2557,'PILOTO AVILA',273),(2558,'PRIMER CONGRESO ,AP.',273),(2559,'PRONUNCIAMIENTO',261),(2560,'PUEBLO ARRUA ,EST.ALCARAZ',273),(2561,'PUEBLO BRUGO',266),(2562,'PUEBLO FERRE',272),(2563,'PUEBLO GENERAL PAZ',266),(2564,'PUEBLO MORENO',266),(2565,'PUERTO CUPALEN',261),(2566,'PUERTO IBICUY',267),(2567,'PUERTO UNZUE',267),(2568,'PUIGGARI',265),(2569,'RAICES',270),(2570,'RINCON DE NOGOYA',269),(2571,'ROCAMORA',261),(2572,'ROSARIO DE TALA ,EST.TALA',263),(2573,'SAN BENITO',266),(2574,'SAN GUSTAVO',273),(2575,'SAN JAIME',271),(2576,'SAN JORGE',270),(2577,'SAN JOSE DE FELICIANO',271),(2578,'SAN JUSTO',261),(2579,'SAN RAMON',274),(2580,'SAN SALVADOR',268),(2581,'SAN VICTOR',271),(2582,'SANTA ANA',274),(2583,'SANTA ANITA',261),(2584,'SANTA ELENA',273),(2585,'SAUCE DE LUNA',275),(2586,'SAUCE PINTO',266),(2587,'SEGUI',266),(2588,'SOLA',263),(2589,'SOSA',266),(2590,'STROBEL',265),(2591,'TABOSSI',266),(2592,'TALITA',261),(2593,'TALITAS ,AP.',273),(2594,'TENIENTE 1° BRIGIDO CAINZO ,AP.',275),(2595,'TEZANOS PINTO',266),(2596,'TRES BOCAS',264),(2597,'UBAJAY',268),(2598,'URDINARRAIN',267),(2599,'VIALE',266),(2600,'VICTORIA',269),(2601,'VILLA DEL ROSARIO',274),(2602,'VILLA DOMINGUEZ ,EST.DOMINGUEZ',270),(2603,'VILLA ELISA',268),(2604,'VILLA HERNANDARIAS',266),(2605,'VILLA MANTERO',261),(2606,'VILLA MARIA GRANDE',266),(2607,'VILLA NUEVA MONTEVIDEO',267),(2608,'VILLA PARANACITO',267),(2609,'VILLA SAN JOSE',268),(2610,'VILLA SAN JOSE',276),(2611,'VILLA SAN MARCIAL ,EST.GDR.URQUIZA',261),(2612,'VILLA URQUIZA',266),(2613,'VILLA ZORRAQUIN',272),(2614,'VILLAGUAY',270),(2615,'YAROS',272),(2616,'YERUA',272),(2617,'YESO',273),(2618,'YUQUERI',272),(2619,'APAYEREY',277),(2620,'BARTOLOME DE LAS CASAS',278),(2621,'BOUVIER',279),(2622,'BRUCHARD',278),(2623,'BUENA VISTA',280),(2624,'CABO 1RO. LUGONES',278),(2625,'CAMPO ALEGRE',278),(2626,'CLORINDA',279),(2627,'COLONIA ALTO ALEGRE',278),(2628,'COLONIA BUENA VISTA',277),(2629,'COLONIA CAMPO VILLAFAÑE',281),(2630,'COLONIA PASTORIL',282),(2631,'COLONIA PERIN',278),(2632,'COMANDANTE FONTANA',278),(2633,'CORONEL ARGENTINO LARRABURE',278),(2634,'DE LAS CASAS, BARTOLOME',278),(2635,'DEL CAMPO, ESTANISLAO',278),(2636,'DOCTOR CARLOS MONTAG',278),(2637,'DOCTOR E.RAMOS MEJIAS ,EST.CHIRIGUANOS',280),(2638,'DOCTOR GUMERSINDO SAYAGO',280),(2639,'DOCTOR JOSE DE GASPRI',280),(2640,'DOCTOR LUIS AGOTE',283),(2641,'EL CHAÑARAL',284),(2642,'EL COATI',281),(2643,'EL COLORADO',281),(2644,'EL PERDIDO',278),(2645,'EL TOTORAL',284),(2646,'ESPINILLO',285),(2647,'ESTERO PATIÑO ,AP.',281),(2648,'FORMOSA',282),(2649,'FORTIN PILCOMAYO',280),(2650,'FORTIN SARGENTO 1º LEYES',278),(2651,'FORTIN SOLEDAD',280),(2652,'GENERAL ENRIQUE MOSCONI',284),(2653,'GENERAL FRANCISCO BASILIANO BOSCH',280),(2654,'GRAN GUARDIA',282),(2655,'GUADALCAZAR',280),(2656,'HERRADURA',286),(2657,'IBARRETA',278),(2658,'INGENIERO ENRIQUE H.FAURE',280),(2659,'INGENIERO GUILLERMO N.JUAREZ',283),(2660,'KILOMETRO 1769',278),(2661,'KILOMETRO 1895 ,AP.',281),(2662,'KILOMETRO 213',281),(2663,'LA ESPERANZA',283),(2664,'LA FLORENCIA',283),(2665,'LA FRONTERA',279),(2666,'LA ISLETA',278),(2667,'LA PRIMAVERA',280),(2668,'LA SIRENA',280),(2669,'LAGUNA BLANCA',279),(2670,'LAGUNA NAICK-NECK',279),(2671,'LAGUNA YEMA',280),(2672,'LAPRIDA, FRANCISCO NARCISO DE',284),(2673,'LAS LOMITAS',278),(2674,'LOA MATACOS',281),(2675,'LOS PILAGAS ,EMB.',282),(2676,'MEDIA LUNA',284),(2677,'MISION TACAAGLE',277),(2678,'MISION YACARE',283),(2679,'MONTE LINDO CHICO',279),(2680,'PALMA SOLA',279),(2681,'PALMA SOLA',280),(2682,'PALMARCITO',284),(2683,'PALO SANTO',281),(2684,'PASO, JUAN JOSE',278),(2685,'PIRANE',281),(2686,'PORTEÑO VIEJO',278),(2687,'POSTA CAMBIO A ZALAZAR',278),(2688,'POSTA KILOMETRO 45',278),(2689,'POZO DEL TIGRE',278),(2690,'PRESIDENTE YRIGOYEN',282),(2691,'PUERTO CABO IRIGOYEN',280),(2692,'PUERTO DALMACIA',282),(2693,'PUERTO PILCOMAYO',279),(2694,'PUERTO VELAZ',286),(2695,'SAN CAMILO',280),(2696,'SAN FRANCISCO DE LAISHI',286),(2697,'SAN HILARIO',282),(2698,'SAN MARTIN 1',278),(2699,'SAN MARTIN 2',278),(2700,'SAN RAMON',278),(2701,'SARGENTO AYUDANTE VICTOR SANABRIA',278),(2702,'SELVA MARIA',284),(2703,'SIETE PALMAS',279),(2704,'TENIENTE BROWN',278),(2705,'TENIENTE GENERAL JUAN CARLOS SANCHEZ',279),(2706,'TENIENTE GENERAL ROSENDO M FRAGA',283),(2707,'TRES LAGUNAS',277),(2708,'VILLA ESCOLAR',286),(2709,'23 DE AGOSTO',287),(2710,'ABDON CASTRO TOLAY',288),(2711,'ABRA LAITE',288),(2712,'ABRA PAMPA',288),(2713,'AGUA CALIENTE',289),(2714,'AGUA CALIENTE',288),(2715,'AGUA CHICA',288),(2716,'AGUADITA',290),(2717,'AGUAS CALIENTES',289),(2718,'ALTO LA TORRE',291),(2719,'ALTO LA VIÑA',291),(2720,'BORDO LA ISLA',289),(2721,'CAIMANCITO',287),(2722,'CALILEGUA',287),(2723,'CANGREJILLOS',292),(2724,'CAPLA',293),(2725,'CARACARA',292),(2726,'CARAHUASI',294),(2727,'CASABINDO',288),(2728,'CASPALA',295),(2729,'CASTRO TOLAY, ABDON',288),(2730,'CATUA',296),(2731,'CERRILLOS',292),(2732,'CHALICAN',287),(2733,'CHAÑI ,AP.',291),(2734,'CHAUPI RODERO',293),(2735,'CHURQUI',297),(2736,'CIENAGUILLAS',297),(2737,'COCHINOCA',288),(2738,'CONDOR',293),(2739,'CORANZULI',296),(2740,'CORAYA',293),(2741,'CORRAL BLANCO',292),(2742,'EL AGUILAR',293),(2743,'EL BRETE',291),(2744,'EL CARMEN',289),(2745,'EL CARRIL',298),(2746,'EL CEIBAL',298),(2747,'EL MORENO',290),(2748,'EL PARQUE',291),(2749,'EL PIQUETE',299),(2750,'EL PORVENIR',296),(2751,'EL QUEMADO',300),(2752,'EL REMATE',291),(2753,'EL SUNCHAL',289),(2754,'ESCAYA',292),(2755,'FRAILE PINTADO',287),(2756,'GALAN, JUAN',291),(2757,'GUERRERO',291),(2758,'HORNILLOS',297),(2759,'HUACALERA',301),(2760,'HUMAHUACA',293),(2761,'INGENIO LA ESPERANZA',300),(2762,'INTI CANCHA',292),(2763,'ITURBE',293),(2764,'KILOMETRO 1129 ,DV.',291),(2765,'KILOMETRO 1137 ,EST.',300),(2766,'KILOMETRO 1149 ,AP.',291),(2767,'KILOMETRO 1183 ,AP.',291),(2768,'KILOMETRO 1210 ,DV.',302),(2769,'KILOMETRO 1243 ,AP.',301),(2770,'KILOMETRO 1247',302),(2771,'KILOMETRO 1278',293),(2772,'KILOMETRO 1289 ,AP.',293),(2773,'KILOMETRO 1321 ,DV.',293),(2774,'KILOMETRO 1373 ,AP.',296),(2775,'LA ALMONA',291),(2776,'LA CAPILLA',288),(2777,'LA CUEVA',293),(2778,'LA MENDIETA',300),(2779,'LA QUIACA',292),(2780,'LA TOMA',298),(2781,'LAGUNA',292),(2782,'LAS CUEVAS',291),(2783,'LEON',291),(2784,'LIBERTADOR GRL.SAN MARTIN, EST.LEDESMA',287),(2785,'LOS ALISOS',298),(2786,'LOS BLANCOS',291),(2787,'LOS CHANCHILLOS',291),(2788,'LOS LAPACHOS ,EST.MAQUINISTA VERON',289),(2789,'LOS PERALES',291),(2790,'MADREJON',291),(2791,'MAIMARA',301),(2792,'MEDANITOS',296),(2793,'MINA AJEDREZ',294),(2794,'MINA PIRQUITAS',294),(2795,'MONTE RICO',289),(2796,'MONTE RICO ,AP.',289),(2797,'OLACAPATO ,EST.',296),(2798,'OLAROZ CHICO',296),(2799,'OLAROZ GRANDE',296),(2800,'ORATORIO',297),(2801,'OROSMAYO',294),(2802,'PAIRIQUE CHICO',296),(2803,'PAIRIQUE GRANDE',296),(2804,'PALCA DE APARZO',293),(2805,'PALMA SOLA',299),(2806,'PALPALA ,EST.GRL.MANUEL N.SAVIO',291),(2807,'PAMPA BLANCA',289),(2808,'PAMPICHUELA',295),(2809,'PERICO',289),(2810,'PUEBLO LEDESMA',287),(2811,'PUEBLO VIEJO',293),(2812,'PUESTO DEL MARQUES',288),(2813,'PUESTO GRANDE',297),(2814,'PUMAHUASI',292),(2815,'PURMAMARCA',290),(2816,'QUICHAGUA',288),(2817,'REYES',291),(2818,'RINCONADA',294),(2819,'RINCONADILLAS',288),(2820,'RIO BLANCO ,AP.',291),(2821,'RIO GRANDE',288),(2822,'RODERO',293),(2823,'ROSARIO',294),(2824,'ROSARIO',294),(2825,'SAN ANTONIO',298),(2826,'SAN BERNARDO',290),(2827,'SAN JAVIER',290),(2828,'SAN JUAN DE DIOS',300),(2829,'SAN JUAN DE ORO',297),(2830,'SAN JUAN DE PALCA',297),(2831,'SAN JUANCITO',289),(2832,'SAN JUANCITO',292),(2833,'SAN PEDRITO',291),(2834,'SAN PEDRO ,EST.SAN PEDRO DE JUJUY',300),(2835,'SAN SALVADOR DE JUJUY ,EST.JUJUY',291),(2836,'SANTA ANA',295),(2837,'SANTA BARBARA',295),(2838,'SANTA CATALINA',297),(2839,'SANTA CLARA',299),(2840,'SANTO DOMINGO',294),(2841,'SAYATE',288),(2842,'SENADOR PEREZ',293),(2843,'SEY',296),(2844,'SIBERIA',296),(2845,'SOL DE MAYO',292),(2846,'SURIPUGIO',292),(2847,'SUSQUES',296),(2848,'TABLADITAS',288),(2849,'TAFNA',292),(2850,'TERMAS DE REYES',291),(2851,'TILCARA',301),(2852,'TIMON CRUZ',297),(2853,'TIOMAYO',294),(2854,'TIONSO',293),(2855,'TRES CRUCES',293),(2856,'TRES MORROS',290),(2857,'TUMBAYA',290),(2858,'TURU TARI',296),(2859,'TUSAQUILLA',288),(2860,'UQUIA',293),(2861,'VALLE COLORADO',295),(2862,'VALLE GRANDE',295),(2863,'VILLA ACHAVAL',291),(2864,'VOLCAN',290),(2865,'YALA',291),(2866,'YAVI',292),(2867,'YOSCABA',297),(2868,'YUTO',287),(2869,'ZAPLA',291),(2870,'ABRAMO',303),(2871,'ADOLFO VAN PRAET',304),(2872,'AGUSTONI',305),(2873,'ALFREDO PEÑA',306),(2874,'ALGARROBO DEL AGUILA',307),(2875,'ALPACHIRI',308),(2876,'ALTA ITALIA',304),(2877,'ANGUIL',309),(2878,'ANZOATEGUI',310),(2879,'APUYACO',308),(2880,'ARATA',311),(2881,'ATALIVA ROCA',312),(2882,'ATREUCO',313),(2883,'BAJO DE LAS PALOMAS',314),(2884,'BERNARDO LARROUDE',315),(2885,'BERNASCONI',303),(2886,'BOEUF',316),(2887,'BUTA RANQUIL',317),(2888,'CACHIRULO',314),(2889,'CALEUFU',318),(2890,'CANE, MIGUEL',319),(2891,'CARRO QUEMADO',320),(2892,'CASTEX, EDUARDO',321),(2893,'CATRILO',322),(2894,'CEBALLOS',323),(2895,'CEREALES',313),(2896,'CHACHARRAMENDI',324),(2897,'CHAMAICO',318),(2898,'CHICAL CO',307),(2899,'COLONIA 25 DE MAYO',317),(2900,'COLONIA BARON',319),(2901,'COLONIA EMILIO MITRE',325),(2902,'COLONIA INES Y CARLOTA',309),(2903,'COLONIA LA PASTORIL',325),(2904,'COLONIA SAN JOSE',319),(2905,'COLONIA SANTA TERESA',308),(2906,'CONHELO',321),(2907,'CORONEL HILARIO LAGOS',323),(2908,'COTITA',303),(2909,'CUCHILLO-CO',326),(2910,'DOBLAS',313),(2911,'DORILA',327),(2912,'EL DURAZNO',320),(2913,'EMBAJADOR MARTINI',304),(2914,'EPU-PEL',312),(2915,'FALUCHO',304),(2916,'GAMAY',324),(2917,'GAVIOTAS',328),(2918,'GENERAL ACHA',324),(2919,'GENERAL MANUEL CAMPOS',308),(2920,'GENERAL PICO',327),(2921,'GENERAL SAN MARTIN',303),(2922,'GOBERNADOR AYALA',317),(2923,'GOBERNADOR DUVAL',329),(2924,'GUATRACHE',308),(2925,'HIDALGO',313),(2926,'HUCAL',303),(2927,'HUELEN',319),(2928,'INGENIERO FOSTER',318),(2929,'INGENIERO LUIGGI',304),(2930,'INTENDENTE ALVEAR',323),(2931,'IVANOWSKY',322),(2932,'KILOMETRO 755 ,DV.',328),(2933,'LA ADELA',328),(2934,'LA ASTURIANA',326),(2935,'LA COPELINA',317),(2936,'LA ESTRELLA',330),(2937,'LA GLORIA',322),(2938,'LA MARUJA',318),(2939,'LA PRIMAVERA',330),(2940,'LA REFORMA',330),(2941,'LARROUDE, BERNARDO',323),(2942,'LAVALLE, RICARDO',304),(2943,'LIHUEL CALEL',326),(2944,'LIMAY MAHUIDA',330),(2945,'LONQUIMAY',322),(2946,'LOVENTUE',320),(2947,'LUAN TORO',320),(2948,'MACACHIN',313),(2949,'MAISONAVE, DAMIAN ,EST.SIMSON',304),(2950,'MAYER, MAURICIO',321),(2951,'METILEO',311),(2952,'MONTE NIEVAS',321),(2953,'NAICO',314),(2954,'OJEDA',304),(2955,'OLONIA SANTA MARIA',324),(2956,'PARERA',318),(2957,'PASO DE LOS ALGARROBOS',325),(2958,'PEÑA, ALFREDO',319),(2959,'PERU',308),(2960,'PICHI HUINCA',318),(2961,'PUELCHES',329),(2962,'PUELEN',317),(2963,'QUEHUE',324),(2964,'QUEMU QUEMU',319),(2965,'QUETREQUEN',318),(2966,'RANCUL',318),(2967,'REALICO',304),(2968,'RELMO',319),(2969,'REMECO',308),(2970,'RIGLOS, MIGUEL',313),(2971,'ROCA, ATALIVA',324),(2972,'ROLON',313),(2973,'RUCANELO',321),(2974,'SANTA ISABEL',325),(2975,'SANTA ROSA',309),(2976,'SARAH',323),(2977,'SPELUZZI',327),(2978,'TELEN',320),(2979,'TENIENTE GENERAL EMILIO MITRE',321),(2980,'TOAY',314),(2981,'TREBOLARES',327),(2982,'TRENEL',311),(2983,'TRILI',327),(2984,'UNANJE',324),(2985,'URIBURU',322),(2986,'UTRACAN',324),(2987,'VAN PRAET, ADOLFO',304),(2988,'VERTIZ',323),(2989,'VICTORICA',320),(2990,'VILLA MIRASOL',319),(2991,'WINIFREDA',321),(2992,'AGUA BLANCA',331),(2993,'AGUAYO',332),(2994,'AICUÑA',333),(2995,'AIMOGASTA',334),(2996,'ALCAZAR',335),(2997,'ALPASINCHE',336),(2998,'AMANA',337),(2999,'AMBIL',338),(3000,'AMINGA',331),(3001,'ANDALUCAS',336),(3002,'ANGUINAN',339),(3003,'ANGULOS',340),(3004,'ANILLACO',331),(3005,'ANIMAN',331),(3006,'ANJULLON',331),(3007,'ANTINACO',340),(3008,'ARAUCO',334),(3009,'ATILES',341),(3010,'BAJO DEL GALLO',342),(3011,'BAJO GRANDE',343),(3012,'BAJO HONDO',344),(3013,'BANDA FLORIDA',333),(3014,'BAZAN',345),(3015,'BELLA VISTA',346),(3016,'CABOLLAR',345),(3017,'CAMPANAS',340),(3018,'CARRIZAL',347),(3019,'CARRIZAL',345),(3020,'CARRIZAL',340),(3021,'CASTRO BARROS',343),(3022,'CATINZACO',339),(3023,'CHAMICAL ,EST.GOBERNADOR GORDILLO',348),(3024,'CHAÑAR',343),(3025,'CHAÑARMUYO',340),(3026,'CHELCOS',332),(3027,'CHEPES',349),(3028,'CHEPES VIEJO',349),(3029,'CHILECITO',339),(3030,'CHUQUIS',331),(3031,'COCHANGASTA',345),(3032,'COMANDANTE LEAL',338),(3033,'CORRAL DE ISAAC',332),(3034,'CORTADERAS',343),(3035,'CUATRO ESQUINAS',332),(3036,'EL ALTO',347),(3037,'EL BARREAL',345),(3038,'EL CALDEN',350),(3039,'EL CHIFLON',337),(3040,'EL CONDADO',351),(3041,'EL MOLLAR',348),(3042,'EL PORTEZUELO',352),(3043,'EL POTRERILLO',340),(3044,'EL QUEBRACHO',345),(3045,'EL RODEO',349),(3046,'EL SUNCHAL',345),(3047,'EL TALA',349),(3048,'EL VILGO',337),(3049,'FAMATINA',340),(3050,'GUANDACOL',333),(3051,'ILISCA',349),(3052,'JAGUE',344),(3053,'KILOMETRO 875 ,DV.',345),(3054,'KILOMETRO 891 ,AP.',345),(3055,'LA AGUADITA',347),(3056,'LA AGUADITA DE LOS BRIZUELA',345),(3057,'LA BANDA',344),(3058,'LA CALERA',345),(3059,'LA CIENAGA',344),(3060,'LA CIENAGA',343),(3061,'LA FALDA DE CITAN',347),(3062,'LA ISLA ,EST.',332),(3063,'LA JARILLA',349),(3064,'LA MERCED',347),(3065,'LA PERSEGUIDA',345),(3066,'LA PUERTA',339),(3067,'LA REPRESA',332),(3068,'LA RIOJA',345),(3069,'LAS CLOACAS',345),(3070,'LAS COLORADAS',337),(3071,'LAS PADERCITAS',345),(3072,'LAS TOSCAS',349),(3073,'LOMA BLANCA',343),(3074,'LOMA LARGA',352),(3075,'LOS AGUIRRES',353),(3076,'LOS ALANICES',338),(3077,'LOS BALDES',348),(3078,'LOS MOGOTES',337),(3079,'LOS MOLINOS',331),(3080,'LOS PALACIOS',333),(3081,'LOS SARMIENTOS',339),(3082,'LOS TAMBILLOS',333),(3083,'MACHIGASTA',334),(3084,'MAJADITA',351),(3085,'MALANZAN',352),(3086,'MALLIGASTA',339),(3087,'MASCASIN',349),(3088,'MAZAN ,EST.',334),(3089,'MILAGRO',338),(3090,'MINA LA MEJICANA',339),(3091,'MIRANDA',339),(3092,'MOLLACO',352),(3093,'NACATE',352),(3094,'NONOGASTA',339),(3095,'ÑOQUEBE',349),(3096,'OBRAJE DE TOSCANO',345),(3097,'OLPAS',338),(3098,'OLTA',343),(3099,'PAGANCILLO',333),(3100,'PAGANZO',337),(3101,'PATQUIA',337),(3102,'PINCHAS',331),(3103,'PITUIL',340),(3104,'PORTEZUELO DE ARCE',332),(3105,'POZO DE AVILA',345),(3106,'POZO DE PIEDRA',332),(3107,'PUERTO ALEGRE',345),(3108,'PUERTO ALEGRE',333),(3109,'PUNTA DE LOS LLANOS',347),(3110,'REAL DEL CADILLO ,DV.',349),(3111,'RETAMAL',352),(3112,'RIVADAVIA',351),(3113,'SALADILLO',345),(3114,'SAN ANTONIO',349),(3115,'SAN ANTONIO',345),(3116,'SAN BLAS',336),(3117,'SAN ISIDRO',349),(3118,'SAN JUAN',345),(3119,'SAN PEDRO',331),(3120,'SAN RAMON',352),(3121,'SAN ROQUE',352),(3122,'SAN SOLANO',332),(3123,'SANOGASTA',339),(3124,'SANTA CLARA',333),(3125,'SANTA CRUZ',340),(3126,'SANTA CRUZ ,DV.',349),(3127,'SANTO DOMINGO',345),(3128,'SCHAQUI',336),(3129,'SIERRA BRAVA',345),(3130,'SOLCA',352),(3131,'TALAMUYUNA',345),(3132,'TALVA',343),(3133,'TAMA',347),(3134,'TASQUIN',347),(3135,'TELLO, DESIDERIO',332),(3136,'TERMAS SANTA TERESITA',334),(3137,'TOTORAL',349),(3138,'TUIZON',347),(3139,'ULAPES',332),(3140,'VICHIGASTA',339),(3141,'VILLA CASANA',349),(3142,'VILLA CASTELLI',351),(3143,'VILLA MAZAN',334),(3144,'VILLA SANAGASTA',354),(3145,'VILLA SANTA RITA',338),(3146,'VILLA UNION',333),(3147,'VINCHINA',344),(3148,'25 DE MAYO',355),(3149,'AGRELO',356),(3150,'AGUA ESCONDIDA',357),(3151,'AGUA NUEVA ,EMB.CAÑADA AMARILLA',355),(3152,'ALDEA LA PRIMAVERA',358),(3153,'ALGARROBITO',359),(3154,'ALTO VERDE',360),(3155,'ALTOS DEL OLVIDO',359),(3156,'ANCHORIS',361),(3157,'ANCON',361),(3158,'ANDRADE',362),(3159,'ARISTIDES VILLANUEVA',355),(3160,'ARROYITO',359),(3161,'BAJO LUNLUNTA',363),(3162,'BAÑOS LUNLUNTA',356),(3163,'BARCALA',363),(3164,'BARDAS BLANCAS',357),(3165,'BARRANCAS',363),(3166,'BARRAQUERO',364),(3167,'BERMEJO',358),(3168,'BOWEN',365),(3169,'BUENA NUEVA',358),(3170,'CACHEUTA',356),(3171,'CADETES DE CHILE',366),(3172,'CALMUCO',357),(3173,'CAMPO LOS ANDES',367),(3174,'CAMPOS, GASPAR',365),(3175,'CAÑADA SECA',355),(3176,'CANALEJAS',365),(3177,'CAPACHO',368),(3178,'CAPDEVILLE',369),(3179,'CAPILLA DEL ROSARIO',358),(3180,'CAPILLA DEL ROSARIO',359),(3181,'CARMENSA',365),(3182,'CHACRAS DE CORIA ,EST.PASO DE LOS ANDES',370),(3183,'CHAPANAY',371),(3184,'CHILECITO',368),(3185,'COEHUE-CO',357),(3186,'COLONIA 3 DE MAYO',359),(3187,'COLONIA ALVEAR',365),(3188,'COLONIA LAS ROSAS',367),(3189,'COLONIA SUR',372),(3190,'COMANDANTE SALAS',372),(3191,'COQUIMBITO',363),(3192,'CORRAL DE LORCA',365),(3193,'CORRALITOS',358),(3194,'COSTA DE ARAUJO',359),(3195,'CRUZ DE PIEDRA',363),(3196,'CUADRO NACIONAL',355),(3197,'DESAGUADERO',366),(3198,'EL ALGARROBO',372),(3199,'EL ALPERO ,EMB.',359),(3200,'EL BORBOLLON',369),(3201,'EL CARRIZAL ABAJO',370),(3202,'EL CARRIZAL DE ARRIBA',370),(3203,'EL CENTRAL',371),(3204,'EL CHALLAO',369),(3205,'EL FORZADO',359),(3206,'EL MANZANO',357),(3207,'EL MIRADOR',362),(3208,'EL NIHUIL',355),(3209,'EL NIHUIL ,EST.',355),(3210,'EL PARAISO',363),(3211,'EL PASTAL',369),(3212,'EL PLUMERILLO',369),(3213,'EL RESGUARDO',369),(3214,'EL RETAMO',359),(3215,'EL SAUCE',358),(3216,'EL SOSNEADO',355),(3217,'EL VERGEL',359),(3218,'ESPEJO',369),(3219,'ESQUINA PESCADERO',358),(3220,'ESTANCIA LA PAMPA',367),(3221,'FRAY LUIS BELTRAN',363),(3222,'GENERAL ALVEAR ,EST.COLONIA ALVEAR NORTE',365),(3223,'GENERAL AMIGORENA ,EMB.',358),(3224,'GENERAL GUTIERREZ',363),(3225,'GENERAL LAVALLE',359),(3226,'GENERAL ORTEGA',363),(3227,'GERMANIA',369),(3228,'GOBERNADOR BENEGAS',364),(3229,'GOBERNADOR CIVIT',372),(3230,'GODOY CRUZ',364),(3231,'GOICO',365),(3232,'GOUDGE',355),(3233,'GUADALES',355),(3234,'GUIDO',369),(3235,'HORNITO DEL GRINGO',369),(3236,'INGENIERO GIAGNONI',371),(3237,'INGENIERO GUSTAVO ANDRE',359),(3238,'ISELIN, RODOLFO',355),(3239,'JOCOLI',369),(3240,'JOCOLI VIEJO',359),(3241,'JUNIN',360),(3242,'JUSUS NAZARENO',358),(3243,'KILOMETRO 976 ,EST.',359),(3244,'LA ARBOLEDA',361),(3245,'LA CARRODILLA',370),(3246,'LA CAUTIVA',366),(3247,'LA CIENAGUITA',369),(3248,'LA CONSULTA',368),(3249,'LA COSTA',372),(3250,'LA DORMIDA',372),(3251,'LA ESCANDINAVA',365),(3252,'LA HOLANDA',359),(3253,'LA HULLERA',369),(3254,'LA MARZOLINA',365),(3255,'LA MORA',365),(3256,'LA PAZ',366),(3257,'LA PEGA',359),(3258,'LA UNION',369),(3259,'LA VALENCIANA',357),(3260,'LAGUNITA',358),(3261,'LAS CATITAS ,EST.JOSE NESTOR LENCINAS',372),(3262,'LAS CHACRAS',357),(3263,'LAS CUEVAS',369),(3264,'LAS HERAS ,EST.CABINA TAMARINDOS',369),(3265,'LAS MALVINAS',355),(3266,'LAS PAREDES ,EST.CAPITAN MONTOYA',355),(3267,'LOA ALAMITOS',368),(3268,'LOMAS BLANCAS',372),(3269,'LOS ARBOLES',367),(3270,'LOS ARBOLES',362),(3271,'LOS HUARPES ,AP.',365),(3272,'LOS MOLLES',357),(3273,'LOS SAUCES',367),(3274,'LOS TERNEROS ,DV.',355),(3275,'LUJAN DE CUYO',370),(3276,'LUNLUNTA',363),(3277,'LUZURIAGA',363),(3278,'MAIPU',363),(3279,'MALARGUE',357),(3280,'MAQUINISTA LEVET',366),(3281,'MAYOR DRUMMOND',370),(3282,'MEDIA LUNA',365),(3283,'MEDRANO',360),(3284,'MENDOZA',373),(3285,'MINACAR',357),(3286,'MINAS SALAGASTA',369),(3287,'MONTE COMAN',355),(3288,'MOYANO, FEDERICO J.',369),(3289,'ÑACUNAN',372),(3290,'NEGRO QUEMADO',355),(3291,'NEWBERY, JORGE',360),(3292,'ÑIRE-CO',357),(3293,'NUEVA CALIFORNIA ,EST.MOLUCHES',371),(3294,'OVEJERIA',365),(3295,'PALMIRA',371),(3296,'PAMPA DEL TIGRE',365),(3297,'PAMPITA',366),(3298,'PANQUEUA',369),(3299,'PARAMILLO ,AP.',359),(3300,'PAREDITAS',368),(3301,'PEDREGAL',363),(3302,'PERDRIEL',370),(3303,'PHILIPPS',360),(3304,'PICHI CIEGO',372),(3305,'PIRQUITA',366),(3306,'POLVAREDAS',369),(3307,'POTRERILLOS',370),(3308,'PRATS, JAIME',355),(3309,'PUEBLO NUEVO (KM.ONCE)',358),(3310,'PUENTE DEL INCA',369),(3311,'PUNTA DE VACA',369),(3312,'PUNTA DEL AGUA',355),(3313,'PUNTILLA',370),(3314,'RAMA CAIDA',355),(3315,'RANQUIL DEL NORTE',357),(3316,'REAL DEL PADRE',355),(3317,'RESOLANA',355),(3318,'RINCON DEL ATUEL ,EST.ING.BALLOFFET',355),(3319,'RIVADAVIA',362),(3320,'RODEO DE LA CRUZ',358),(3321,'RODEO DEL MEDIO',363),(3322,'RODRIGUEZ PEÑA',360),(3323,'RUSSELL',363),(3324,'SALINAS DEL DIAMANTE ,EST.',355),(3325,'SALTO DE LAS ROSAS',355),(3326,'SAN CARLOS',368),(3327,'SAN JOSE',361),(3328,'SAN JOSE',359),(3329,'SAN MARTIN ,EST.LIB.GRL.SAN MARTIN',371),(3330,'SAN MIGUEL',359),(3331,'SAN RAFAEL',355),(3332,'SAN ROQUE',363),(3333,'SANTA MARIA DE ORO',362),(3334,'SANTA ROSA',372),(3335,'SOITUE',355),(3336,'TERMAS VILLAVICENCIO',369),(3337,'TRES ESQUINAS',368),(3338,'TRES PORTEÑAS',371),(3339,'TROPERO SOSA ,EMP.',369),(3340,'TUNUYAN',367),(3341,'TUPUNGATO',361),(3342,'UGARTECHE',370),(3343,'USPALLATA',369),(3344,'USPALLATA ,EST.',370),(3345,'VARGAS, PEDRO',355),(3346,'VILLA ATUEL',355),(3347,'VILLA BASTIA',361),(3348,'VILLA EDELMIRA',363),(3349,'VILLA HIPODROMO',364),(3350,'VILLA LA PAZ',366),(3351,'VILLA NUEVA',358),(3352,'VILLA SECA',367),(3353,'VILLANUEVA, ARISTIDES',355),(3354,'VISTA FLORES',367),(3355,'VISTALBA',370),(3356,'ZAPATA',361),(3357,'25 DE MAYO',374),(3358,'25 DE MAYO',375),(3359,'9 DE JULIO',376),(3360,'ALBA POSE',374),(3361,'ALMAFUERTE',377),(3362,'APOSTOLES',378),(3363,'ARISTOBULO DEL VALLE',379),(3364,'ARROYO DEL MEDIO',380),(3365,'AZARA',378),(3366,'BARRA BONITA',374),(3367,'BARRA CONCEPCION',381),(3368,'BARRANCON SAN PEDRO',382),(3369,'BELLA VISTA',383),(3370,'BERNARDO DE IRIGOYEN',384),(3371,'BONPLAND',383),(3372,'CAA YARI',380),(3373,'CAMPANA',385),(3374,'CAMPIÑAS DE AMERICA',384),(3375,'CAMPO GRANDE',379),(3376,'CAMPO RAMON',385),(3377,'CAMPO VIERA',385),(3378,'CANDELARIA',383),(3379,'CAPIOVI',386),(3380,'CAPIOVICINO',386),(3381,'CATARATAS DEL IGUAZU',375),(3382,'CERRO AZUL',377),(3383,'CERRO CORA',383),(3384,'COLONIA APOSTOLES',378),(3385,'COLONIA ARISTOBULO DEL VALLE',379),(3386,'COLONIA AURORA',374),(3387,'COLONIA MBOPICUA',386),(3388,'COLONIA NARANJITO',387),(3389,'COLONIA SANTA TERESA',388),(3390,'COLONIA YABEBIRY',385),(3391,'CONCEPCION DE LA SIERRA',381),(3392,'CORPUS',387),(3393,'CUÑAPIRU',386),(3394,'DEL VALLE, ARISTOBULO',379),(3395,'DESEADO',389),(3396,'DOS ARROYOS',380),(3397,'DOS DE MAYO',379),(3398,'EL ALCAZAR',390),(3399,'EL PARAISO',378),(3400,'EL SOBERBIO',391),(3401,'EL TIGRE',379),(3402,'ELDORADO',392),(3403,'FACHINAL',393),(3404,'FRACRAN',394),(3405,'GARUPA',393),(3406,'GENERAL ALVEAR',385),(3407,'GENERAL GUEMES',380),(3408,'GOBERNADOR JUAN J.LANUSSE',375),(3409,'GOBERNADOR LOPEZ',380),(3410,'GOBERNADOR ROCA',387),(3411,'GUARANI',385),(3412,'INVERNADA DE ITACARUARE',395),(3413,'IRIGOYEN, BERNARDO DE',389),(3414,'ITACARUARE',395),(3415,'JARDIN AMERICA',387),(3416,'KILOMETRO 18',388),(3417,'KILOMETRO 538 ,AP.',378),(3418,'KILOMETRO 546 ,AP.',378),(3419,'KILOMETRO 577',393),(3420,'LA GRUTA',382),(3421,'LAHARRAGE',388),(3422,'LANUS, MIGUEL',393),(3423,'LAS TUNAS',378),(3424,'LEIS ,PDA.',393),(3425,'LORETO',383),(3426,'LOS HELECHOS',385),(3427,'MACHADINO',381),(3428,'MARTIRES',383),(3429,'MOJON GRANDE',395),(3430,'MONTEAGUDO',394),(3431,'MONTECARLO',388),(3432,'ÑACANGUAZU',387),(3433,'OBERA',385),(3434,'PANAMBI',385),(3435,'PIÑALITO',382),(3436,'PINDAPOY ,EST.',378),(3437,'POSADAS',393),(3438,'PROFUNDIDAD',383),(3439,'PUEBLO TARUMA',388),(3440,'PUERTO 3 DE MAYO',386),(3441,'PUERTO AVELLANEDA',388),(3442,'PUERTO BOSSETTI',375),(3443,'PUERTO CARAGUATAY',388),(3444,'PUERTO CONCEPCION',381),(3445,'PUERTO DELICIA',392),(3446,'PUERTO ELDORADO',392),(3447,'PUERTO ELVECIA',375),(3448,'PUERTO ERRECABORDE',375),(3449,'PUERTO ESPAÑA',387),(3450,'PUERTO ESPERANZA',375),(3451,'PUERTO GARUHAPE',386),(3452,'PUERTO GISELA',387),(3453,'PUERTO IGUAZU',375),(3454,'PUERTO INGENIERO MORANDI',386),(3455,'PUERTO LEONI',386),(3456,'PUERTO LIBERTAD',375),(3457,'PUERTO LONDERO',374),(3458,'PUERTO MADO',376),(3459,'PUERTO MENOCCHIO',387),(3460,'PUERTO NARANJITO',387),(3461,'PUERTO OASIS',386),(3462,'PUERTO ORO VERDE',386),(3463,'PUERTO PARAISO',394),(3464,'PUERTO PARANAY',386),(3465,'PUERTO PAULITO',375),(3466,'PUERTO PENINSULA',375),(3467,'PUERTO PINARES',392),(3468,'PUERTO PIRAY',388),(3469,'PUERTO RICO',396),(3470,'PUERTO ROSARIO',395),(3471,'PUERTO SAN ANTONIO',374),(3472,'PUERTO SAN ISIDRO',381),(3473,'PUERTO SAN LUCAS',381),(3474,'PUERTO SAN MARTIN',374),(3475,'PUERTO SEGUNDO',375),(3476,'PUERTO VICTORIA',392),(3477,'PUERTO YRIGOYEN',375),(3478,'PURTO MINERAL',386),(3479,'RUIZ DE MONTOYA',386),(3480,'SALTO',385),(3481,'SAN ANTONIO',389),(3482,'SAN FRANCISCO DE ASIS',374),(3483,'SAN IGNACIO',387),(3484,'SAN JAVIER',395),(3485,'SAN JOSE',378),(3486,'SAN PEDRO',382),(3487,'SAN VICENTE',394),(3488,'SANTA ANA',383),(3489,'SANTA MARIA',381),(3490,'SANTA RITA',374),(3491,'SANTA RITA',374),(3492,'SANTO PIPO',387),(3493,'TACUARUZU',383),(3494,'TOBUNA',382),(3495,'TRES CAPONES',378),(3496,'VILLA LONCA',393),(3497,'WANDA',375),(3498,'YRIGOYEN, HIPOLITO',387),(3499,'ACHICO',397),(3500,'ALUMINE',398),(3501,'ANDACOLLO',399),(3502,'AÑELO',400),(3503,'ARROYITO CHALLACO',401),(3504,'ARROYO BLANCO',402),(3505,'ASTRA',401),(3506,'AUCA MAHUIDA',400),(3507,'BAJADA COLORADA',397),(3508,'BAJADA DEL AGRIO',403),(3509,'BAÑOS LAS MAQUINITAS',404),(3510,'BARRANCAS',405),(3511,'BELLA VISTA',399),(3512,'BOTE',399),(3513,'BUTA MALLIN',404),(3514,'BUTA RANQUIL',405),(3515,'BUTACO',405),(3516,'CAJON DE ALMANZA',406),(3517,'CAJON DEL MANZANO',406),(3518,'CALIFORNIA',401),(3519,'CAMPANA MAHUIDA',406),(3520,'CAMPO GRANDE',407),(3521,'CASTRO, RAMON M.',408),(3522,'CATAN LIL',409),(3523,'CENTENARIO',401),(3524,'CHACAICO SUR',409),(3525,'CHALLACO',401),(3526,'CHOS MALAL',402),(3527,'CODIHUE',403),(3528,'COIHUECO',406),(3529,'COLIPILLI',410),(3530,'COLLON CURA',397),(3531,'COLLON-CO',407),(3532,'COPAHUE',410),(3533,'CORRENTOSO',411),(3534,'CORTADERA',405),(3535,'COVUNCO',403),(3536,'CUTRAL-CO',401),(3537,'EL CHOLAR',410),(3538,'EL HUECU',410),(3539,'EL MARUCHO',409),(3540,'ESPINAZO DEL ZORRO',409),(3541,'FORTIN 1º DE MAYO',409),(3542,'HUINGANCO',399),(3543,'JUNIN DE LOS ANDES',407),(3544,'LA BUITRERA',403),(3545,'LA LIPELA',411),(3546,'LA NEGRA',409),(3547,'LA PICAZA',409),(3548,'LAS COLORADAS',409),(3549,'LAS LAJAS',403),(3550,'LAS OVEJAS',399),(3551,'LILEO',399),(3552,'LONCOPUE',406),(3553,'LOS HELECHOS',407),(3554,'LOS MOLLES',409),(3555,'MALLEO',407),(3556,'MORENO, MARIANO',408),(3557,'MULICHINCO',406),(3558,'NAHUEL HUAPI',411),(3559,'NAUNAUCO',410),(3560,'NEUQUEN',401),(3561,'ÑORQUIN',410),(3562,'PASO DE LOS INDIOS',408),(3563,'PICUN LEUFU',412),(3564,'PIEDRA DEL AGUILA',397),(3565,'PILOLIL',409),(3566,'PINO HACHADO',403),(3567,'PLAZA HUINCUL',401),(3568,'PLOTTIER',401),(3569,'PUERTO HUA-HUM',413),(3570,'PUERTO HUEMUL',411),(3571,'PUERTO MANZANO',411),(3572,'QUILACHANQUIL',398),(3573,'QUILI MALAL',403),(3574,'RAHUE',398),(3575,'RANQUILCO',414),(3576,'SAN IGNACIO',407),(3577,'SAN MARTIN DE LOS ANDES',413),(3578,'SANICO',397),(3579,'SENILLOSA',401),(3580,'TRAFUL',411),(3581,'TRES CHORROS',410),(3582,'TRICAO MALAL',402),(3583,'VARVARCI',399),(3584,'VILLA EL CHOCON',401),(3585,'VILLA LA ANGOSTURA',411),(3586,'VILLA TRAFUL',411),(3587,'VISTA ALEGRE',401),(3588,'ZAPALA',408),(3589,'AGUADA CECILIO',415),(3590,'AGUADA DE GUERRA',416),(3591,'AGUADA DE GUZMAN',417),(3592,'AGUADA TRONCOSO',418),(3593,'ALLEN',419),(3594,'ARROYO DE LA VENTANA',415),(3595,'ARROYO VERDE',415),(3596,'BARDA DEL MEDIO ,EST.KM 1218',419),(3597,'BENJAMIN ZORRILLA',420),(3598,'BOCA DE LA TRAVESIA',421),(3599,'BUENA PARADA',422),(3600,'CATRIEL',419),(3601,'CERRO ABANICO ,AP.',416),(3602,'CERRO POLICIA',417),(3603,'CERVANTES',419),(3604,'CHACAY HUARRUCA',418),(3605,'CHASICO',417),(3606,'CHELFORO',420),(3607,'CHICHINALES',419),(3608,'CHIMPAY',420),(3609,'CHOELE CHOEL',420),(3610,'CINCO CHAÑARES',423),(3611,'CINCO SALTOS',419),(3612,'CIPOLLETTI',419),(3613,'COLONIA JOSEFA',420),(3614,'COLONIA JULIA Y ECHARREN',422),(3615,'COMALLO',424),(3616,'CONA NIYEU',425),(3617,'CONTRALMIRANTE CORDERO',419),(3618,'CONTRALMIRANTE MARTIN GUERRICO',419),(3619,'CORONEL BELISLE',420),(3620,'CORONEL EUGENIO DEL BUSTO',422),(3621,'CORONEL FRANCISCO SOSA',421),(3622,'CORONEL JUAN JOSE GOMEZ',419),(3623,'CUBANEA',426),(3624,'DARWIN',420),(3625,'DOCTOR ROGELIO CORTIZO ,EMP.',423),(3626,'EL BOLSON',427),(3627,'EL CAIN',416),(3628,'EL CUY',417),(3629,'EL PORVENIR ,EMB.',421),(3630,'FALKNER',425),(3631,'FITALANCAO',418),(3632,'FORTIN UNO',420),(3633,'FRAY LUIS BELTRAN',420),(3634,'FUTA RUIN',418),(3635,'GANZU LAUQUEN ,AP.',425),(3636,'GARAY, JUAN DE',422),(3637,'GENERAL CONESA',421),(3638,'GENERAL ENRIQUE GODOY',419),(3639,'GENERAL FERNANDEZ ORO',419),(3640,'GENERAL LIBORIO BERNAL',426),(3641,'GENERAL LORENZO VINTTER',426),(3642,'GENERAL NICOLAS H.PALACIOS',426),(3643,'GENERAL ROCA',419),(3644,'GUARDIA MITRE',426),(3645,'INGENIERO JACOBACCI',416),(3646,'INGENIERO JULIAN ROMERO ,EST',419),(3647,'INGENIERO LUIS A.HUERGO',419),(3648,'INGENIERO OTTO KRAUSE',419),(3649,'INGENIERO ZIMMERMANN RESTA ,AP.',424),(3650,'KILOMETRO 1013',420),(3651,'KILOMETRO 1040',420),(3652,'KILOMETRO 1071',419),(3653,'KILOMETRO 21',426),(3654,'KILOMETRO 38',421),(3655,'KILOMETRO 39',418),(3656,'KILOMETRO 57',421),(3657,'KILOMETRO 648',416),(3658,'KILOMETRO 829',422),(3659,'KILOMETRO 839',422),(3660,'KILOMETRO 867',422),(3661,'KILOMETRO 875',422),(3662,'KILOMETRO 899',422),(3663,'KILOMETRO 966',420),(3664,'KILOMETRO 995',420),(3665,'LA ENSENADA',426),(3666,'LA ESPERANZA',416),(3667,'LA LOBERIA',426),(3668,'LAGUNA BLANCA',424),(3669,'LAMARQUE',420),(3670,'LAS BAYAS',418),(3671,'LLAO LLAO',427),(3672,'LONCO VACA',417),(3673,'LOS JUNCOS',416),(3674,'LOS MENUCOS',416),(3675,'LOS REPOLLOS',427),(3676,'MAINQUE',419),(3677,'MAMUEL CHOIQUE',418),(3678,'MANCHA BLANCA ,EST.',423),(3679,'MAQUINCHAO',416),(3680,'MENCUE',417),(3681,'MENUCOS',420),(3682,'MINISTRO RAMOS MEXIA',425),(3683,'MUSTERS ,EST.',415),(3684,'NAHUEL NIYEU',415),(3685,'NEGRO MUERTO',420),(3686,'NENEO RUCA',424),(3687,'ÑIRIHUAU',424),(3688,'ÑORQUINCO',418),(3689,'NUEVO LEON',426),(3690,'OJOS DE AGUA',418),(3691,'ONELLI, CLEMENTE',416),(3692,'PADRE ALEJANDRO STEFENELLI',419),(3693,'PAJALTA',415),(3694,'PASO CHACABUCO',424),(3695,'PASO FLORES',424),(3696,'PASO LIMAY',424),(3697,'PERITO MORENO',427),(3698,'PERITO MORENO ,EST.',424),(3699,'PICHI LEUFU',424),(3700,'PICHI MAHUIDA',422),(3701,'PILCANIYEU',424),(3702,'POMONA',420),(3703,'PUERTO BLEST',427),(3704,'RIO CHICO ,EST.CERRO MESA',418),(3705,'RIO COLORADO',422),(3706,'RIO COLORADO',428),(3707,'SAN ANTONIO OESTE',423),(3708,'SAN CARLOS DE BARILOCHE',427),(3709,'SAN LORENZO',421),(3710,'SANTA ROSA',415),(3711,'SCOTT, PERCY H. ,AP.',423),(3712,'SIERRA COLORADA',425),(3713,'SIERRA GRANDE',423),(3714,'SIERRA PAILEMAN',415),(3715,'TALCAHUALA ,AP.',425),(3716,'TENIENTE MAZA ,EST.',415),(3717,'TRAPALCO',420),(3718,'TRICA CO',417),(3719,'VALCHETA',415),(3720,'VICEALMIRANTE EDUARDO O\'CONNOR',426),(3721,'VIEDMA',426),(3722,'VIEDMA ,EST.',426),(3723,'VILLA MASCARDI',427),(3724,'VILLA REGINA',419),(3725,'ZANJON DE OYUELA',426),(3726,'ZORRILLA, BENJAMIN',420),(3727,'20 DE FEBRERO',429),(3728,'ACAMBUCO',430),(3729,'AGUA BLANCA',431),(3730,'AGUA SUCIA',432),(3731,'AGUARAY ,EST.',433),(3732,'ALEMANIA',434),(3733,'ALGARROBAL',432),(3734,'ALMIRANTE BROWN',435),(3735,'ALTO DE FLORES',436),(3736,'ALTO DEL MISTOL',437),(3737,'AMBLAYO',438),(3738,'AMPASCACHI',429),(3739,'ANGASTACO',438),(3740,'ANGOSTURA',438),(3741,'ANIMANA',438),(3742,'ANTA',432),(3743,'ANTILLA',435),(3744,'ANTONIO QUIJARRO',430),(3745,'APOLINARIO SARAVIA',432),(3746,'ARENAL',435),(3747,'BAJO GRANDE',437),(3748,'BALBOA',435),(3749,'BELLA VISTA',435),(3750,'BETANIA',439),(3751,'CABEZA DE BUEY',439),(3752,'CACHI',440),(3753,'CACHIÑAL',441),(3754,'CACHIPAMPA',440),(3755,'CAFAYATE',442),(3756,'CAIPE ,EST.',443),(3757,'CAMPICHUELO',444),(3758,'CAMPO ALEGRE',432),(3759,'CAMPO CASEROS',445),(3760,'CAMPO DURAN',446),(3761,'CAMPO GRANDE',444),(3762,'CAMPO QUIJANO',441),(3763,'CAMPO SANTO',447),(3764,'CAPITAN JUAN PAGE',436),(3765,'CASTAÑARES ,EST.',429),(3766,'CEIBALITO',432),(3767,'CERRILLOS',448),(3768,'CHAGUARAL',431),(3769,'CHAÑAR MUYO ,EST.CNL.OLLEROS',432),(3770,'CHICOANA',449),(3771,'CHICOANA ,EST.',449),(3772,'CHORRILLOS',441),(3773,'CHORROARIN',432),(3774,'CHUCULAQUI ,EST.',443),(3775,'COBRES',450),(3776,'COCHABAMBA ,AP.',435),(3777,'COLONIA SANTA ROSA',431),(3778,'COPO QUILE',435),(3779,'CORONEL CORNEJO',444),(3780,'CORONEL JUAN SOLA ,EST.MORILLO',436),(3781,'CORONEL MOLDES',429),(3782,'CORONEL MOLLINEDO',432),(3783,'CORONEL VIDT',432),(3784,'CORRALITO',438),(3785,'CORRALITO',444),(3786,'CRUZ QUEMADA',447),(3787,'DE ALMAGRO, DIEGO',441),(3788,'DOCTOR FACUNDO ZUVIRIA',449),(3789,'DRAGONES',444),(3790,'EL AIBAL',451),(3791,'EL ALISAL',441),(3792,'EL BORDO',435),(3793,'EL BORDO',447),(3794,'EL BOTIN',436),(3795,'EL CARRIL',449),(3796,'EL CEBILLAR',434),(3797,'EL CEIBALITO',448),(3798,'EL DURAZNO',451),(3799,'EL ENCON',441),(3800,'EL GALPON ,EST.FOGUISTA JORGE.F.SUAREZ',437),(3801,'EL NARANJO',435),(3802,'EL PAJEAL',444),(3803,'EL PIQUETE',432),(3804,'EL PUCARA',441),(3805,'EL QUEBRACHAL',432),(3806,'EL SALADILLO',450),(3807,'EL TALA ,EST.RUIZ DE LOS LLANOS',452),(3808,'EL TUNAL',437),(3809,'EL TUNAL',441),(3810,'EMBARCACION',444),(3811,'ESCOIPE',449),(3812,'ESQUINA DE QUISTO',447),(3813,'ESTECO',437),(3814,'GAONA',432),(3815,'GENERAL ALVARADO',451),(3816,'GENERAL BALLIVIAN',444),(3817,'GENERAL GUEMES ,EST.GUEMES',447),(3818,'GENERAL MOSCONI ,EST.VESPUCIO',444),(3819,'GENERAL PIZARRO',432),(3820,'GOBERNADOR MANUEL SOLA',441),(3821,'GONZALEZ, °JOAQUIN V.',432),(3822,'GUACHIPAS',434),(3823,'GUAYACAN',444),(3824,'HICKMANN',444),(3825,'HORCONES',435),(3826,'INCAHUASI',441),(3827,'INGENIERO MAURY',453),(3828,'IRUYA',454),(3829,'JASIMANA',438),(3830,'JURAMENTO',437),(3831,'KILOMETRO 1088 ,DV.',432),(3832,'KILOMETRO 1104 ,DV.',432),(3833,'KILOMETRO 1125 ,DV.',455),(3834,'KILOMETRO 1129 ,DV.',451),(3835,'KILOMETRO 1152 ,DV.',432),(3836,'KILOMETRO 1156 ,AP.',441),(3837,'KILOMETRO 1291',431),(3838,'KILOMETRO 1291 ,DV.',451),(3839,'KILOMETRO 1299',441),(3840,'KILOMETRO 1305 ,DV.',431),(3841,'KILOMETRO 1357',443),(3842,'KILOMETRO 1424',443),(3843,'KILOMETRO 1448',444),(3844,'KILOMETRO 1506',456),(3845,'LA CALDERA',455),(3846,'LA CANDELARIA',452),(3847,'LA CANDELARIA',448),(3848,'LA CORZUELA',436),(3849,'LA ESTRELLA',431),(3850,'LA FLORIDA',448),(3851,'LA ISLA',448),(3852,'LA MERCED',448),(3853,'LA POMA',450),(3854,'LA QUESERA',451),(3855,'LA ROSITA',448),(3856,'LA SILLETA',441),(3857,'LA TRAMPA',447),(3858,'LA UNION',436),(3859,'LA VIÑA',429),(3860,'LAS CAPILLAS',441),(3861,'LAS LAJITAS',432),(3862,'LAS LLAVES',436),(3863,'LAS MERCEDES',435),(3864,'LAS MESITAS ,DV.',447),(3865,'LAS PALMAS',448),(3866,'LAS SALADAS',435),(3867,'LAS TORTUGAS',432),(3868,'LAS TRES MARIAS',436),(3869,'LAS VIBORAS',432),(3870,'LORO HUASI',442),(3871,'LOS BAÑOS',435),(3872,'LOS BLANCOS',436),(3873,'LOS MOGOTES',452),(3874,'LOS NOGALES',432),(3875,'LOS PATOS ,AP.',443),(3876,'LOS SAUCES',429),(3877,'LUMBRERA',437),(3878,'LURACATAO',457),(3879,'MACAPILLO',432),(3880,'MARTINEZ DEL TINEO',431),(3881,'MATORRAS, JERONIMO',431),(3882,'MESETA',441),(3883,'METAN',437),(3884,'METAN VIEJO',437),(3885,'MINA CONCORDIA ,EMB.',443),(3886,'MINA LA CASUALIDAD',443),(3887,'MOJOTORO',455),(3888,'MOLINOS',457),(3889,'MONTEVERDE',438),(3890,'MORALES',434),(3891,'MORENILLO',435),(3892,'MUÑANO',450),(3893,'NAZARENO',458),(3894,'NUESTRA SEÑORA DE TALAVERA',432),(3895,'OSMA',429),(3896,'OSMA ,EST.',449),(3897,'OVANDO',435),(3898,'PADRE LOZANO',444),(3899,'PALERMO',432),(3900,'PALOMITAS',447),(3901,'PAMPA GRANDE',434),(3902,'PATRON COSTAS, LUIS',448),(3903,'PAYOGASTA',440),(3904,'PICHANAL',431),(3905,'PIQUETE CABADO',432),(3906,'PIQUIRENDA',444),(3907,'PLUMA DEL PATO',436),(3908,'POTRERILLOS',452),(3909,'POTRERO',437),(3910,'POTRERO DE URIBURU',441),(3911,'POZO BRAVO',444),(3912,'POZO CERRADO',436),(3913,'POZO DE LA ESQUINA',431),(3914,'PROFESOR SALVADOR MAZZA ,EST.POCITOS',444),(3915,'PUCARA',438),(3916,'PUEBLO VIEJO',450),(3917,'PUENTE DE PLATA',435),(3918,'PUERTA DE DIAZ',436),(3919,'PUERTA TASTIL',441),(3920,'PUERTO LA PAZ',436),(3921,'PUNTA DEL AGUA',440),(3922,'QUEBRADA DEL AGUA ,EST.',443),(3923,'QUIJARRO, ANTONIO',444),(3924,'RIO ANCHO ,AP.',451),(3925,'RIO DEL VALLE',432),(3926,'RIO PESCADO',431),(3927,'RIO PIEDRAS',437),(3928,'RIO SECO',444),(3929,'RIO URUEÑA',435),(3930,'RIVADAVIA',436),(3931,'ROSARIO DE LA FRONTERA',435),(3932,'ROSARIO DE LERMA',441),(3933,'ROSARIO DEL DORADO',432),(3934,'SALAR DE POCITOS ,EST.',443),(3935,'SALTA',451),(3936,'SAN AGUSTIN',436),(3937,'SAN ANTONIO DE LOS COBRES',443),(3938,'SAN CARLOS',438),(3939,'SAN JOSE DE ESCALCHI',440),(3940,'SAN LORENZO',451),(3941,'SAN NICOLAS',429),(3942,'SAN PEDRO',454),(3943,'SAN RAMON DE LA NUEVA ORAN',431),(3944,'SANTA MARIA',436),(3945,'SANTA ROSA DE LOS PASTOS GRANDES',443),(3946,'SANTA ROSA DE TASTIL',441),(3947,'SANTA VICTORIA',436),(3948,'SANTA VICTORIA',458),(3949,'SANTO DOMINGO',432),(3950,'SARAVIA, APOLINARIO',432),(3951,'SAUCELITO',431),(3952,'SCHNEIDEWIND',437),(3953,'SECLANTAS',457),(3954,'SENDA HACHADA',444),(3955,'SENILLOSA',444),(3956,'SOCOMPA ,EST.',443),(3957,'SUNCHAL',436),(3958,'TABACAL',431),(3959,'TACA TACA ,EST.',443),(3960,'TACUARA',441),(3961,'TACUY',444),(3962,'TALAPAMPA',429),(3963,'TARTAGAL',444),(3964,'TEDIN, VIRGILIO',447),(3965,'TOBANTIRENDA',444),(3966,'TOLAR GRANDE',443),(3967,'TOLLOCHE',432),(3968,'TOLOMBON',442),(3969,'TONCO',440),(3970,'TONONO',444),(3971,'TRES YUCHANES',436),(3972,'UNQUILLAL ,EMB.',443),(3973,'URIZAR, ESTEBAN DE',431),(3974,'URUNDEL',431),(3975,'VAQUEROS',455),(3976,'VEGA DE ARZARO ,EST.',443),(3977,'VILLA SARMIENTO',448),(3978,'VIRREY TOLEDO',441),(3979,'VUELTA DE LOS TOBAS',436),(3980,'YARIGUARENDA',444),(3981,'YATASTO',437),(3982,'YUCHAN',431),(3983,'9 DE JULIO',459),(3984,'ADAN QUIROGA',460),(3985,'ALBARDON',461),(3986,'ALGARROBO VERDE',462),(3987,'ALTO DE SIERRA',463),(3988,'ANGACO NORTE ,EST',464),(3989,'ANGUALASTO',465),(3990,'BALDE DEL ROSARIO',466),(3991,'BAÑO CENTENARIO',465),(3992,'BARREAL',467),(3993,'BARRIALITO',467),(3994,'BARRIO RIVADAVIA',468),(3995,'BELLA VISTA',467),(3996,'BELLA VISTA',465),(3997,'BERMEJO',469),(3998,'BOCA DE LA QUEBRADA',460),(3999,'BUENA ESPERANZA',465),(4000,'CALINGASTA',467),(4001,'CAÑADA HONDA',470),(4002,'CARPINTERIA',471),(4003,'CASTAÑO NUEVO',467),(4004,'CASTAÑO VIEJO',467),(4005,'CAUCETE',469),(4006,'CHIGUA',465),(4007,'CHUCUMA',466),(4008,'CIENAGUITA',470),(4009,'COCHAGUAL',470),(4010,'COLANGUIL',465),(4011,'COLL',472),(4012,'COLOLA',465),(4013,'CUYO ,EST.',462),(4014,'DIVISORIA',462),(4015,'ECHAGUE, PEDRO ,EST.',463),(4016,'EL BOSQUE',464),(4017,'EL FICAL',460),(4018,'EL SALADO',461),(4019,'ENCON',462),(4020,'GUANACACHE',470),(4021,'HUACO',460),(4022,'HUERTA DE HUACHI',460),(4023,'ICHIGUALASTO',466),(4024,'IGLESIA',465),(4025,'INGENIERO MATIAS G.SANCHEZ ,EST.',460),(4026,'KILOMETRO 810',469),(4027,'KILOMETRO 936 ,EMB.',462),(4028,'LA BEBIDA',468),(4029,'LA CAÑADA',465),(4030,'LA CIENAGA DE CUMILLANGO',460),(4031,'LA HUERTA',466),(4032,'LA ISLA',467),(4033,'LA LAJA',461),(4034,'LA RINCONADA',471),(4035,'LAS CASUARINAS',462),(4036,'LAS CHIMBAS ,AP.',473),(4037,'LAS DELICIAS',466),(4038,'LAS FLORES',474),(4039,'LAS JUNTAS',466),(4040,'LAS LOMITAS ,EST.ALBARDON',461),(4041,'LAS SALINAS ,DV.',469),(4042,'LAS TAPIAS',461),(4043,'LOS BERROS',470),(4044,'LOS PAPAGAYOS',469),(4045,'LOS RINCONES',466),(4046,'LOS VIÑEDOS ,AP.',463),(4047,'MACATACLASTO',465),(4048,'MALIMAN DE ABAJO',465),(4049,'MARAYES',469),(4050,'MARQUESADO',468),(4051,'MATAGUSANOS',475),(4052,'MEDANO DE ORO',476),(4053,'MOGNA',460),(4054,'NIQUIVIL',460),(4055,'NIQUIVIL NUEVO',460),(4056,'NIQUIVIL VIEJO',460),(4057,'NUEVA CASTILLA ,DV.',469),(4058,'ORO, DOMINGO DE ,EST.',464),(4059,'PACHIMOCO',460),(4060,'PAMPA DEL CHAÑAR',460),(4061,'PAMPA VIEJA',460),(4062,'PAMPITA',460),(4063,'PANACAN',460),(4064,'PASLEAM',460),(4065,'PEDERNAL',470),(4066,'PIE DE PALO',469),(4067,'PISMANTA',465),(4068,'POCITO',471),(4069,'PUCHUZUN',467),(4070,'PUENTE NACIONAL ,AP.',472),(4071,'PUNTA DEL AGUA',460),(4072,'PUNTILLA BLANCA',472),(4073,'QUILINQUIL',465),(4074,'QUIROGA, ADAN',460),(4075,'RAMBLON',470),(4076,'RETAMITO',470),(4077,'RIVADAVIA',468),(4078,'RODEO',465),(4079,'SAN AGUSTIN DEL VALLE FERTIL',466),(4080,'SAN JOSE DE JACHAL',460),(4081,'SAN JUAN',477),(4082,'SAN MARTIN ,EST.ANGACO SUD',472),(4083,'SAN ROQUE ,EST.LOS DIAGUITAS',460),(4084,'SANCHEZ DE LORIA',471),(4085,'SANTA LUCIA',463),(4086,'SANTO DOMINGO',466),(4087,'SLA CIENAGA',460),(4088,'SOROCAYENSE',467),(4089,'TALACASTO',475),(4090,'TAMBERIAS',467),(4091,'TOCOTA',465),(4092,'TRINIDAD',476),(4093,'TUCUNUCO',460),(4094,'TUCUNUCO ,EMB.',460),(4095,'TUDCUM',465),(4096,'ULLUN',475),(4097,'USNO',466),(4098,'VALLECITO',469),(4099,'VILLA ABERASTAIN',471),(4100,'VILLA CORRAL',467),(4101,'VILLA DEL SALVADOR',464),(4102,'VILLA INDEPENDENCIA',469),(4103,'VILLA KRAUSE',476),(4104,'VILLA MEDIA AGUA',470),(4105,'VILLA MERCEDES',460),(4106,'VILLA NUEVA',467),(4107,'VILLA PAULA ALBARRACIN DE SARMIENTO',473),(4108,'VILLA PITUIL',467),(4109,'VILLA SAN ISIDRO',472),(4110,'VILLA SANTA ROSA',462),(4111,'YOCA',466),(4112,'ZONDA',478),(4113,'ALGARROBOS GRANDES',479),(4114,'ALTO LINDO',480),(4115,'ALTO PELADO',481),(4116,'ALTO PENCOSO',481),(4117,'ANCHORENA',482),(4118,'ARBOL SOLO',479),(4119,'ARIZONA',482),(4120,'AVANZADA ,EST.',483),(4121,'BAGUAL',482),(4122,'BAJADA NUEVA',482),(4123,'BAJOS HONDOS',481),(4124,'BALCARCE',480),(4125,'BALDE',481),(4126,'BALDE DE AZCURRA',484),(4127,'BALDE DE ESCUDERO',485),(4128,'BALDE DE LOS TORRES',484),(4129,'BALDE DE PUERTAS',484),(4130,'BALDE DE QUINES',484),(4131,'BALDE VIEJO',484),(4132,'BARRANCA COLORADA',481),(4133,'BATAVIA',482),(4134,'BEAZLEY',481),(4135,'BELLA ESTANCIA',479),(4136,'BELLA VISTA',484),(4137,'BUENA ESPERANZA',486),(4138,'CALDENADAS',483),(4139,'CAÑADA ANGOSTA',479),(4140,'CAÑADA HONDA',487),(4141,'CANDELARIA ,EST.LA CANDELARIA',484),(4142,'CANTERAS',487),(4143,'CAROLINA',487),(4144,'CARPINTERIA',485),(4145,'CARPINTERIA',484),(4146,'CAZADOR',481),(4147,'CHALANTA',488),(4148,'CHIMBORAZO',479),(4149,'CHIPISCU',484),(4150,'CHISCHACA ,DV.',481),(4151,'CHISCHAQUITA',481),(4152,'CHOSMES',481),(4153,'COCHEQUINGAN',482),(4154,'COLONIA CALZADA',482),(4155,'COLONIA SANTA VIRGINIA',481),(4156,'COLONIA URDANIZ',482),(4157,'COMANDANTE GRANVILLE',487),(4158,'CONCARAN',480),(4159,'CORONEL ALZOGARAY',488),(4160,'CORONEL SEGOVIA',482),(4161,'CORTADERAS',480),(4162,'CRAMER',488),(4163,'CRUZ DE CAÑA',479),(4164,'CUATRO ESQUINAS',487),(4165,'DARACT, JUSTO',488),(4166,'DIXONVILLE ,EST.FORTIN EL PATRIA',482),(4167,'DONADO',481),(4168,'DONOVAN, DANIEL',481),(4169,'EL AGUILA',482),(4170,'EL AMPARO',487),(4171,'EL CARMEN',484),(4172,'EL CHORRILLO',481),(4173,'EL DURAZNO',487),(4174,'EL HORMIGUERO',484),(4175,'EL MARTILLO',482),(4176,'EL MILAGRO',479),(4177,'EL MOLLE',479),(4178,'EL PORTEZUELO',481),(4179,'EL PORTEZUELO',481),(4180,'EL PORVENIR',482),(4181,'EL RECUERDO',481),(4182,'EL RETAMO',484),(4183,'EL RODEO',482),(4184,'EL SAUCE',480),(4185,'EL VOLCAN',481),(4186,'FORTUNA',482),(4187,'FRAGA',487),(4188,'FRISIA',482),(4189,'GEZ,JUAN W.',481),(4190,'GOMEZ, CASIMIRO',489),(4191,'GORGONTA',481),(4192,'GUANIZUL',490),(4193,'HUEJEDA',481),(4194,'JARILLA',481),(4195,'JORBA, JUAN',488),(4196,'KILOMETRO 14 ,DIV.',488),(4197,'KILOMETRO 731',488),(4198,'KILOMETRO 757',481),(4199,'LA ANGELINA',488),(4200,'LA BAJADA',487),(4201,'LA COCHA',491),(4202,'LA COSTA',481),(4203,'LA ESQUINA',488),(4204,'LA ESTRELLA',482),(4205,'LA FLORIDA',487),(4206,'LA HUERTA',492),(4207,'LA IRENE',481),(4208,'LA MAROMA',482),(4209,'LA MELINA',482),(4210,'LA NELIDA',481),(4211,'LA PAMPA GRANDE',484),(4212,'LA PUNILLA',488),(4213,'LA SEÑA',481),(4214,'LA TOMA',487),(4215,'LA TRANCA',484),(4216,'LA VERDE',482),(4217,'LAFINUR',485),(4218,'LAGUNAS LARGAS',492),(4219,'LAS AGUADAS',491),(4220,'LAS BARRANCAS',481),(4221,'LAS BARRANQUITAS',487),(4222,'LAS CHACRAS',481),(4223,'LAS CHACRAS',492),(4224,'LAS CHIMBAS',484),(4225,'LAS GAMAS',481),(4226,'LAS ISLETAS',488),(4227,'LAS LOMITAS',485),(4228,'LAS PALOMAS',485),(4229,'LAS VERTIENTES',493),(4230,'LAVAISSE',488),(4231,'LIBERTADOR GENERAL SAN MARTIN',492),(4232,'LLERENA, JUAN',488),(4233,'LOBOS, ELEODORO',487),(4234,'LOMAS BLANCAS',479),(4235,'LOMAS BLANCAS',484),(4236,'LOS ARGUELLOS',485),(4237,'LOS CERRILLOS',481),(4238,'LOS CERRILLOS',481),(4239,'LOS COROS',481),(4240,'LOS MOLLES',485),(4241,'LOS PUQUIOS',481),(4242,'LOYOLA, MARTIN DE',482),(4243,'LUJAN',484),(4244,'LUNA, LIBORIO',488),(4245,'MANANTIALES',492),(4246,'MERCEDES ,EST.VILLA MERCEDES',488),(4247,'MERLO',485),(4248,'MOSMOTA',481),(4249,'NAHUEL MAPA',482),(4250,'NASCHEL',480),(4251,'NAVIA',482),(4252,'NIKIZANGA ,DV.',494),(4253,'NUEVA CONSTITUCION',482),(4254,'NUEVA ESCOCIA',488),(4255,'NUEVA GALIA',482),(4256,'OJO DEL RIO',485),(4257,'PAPAGAYO',480),(4258,'PASO DEL REY',487),(4259,'PASO GRANDE',491),(4260,'PEDERNERA',488),(4261,'PESCADORES',481),(4262,'POLLEDO',482),(4263,'POTRERO DE LOS FUNES',481),(4264,'POZO DEL CARRIL',481),(4265,'POZO DEL TALA',479),(4266,'QUEBRADA DE LOS CONDORES',481),(4267,'QUINES',484),(4268,'RANQUELCO',482),(4269,'RIO QUINTO',488),(4270,'ROSARIO',485),(4271,'SALADILLO',487),(4272,'SALINAS DEL BEBEDERO',481),(4273,'SAN AMBROSIO',487),(4274,'SAN ANTONIO',479),(4275,'SAN EDUARDO',487),(4276,'SAN FELIPE',480),(4277,'SAN FRANCISCO DEL MONTE DE ORO',484),(4278,'SAN GERONIMO',481),(4279,'SAN ISIDRO',479),(4280,'SAN ISIDRO',491),(4281,'SAN JOSE DEL MORRO',488),(4282,'SAN LUIS',481),(4283,'SAN MARTIN DEL ALTO NEGRO',481),(4284,'SAN MIGUEL',487),(4285,'SAN PABLO',480),(4286,'SAN PEDRO',479),(4287,'SAN ROQUE',481),(4288,'SANTA ROSA',484),(4289,'SANTA ROSA ,EST.ADOLFO RODRIGUEZ ZAA',485),(4290,'SANTA TERESA',481),(4291,'SOCOSCORA',479),(4292,'SOVEN',488),(4293,'SUYUQUE',481),(4294,'SUYUQUE NUEVO',481),(4295,'TALITA',485),(4296,'TALITA',484),(4297,'TILISARAO',480),(4298,'TORO NEGRO',479),(4299,'TOSCAL',482),(4300,'TRAPICHE',487),(4301,'TRAVESIA',481),(4302,'TRES AMIGOS',482),(4303,'UNION',482),(4304,'USIYAL',482),(4305,'VARELA',481),(4306,'VILLA DE PRAGA',492),(4307,'VILLA DEL CARMEN',480),(4308,'VILLA GENERAL ROCA',479),(4309,'VILLA LA QUEBRADA',479),(4310,'VILLA LARCA',480),(4311,'VILLA REYNOLDS',488),(4312,'YRIGOYEN, HIPOLITO',479),(4313,'ZANJITAS',481),(4314,'28 DE NOVIEMBRE',495),(4315,'AGUADA ALEGRE',496),(4316,'AGUADA ESCONDIDA',496),(4317,'AGUADA GRANDE',496),(4318,'ALMA GAUCHA',496),(4319,'ALQUINTA',495),(4320,'ANTONIO DE BIEDMA',496),(4321,'ARISTIZABAL',495),(4322,'BAHIA LAURA',496),(4323,'BAHIA OSO MARINO',496),(4324,'BAJO DE LOS CARACOLES',497),(4325,'BAJO FUEGO',498),(4326,'BAJO PIEDRA',496),(4327,'BELLA VISTA',497),(4328,'BELLA VISTA',496),(4329,'BELLA VISTA ,EST.',495),(4330,'CABO BLANCO',496),(4331,'CABO BUEN TIEMPO',495),(4332,'CABO VIRGENES',495),(4333,'CALAFATE',499),(4334,'CALETA OLIVIA',496),(4335,'CAÑADON 11 DE SEPTIEMBRE',498),(4336,'CAÑADON SECO',496),(4337,'CANCHA CARRERAS',495),(4338,'CAPITAN EYROA ,EST.',495),(4339,'CERRO BLANCO ,EMB.',496),(4340,'COLONIA PERITO MORENO',499),(4341,'COMANDANTE LUIS PIEDRA BUENA',495),(4342,'COMANDANTE LUIS PIEDRA BUENA',500),(4343,'COY AIKE',495),(4344,'DE BIEDMA, ANTONIO',496),(4345,'DUFOUR, JULIA ,EST.',495),(4346,'EL CALAFATE',499),(4347,'EL CERRITO',499),(4348,'EL CONDOR',495),(4349,'EL PLUMA',501),(4350,'EL PORTEZUELO',501),(4351,'EL SALADO',498),(4352,'EL TURBIO ,EST.GOBERNADOR MEYER',495),(4353,'EL VOLCAN',497),(4354,'EL ZURDO ,EST.',495),(4355,'ESPERANZA',495),(4356,'FITZ ROY',496),(4357,'FLECHA NEGRA',501),(4358,'FLORIDA NEGRA',498),(4359,'FUENTES DEL COYLE',495),(4360,'FUHR, CHARLES',499),(4361,'GENDARME BARRETO',499),(4362,'GOBERNADOR GREGORES',497),(4363,'GOBERNADOR LISTA ,EST.',495),(4364,'GOBERNADOR MAYER',495),(4365,'GOBERNADOR MOYANO',496),(4366,'GOBERNADOR MOYANO ,EST.',495),(4367,'GUER AIKE',495),(4368,'HILL STATION',495),(4369,'JARAMILLO',496),(4370,'KILOMETRO 199 ,DV.',495),(4371,'KOLUEL KAYKE',496),(4372,'LA ARAGONESA',501),(4373,'LA MARIA',501),(4374,'LAGO CARDIEL',497),(4375,'LAGO POSADAS',497),(4376,'LAGO SAN MARTIN',499),(4377,'LAGO VIEDMA',499),(4378,'LAGUNA GRANDE',500),(4379,'LAI AIKE',498),(4380,'LAS HERAS ,EST.COLONIA LAS HERAS',496),(4381,'LAS TRES HERMANAS',496),(4382,'LISTA, RAMON ,EST.',496),(4383,'LOS ANTIGUOS',501),(4384,'LOS MONOS',496),(4385,'MATA AMARILLA',499),(4386,'MATA GRANDE',498),(4387,'MAZARREDO',496),(4388,'MINERALES ,EST.',496),(4389,'MONTE AYMOND',495),(4390,'MONTE DINERO',495),(4391,'MONTE LEON',500),(4392,'PAMPA ALTA ,EMB.',496),(4393,'PASO GREGORES',496),(4394,'PASO RODOLFO ROBALLOS',501),(4395,'PERITO MORENO',501),(4396,'PICO TRUNCADO',496),(4397,'PIEDRA CLAVADA ,EST.',496),(4398,'PUERTO BANDERA',499),(4399,'PUERTO COIG',495),(4400,'PUERTO DESEADO',496),(4401,'PUERTO SAN JULIAN',498),(4402,'PUERTO SANTA CRUZ',500),(4403,'RINCON',500),(4404,'RIO CHICO',500),(4405,'RIO GALLEGOS',495),(4406,'RIO TURBIO',495),(4407,'TAMEL AIKE',497),(4408,'TAPI AIKE',495),(4409,'TEHUELCHES ,AP.',496),(4410,'TELLIER',496),(4411,'TRES CERROS',496),(4412,'TRES LAGOS',499),(4413,'TUCU TUCU',497),(4414,'AARON CASTELLANOS',502),(4415,'ACEBAL',503),(4416,'ADELA',504),(4417,'AERO CLUB ARGENTINO',503),(4418,'ALBARELLOS',503),(4419,'ALCORTA',505),(4420,'ALDAO',506),(4421,'ALEJANDRA',507),(4422,'ALTO VERDE',508),(4423,'ALVAREZ',503),(4424,'ALVEAR',503),(4425,'AMBROSETTI',509),(4426,'AMENABAR',502),(4427,'ANDINO',510),(4428,'ANGEL GALLARDO',508),(4429,'ANGELICA',511),(4430,'ANTARTIDA ARGENTINA ,EST.',503),(4431,'ANTONIO PINI',512),(4432,'AREQUITO',513),(4433,'ARIJON ,DV.',514),(4434,'ARMINDA',503),(4435,'ARMSTRONG',515),(4436,'AROCENA',514),(4437,'AROMOS ,EST.',516),(4438,'ARRASCAETA ,AP.',517),(4439,'ARROYO AGUIAR ,EST.',508),(4440,'ARROYO CEIBAL',504),(4441,'ARROYO DEL REY',504),(4442,'ARROYO LEYES',508),(4443,'ARRUFO',509),(4444,'ARTEAGA',513),(4445,'ASCOCHINGAS ,DV.',516),(4446,'ATALIVA',511),(4447,'AURELIA',511),(4448,'AURELIA NORTE',511),(4449,'AURELIA SUR',511),(4450,'AVELLANEDA ,EST.EWALD',518),(4451,'BARRANCAS',514),(4452,'BAUER Y SIGEL',511),(4453,'BERABEVU',513),(4454,'BERNA',504),(4455,'BERNARDO DE IRIGOYEN',514),(4456,'BIGAND',513),(4457,'BOMBAL',505),(4458,'BOUQUET',515),(4459,'BUSTINZA',510),(4460,'CABAL',519),(4461,'CACIQUE ARIACAIQUIN',507),(4462,'CAFFERATA',520),(4463,'CALCHAQUI',521),(4464,'CAMPO GARAY',522),(4465,'CAMPO REDONDO',518),(4466,'CAÑADA DE GOMEZ',510),(4467,'CAÑADA DEL UCLE',502),(4468,'CAÑADA OMBU',521),(4469,'CAÑADA RICA ,EST.',505),(4470,'CAÑADA ROSQUIN',523),(4471,'CAPITAN BERMUDEZ',506),(4472,'CAPIVARA',509),(4473,'CARAGUATAY',521),(4474,'CARCARAÑA',506),(4475,'CARMEN',502),(4476,'CARRERAS',502),(4477,'CARRIZALES ,EST.CLARKE',510),(4478,'CASABLANCA ,EST.',511),(4479,'CASALEGNO',514),(4480,'CASAS',523),(4481,'CASILDA',513),(4482,'CASTELAR',523),(4483,'CASTELLANOS',511),(4484,'CASTELLANOS, AARON ,EST.CASTELLANOS',502),(4485,'CAVOUR',524),(4486,'CAYASTA',525),(4487,'CAYASTACITO',517),(4488,'CENTENO',514),(4489,'CERES',509),(4490,'CERRITOS',521),(4491,'CHABAS',513),(4492,'CHAÑAR LADEADO',513),(4493,'CHAPUY',502),(4494,'CHATEAUBRIAND ,EST.MURPHY',502),(4495,'CHOVET',502),(4496,'CHRISTOPHERSEN',502),(4497,'CLASON',510),(4498,'CLUCELLAS',511),(4499,'CLUCELLAS ,EST.',511),(4500,'COLASTINE',508),(4501,'COLMENA',504),(4502,'COLONIA ALDAO',511),(4503,'COLONIA ANA',509),(4504,'COLONIA ANGELONI',517),(4505,'COLONIA BELGRANO',523),(4506,'COLONIA BOSSI',509),(4507,'COLONIA CELLO',511),(4508,'COLONIA DOLORES',517),(4509,'COLONIA DOLORES',517),(4510,'COLONIA EL TOBA',507),(4511,'COLONIA ELLA',504),(4512,'COLONIA LA CAMILA',517),(4513,'COLONIA MASCIAS',525),(4514,'COLONIA MEDICI',510),(4515,'COLONIA RAQUEL',511),(4516,'COLONIA ROSA',509),(4517,'COLONIA SILVA ,EST.ABIPONES',517),(4518,'COLONIA TACURALES',511),(4519,'CONSTANZA',509),(4520,'CONSTITUYENTES',508),(4521,'CORONDA',514),(4522,'CORONEL ARNOLD',506),(4523,'CORONEL BOGADO',503),(4524,'CORONEL FRAGA',511),(4525,'CORONEL RODRIGUEZ',524),(4526,'CORONEL ROSETTI',502),(4527,'CORREA',510),(4528,'CRISPI',523),(4529,'CULLEN ,EST.',506),(4530,'CULULU',524),(4531,'CURUPAITY',509),(4532,'DENIS, GREGORIA PEREZ DE ,EST.EL NOCHERO',522),(4533,'DIAZ',514),(4534,'DIEGO DE ALVEAR',502),(4535,'DOCTOR BARROS PAZOS',504),(4536,'DURHAM ,AP.',502),(4537,'ECHEVERRIA, VICENTE A.',506),(4538,'EDISON, TOMAS A.',524),(4539,'EGUSQUIZA',526),(4540,'EL BAYO',511),(4541,'EL CANTOR ,EST.',502),(4542,'EL JARDIN',502),(4543,'EL LAUREL',525),(4544,'EL RABON',504),(4545,'EL SOMBRERITO ,EST.PAUL GROUSSAC',504),(4546,'EL TREBOL',523),(4547,'ELISA',524),(4548,'ELORTONDO',502),(4549,'EMILIA',508),(4550,'EMPALME VILLA CONSTITUCION',505),(4551,'ESCALADA, MARCELINO',517),(4552,'ESCALADA, MIGUEL',517),(4553,'ESMERALDA',511),(4554,'ESPERANZA',524),(4555,'ESPIN',521),(4556,'ESTHER',517),(4557,'ESTRADA, JOSE M.',511),(4558,'EUSEBIA',511),(4559,'FELICIA',524),(4560,'FIGHIERA',503),(4561,'FIRMAT',502),(4562,'FLOR DE ORO',504),(4563,'FLORENCIA',504),(4564,'FLORIDA',521),(4565,'FORTIN ATAHUALPA',522),(4566,'FRANCK',524),(4567,'FRAY LUIS BELTRAN ,EST.TTE.CNL.L.BELTRAN',506),(4568,'FRONTERA',511),(4569,'FUENTES',506),(4570,'FUNES',503),(4571,'GALISTEO',511),(4572,'GALLARDO, ANGEL ,EMB.',508),(4573,'GALVEZ',514),(4574,'GARABATO',521),(4575,'GARIBALDI',511),(4576,'GENERAL GELLY',505),(4577,'GENERAL LAGOS',503),(4578,'GESSLER',514),(4579,'GOBERNADOR CANDIOTI',508),(4580,'GOBERNADOR CRESPO',517),(4581,'GODEKEN',513),(4582,'GODOY',505),(4583,'GOLONDRINA',521),(4584,'GOMEZ CELLO, PEDRO',517),(4585,'GRANADERO BAIGORRIA',503),(4586,'GRANADERO BLAS BARGAS ,AP.',503),(4587,'GRANADEROS ,PDA.',506),(4588,'GRANEROS ,EST.',503),(4589,'GRUTLY',524),(4590,'GRUTLY NORTE',524),(4591,'GUADALUPE ,EST.',508),(4592,'GUADALUPE NORTE',504),(4593,'GUASUNCHO',504),(4594,'GUAYCURU',521),(4595,'HANSEN',513),(4596,'HELVECIA',525),(4597,'HERSILIA',509),(4598,'HUANQUEROS',509),(4599,'HUGENTOBLER',511),(4600,'HUGES',502),(4601,'HUMBOLDT',524),(4602,'HUME ,EST.EL GAUCHO',503),(4603,'IBARLUCEA',503),(4604,'INDEPENDENCIA',522),(4605,'INGENIERO BOASI',524),(4606,'INGENIERO CHANOURDIE',504),(4607,'INTIYACO',521),(4608,'IRIGOYEN',514),(4609,'IRIGOYEN, BERNARDO DE',514),(4610,'IRIONDO',508),(4611,'ITURRASPE',515),(4612,'JOSEFINA',511),(4613,'JUNCAL',505),(4614,'KILOMETR 465 ,EST.',523),(4615,'KILOMETRO 17 ,EMB.',521),(4616,'KILOMETRO 187 ,EMB.',517),(4617,'KILOMETRO 213 ,EMB.',521),(4618,'KILOMETRO 320',521),(4619,'KILOMETRO 392 ,EMB.',521),(4620,'KILOMETRO 403 ,EMB.',504),(4621,'KILOMETRO 405 ,EST.',515),(4622,'KILOMETRO 408 ,AP.',504),(4623,'KILOMETRO 41 ,AP.',508),(4624,'KILOMETRO 41 ,EMB.',504),(4625,'KILOMETRO 443 ,EMB.',523),(4626,'KILOMETRO 468 ,EMB.',522),(4627,'KILOMETRO 483 ,EMB.',511),(4628,'KILOMETRO 501 ,EMB.',511),(4629,'KILOMETRO 85 ,AP.',511),(4630,'KILOMETRO 9 ,AP.',508),(4631,'LA BLANCA CENTRAL',517),(4632,'LA BRAVA',507),(4633,'LA CABRAL',509),(4634,'LA CALIFORNIA',515),(4635,'LA CHISPA',502),(4636,'LA CRIOLLA ,EST.CAÑADITA',517),(4637,'LA GALLARETA',521),(4638,'LA GUARDIA',508),(4639,'LA LUCILA ,EST.LUCILA',509),(4640,'LA PELADA',524),(4641,'LA PENCA Y CARAGUATA',517),(4642,'LA RESERVA',504),(4643,'LA RUBIA',509),(4644,'LA VANGUARDIA',505),(4645,'LA ZULEMA',521),(4646,'LABORDEBOY',502),(4647,'LAGUNA PAIVA',508),(4648,'LANDETA',523),(4649,'LANTERI',504),(4650,'LARGUIA',510),(4651,'LARRECHEA',514),(4652,'LAS AVISPAS',509),(4653,'LAS BANDURRIAS',523),(4654,'LAS CAÑAS',525),(4655,'LAS FLORES ,EMB.',508),(4656,'LAS GAMAS',521),(4657,'LAS GRAZAS',504),(4658,'LAS PALMERAS',509),(4659,'LAS PAREJAS',515),(4660,'LAS PETACAS',523),(4661,'LAS ROSAS',515),(4662,'LAS TOSCAS',504),(4663,'LAS TROJAS ,EST.',510),(4664,'LAS TUNAS',524),(4665,'LAZZARINO',502),(4666,'LEHMANN',511),(4667,'LEIVA, LUCIANO',517),(4668,'LLAMBI CAMPBELL',508),(4669,'LOGROÑO',522),(4670,'LOMA ALTA',514),(4671,'LOPEZ ,EST.SAN MARTIN DE TOURS',514),(4672,'LOPEZ, LUCIO V.',510),(4673,'LOS AMORES',521),(4674,'LOS CARDOS',523),(4675,'LOS CERRILLOS',525),(4676,'LOS CHARABONES ,EMB.',522),(4677,'LOS MOLINOS',513),(4678,'LOS NOGALES',513),(4679,'LOS QUIRQUINCHOS',513),(4680,'LOS SEMBRADOS',511),(4681,'LOS TABANOS ,EMB.',521),(4682,'LUDUEÑA ,EST.',503),(4683,'MACIEL',514),(4684,'MAGGIOLO',502),(4685,'MALABRIGO',504),(4686,'MANUCHO',508),(4687,'MARGARITA',521),(4688,'MARIA EUGENIA',509),(4689,'MARIA JUANA',511),(4690,'MARIA SUSANA',523),(4691,'MARIA TERESA',502),(4692,'MATILDE',524),(4693,'MAUA',511),(4694,'MELINCUE',502),(4695,'MERCEDITAS',502),(4696,'MOCOVI',504),(4697,'MOLINA, JUAN B.',505),(4698,'MOLINAS, NICANOR E.',504),(4699,'MONIGOTES',509),(4700,'MONJE',514),(4701,'MONTE FLORES',503),(4702,'MONTE VERA',508),(4703,'MONTEFIORE',522),(4704,'MONTES DE OCA',515),(4705,'MOUSSY',504),(4706,'ÑANDUCITA',509),(4707,'NARE',517),(4708,'NELSON',508),(4709,'NUEVA ITALIA',522),(4710,'NUEVA LEHMANN',511),(4711,'NUEVO ALBERDI ,EST.',503),(4712,'NUEVO TORINO',527),(4713,'OGILVIE',521),(4714,'OLIVEROS',510),(4715,'OMBU',524),(4716,'OROÑO',514),(4717,'PALACIOS',509),(4718,'PALACIOS, LUIS ,EST.LA SALADA',506),(4719,'PAVON',505),(4720,'PAVON ARRIBA',505),(4721,'PAZ, FRANCISCO',505),(4722,'PAZ, MAXIMO ,EST.PAZ',505),(4723,'PELLEGRINI, CARLOS',523),(4724,'PEREYRA, ZENON',511),(4725,'PEREZ',503),(4726,'PEYRANO',505),(4727,'PIAMONTE',523),(4728,'PILAR',524),(4729,'PINI, ANTONIO',522),(4730,'PINO DE SAN LORENZO ,EST.',506),(4731,'PIQUETE',508),(4732,'POMPEYA ,AP.',508),(4733,'PORTUGALETTE',509),(4734,'POZO BORRADO',522),(4735,'PRESIDENTE ROCA',511),(4736,'PROGRESO',524),(4737,'PROVIDENCIA',524),(4738,'PUEBLO ANDINO',510),(4739,'PUEBLO MARINI',511),(4740,'PUEBLO MUÑOZ ,EST.BERNARD',503),(4741,'PUEBLO NUEVO',503),(4742,'PUERTO GABOTO',514),(4743,'PUERTO GENERAL SAN MARTIN',506),(4744,'PUERTO OCAMPO',504),(4745,'PUERTO PIRACUACITO',504),(4746,'PUERTO RECONQUISTA',504),(4747,'PUERTO SAN LORENZO',506),(4748,'PUJATO',506),(4749,'RAFAELA',511),(4750,'RAMAYON',517),(4751,'RAMONA',511),(4752,'RAMS, ESTEBAN',522),(4753,'RASTREADOR FOURNIER ,EST.',502),(4754,'RECONQUISTA',504),(4755,'RECREO',508),(4756,'RICARDONE',506),(4757,'RINCON DEL POTRERO',508),(4758,'RINCON DEL QUEBRACHO ,EMB.',509),(4759,'ROLDAN',506),(4760,'ROMANG',507),(4761,'ROSARIO',503),(4762,'RUEDA',505),(4763,'RUFINO',502),(4764,'RUNCIMAN',502),(4765,'SA PEREYRA',524),(4766,'SAAVEDRA, MARIANO',524),(4767,'SAGUIER',511),(4768,'SALADERO M.CABAL',525),(4769,'SALTO GRANDE',510),(4770,'SAN ANTONIO',511),(4771,'SAN ANTONIO DE OBLIGADO',504),(4772,'SAN BERNARDO',517),(4773,'SAN BERNARDO',522),(4774,'SAN CARLOS ,EMP.',524),(4775,'SAN CARLOS CENTRO',524),(4776,'SAN CARLOS NORTE',524),(4777,'SAN CARLOS SUR',524),(4778,'SAN CRISTOBAL',509),(4779,'SAN EDUARDO',502),(4780,'SAN ESTANISLAO',510),(4781,'SAN EUGENIO',514),(4782,'SAN FABIAN',514),(4783,'SAN FRANCISCO DE SANTA FE',502),(4784,'SAN GENARO',514),(4785,'SAN GENARO NORTE',514),(4786,'SAN GREGORIO',502),(4787,'SAN GUILLERMO',509),(4788,'SAN JAVIER',507),(4789,'SAN JERONIMO DEL SAUCE',524),(4790,'SAN JERONIMO NORTE',524),(4791,'SAN JERONIMO SUR',506),(4792,'SAN JORGE',523),(4793,'SAN JOSE DE LA ESQUINA',513),(4794,'SAN JOSE DEL RINCON',508),(4795,'SAN JUSTO',517),(4796,'SAN LORENZO',506),(4797,'SAN MARTIN DE LAS ESCOBAS',523),(4798,'SAN MARTIN NORTE',517),(4799,'SAN PEDRO',508),(4800,'SAN RICARDO',510),(4801,'SAN VICENTE',511),(4802,'SANCTI SPIRITU',502),(4803,'SANFORD',513),(4804,'SANTA CLARA DE BUENA VISTA',524),(4805,'SANTA CLARA DE SAGUIER',511),(4806,'SANTA EMILIA',502),(4807,'SANTA FE',508),(4808,'SANTA ISABEL',502),(4809,'SANTA LUCIA',521),(4810,'SANTA MARGARITA',522),(4811,'SANTA ROSA',525),(4812,'SANTA TERESA',505),(4813,'SANTO DOMINGO',524),(4814,'SANTO TOME',508),(4815,'SANTURCE',509),(4816,'SARGENTO CABRAL',505),(4817,'SARMIENTO',524),(4818,'SASTRE',523),(4819,'SAUCE VIEJO',508),(4820,'SCHIFFNER',523),(4821,'SERODINO',510),(4822,'SOLDINI',503),(4823,'SOLEDAD',509),(4824,'SORRENTO ,EST.',503),(4825,'SOUTOMAYOR',524),(4826,'STEPHENSON ,EST.',505),(4827,'SUARDI',509),(4828,'SUNCHALES',511),(4829,'SUSANA',511),(4830,'TACUARENDI ,EMB.KILOMETRO 421',504),(4831,'TACURAL',511),(4832,'TARRAGONA',502),(4833,'TARTAGAL ,EST.EL TAJAMAR',521),(4834,'TEODELINA',502),(4835,'TEODELINA ,EST.',502),(4836,'THEOBALD',505),(4837,'TIMBUES',506),(4838,'TOBA',521),(4839,'TORRES, MIGUEL',502),(4840,'TORTUGAS',515),(4841,'TOSTADO',522),(4842,'TOTORAS',510),(4843,'TRAILL',523),(4844,'UMBERTO',511),(4845,'URANGA',503),(4846,'VENADO TUERTO',502),(4847,'VERA ,EST.GOBERNADOR VERA',521),(4848,'VERA MUJICA',517),(4849,'VERA Y PINTADO ,EST.GUARANIES',517),(4850,'VIDELA',517),(4851,'VILA',511),(4852,'VILLA AMELIA',503),(4853,'VILLA AMERICA',503),(4854,'VILLA ANA',504),(4855,'VILLA CAÑAS',502),(4856,'VILLA CONSTITUCION',505),(4857,'VILLA DIEGO',503),(4858,'VILLA ELOISA',510),(4859,'VILLA ESTELA',502),(4860,'VILLA GOBERNADOR GALVEZ',503),(4861,'VILLA GUILLERMINA',504),(4862,'VILLA MARGARITA',506),(4863,'VILLA MINETTI',522),(4864,'VILLA MUGUETA',506),(4865,'VILLA OCAMPO',504),(4866,'VILLA SARALEGUI',509),(4867,'VILLA TRINIDAD',509),(4868,'VILLADA',513),(4869,'VILLE, MOISES',509),(4870,'VIRGINIA',511),(4871,'VUELTA DEL PARAGUAYO',508),(4872,'WHEELWRIGHT',502),(4873,'WILDERMUTH ,EST.GRANADERO B.BUSTOS',523),(4874,'ZAVALLA',503),(4875,'ABRA GRANDE',528),(4876,'AEROLITO',529),(4877,'AGUSTINA LIBARONA',530),(4878,'AHI VEREMOS',531),(4879,'ALGARROBAL VIEJO',531),(4880,'ALHUAMPA',529),(4881,'AMAMA',529),(4882,'AMBARGASTA',532),(4883,'AMICHA',533),(4884,'AÑATUYA',534),(4885,'ANCAJAN',535),(4886,'ANIMAN',532),(4887,'ANTAJE',528),(4888,'ANTONIO E. TALBOT ,AP.',536),(4889,'ARAGONES',533),(4890,'ARBOL BLANCO',529),(4891,'ARDILES',528),(4892,'ARGENTINA',537),(4893,'ARMONIA',529),(4894,'ARRAGA',538),(4895,'AVERIAS',534),(4896,'BAEZ',532),(4897,'BAJO GRANDE',530),(4898,'BANDERA',539),(4899,'BANDERA BAJADA',540),(4900,'BARRANCAS',541),(4901,'BARRIALITO',533),(4902,'BELGRANO',542),(4903,'BELGRANO',531),(4904,'BELTRAN',543),(4905,'BLANCA POZO',544),(4906,'BOBADAL',545),(4907,'BOQUERON',546),(4908,'BREA POZO',547),(4909,'CAJON',532),(4910,'CAMPO DEL CIELO',548),(4911,'CAMPO GALLO',530),(4912,'CAMPO GRANDE',531),(4913,'CAÑADA ESCOBAR',528),(4914,'CARTAVIO',540),(4915,'CASARES',537),(4916,'CEJOLAO',529),(4917,'CHAUPI POZO',528),(4918,'CHILCA JULIANA',549),(4919,'CHILCA LA LOMA',546),(4920,'CHOYA',535),(4921,'CLODOMIRA',528),(4922,'COLONIA ARBOL BLANCO',529),(4923,'COLONIA DORA',544),(4924,'COLONIA SAN JUAN',540),(4925,'COLONIA TOTORILLAS',540),(4926,'CORONEL MANUEL L.RICO',530),(4927,'CUATRO BOCAS',534),(4928,'CUCHI CORRAL',542),(4929,'DOÑA LUISA',550),(4930,'DONADEU',530),(4931,'EL CABURE',551),(4932,'EL CAMBIADO',531),(4933,'EL CEIBAL',551),(4934,'EL CERRO',532),(4935,'EL CHARCO',533),(4936,'EL COLORADO',552),(4937,'EL HOYO',529),(4938,'EL MALACARA',534),(4939,'EL MOJON',531),(4940,'EL PERTIGO',529),(4941,'EL POLEAR',528),(4942,'EL PORVENIR',530),(4943,'EL PUESTITO',536),(4944,'EL SETENTA',530),(4945,'EL TOBIANO ,EMB.',534),(4946,'EL ZANJON',536),(4947,'FERNANDEZ',553),(4948,'FORRES',543),(4949,'FORTIN INCA',539),(4950,'FRIAS',535),(4951,'GARZA',554),(4952,'GIRARDET',529),(4953,'GRAMILLA',533),(4954,'GRANADERO GATICA',529),(4955,'GUAMPACHO',550),(4956,'GUARDIA ESCOLTA',539),(4957,'HAASE',529),(4958,'HERRERA',544),(4959,'HOYON',546),(4960,'HUACHANA',530),(4961,'HUAICO HONDO',536),(4962,'HURITU HUASI',540),(4963,'HUYAMAMPA',528),(4964,'ICAÑO',544),(4965,'INGENIERO CARLOS CHRISTIERNSON ,EMB.',542),(4966,'ISCA YACU',545),(4967,'KILOMETR0 80 ,DV.',532),(4968,'KILOMETR0699 ,EMP.',529),(4969,'KILOMETRO 101 ,PDA.',532),(4970,'KILOMETRO 1362 ,EMB.',530),(4971,'KILOMETRO 1380 ,EMB.',530),(4972,'KILOMETRO 1391 ,EMB.',530),(4973,'KILOMETRO 153 ,AP.',536),(4974,'KILOMETRO 18 ,EMB.',535),(4975,'KILOMETRO 390 ,DV.',541),(4976,'KILOMETRO 433 ,EMB.',534),(4977,'KILOMETRO 436 ,DV.',546),(4978,'KILOMETRO 454 ,AP.',534),(4979,'KILOMETRO 473 ,AP.',555),(4980,'KILOMETRO 494',552),(4981,'KILOMETRO 499 ,AP.',552),(4982,'KILOMETRO 546 ,AP.',552),(4983,'KILOMETRO 546 ,AP.',552),(4984,'KILOMETRO 55 ,AP.',535),(4985,'KILOMETRO 606 ,AP.',529),(4986,'KILOMETRO 613 ,AP.',540),(4987,'KILOMETRO 645 ,AP.',528),(4988,'KILOMETRO 659 ,AP.',528),(4989,'KILOMETRO 969 ,EMB.',535),(4990,'LA ALOJA ,EMB.',531),(4991,'LA AURORA',528),(4992,'LA BANDA',528),(4993,'LA CAÑADA',540),(4994,'LA DONOSA',533),(4995,'LA FIRMEZA',551),(4996,'LA FRAGUA',531),(4997,'LA INVERNADA',540),(4998,'LA ISLA',532),(4999,'LA NENA',534),(5000,'LA PALOMA ,EMB.',529),(5001,'LA PUNTA',535),(5002,'LA TAPA',540),(5003,'LAPRIDA',535),(5004,'LAS ABRAS',556),(5005,'LAS CARPAS',530),(5006,'LAS FLORES',536),(5007,'LAS LOMITAS BLANCAS',532),(5008,'LAS TINAJAS',529),(5009,'LAVALLE',550),(5010,'LEZCANOS',533),(5011,'LIBARONA, AGUSTINA',530),(5012,'LIBERTAD',529),(5013,'LILO VIEJO',529),(5014,'LLAJTA MAUCA',552),(5015,'LOS JURIES',534),(5016,'LOS LINARES',534),(5017,'LOS MILAGROS',529),(5018,'LOS NARANJOS',528),(5019,'LOS NUÑEZ',533),(5020,'LOS PIRPINTOS',551),(5021,'LOS QUIROGA',528),(5022,'LOS TELARES',541),(5023,'LOS TIGRES',551),(5024,'LUGONES',544),(5025,'MACO',536),(5026,'MAILIN',544),(5027,'MAL PASO',536),(5028,'MALBRAN',537),(5029,'MATARA',552),(5030,'MEDELLIN',546),(5031,'MEDIA LUNA',556),(5032,'MELERO',552),(5033,'MIRAVAL, HERNAN M.',529),(5034,'MISTOL PAMPA ,AP.',529),(5035,'MONTE ALTO ,AP.',529),(5036,'MONTE QUEMADO',551),(5037,'MORALES',536),(5038,'NASALO',552),(5039,'NUEVA ESPERANZA',531),(5040,'NUEVA FRANCIA',538),(5041,'NUEVO SIMBOLAR',531),(5042,'OTUMPA',529),(5043,'PALO NEGRO',557),(5044,'PAMPA DE LOS GUANACOS',551),(5045,'PAMPA MAYO',528),(5046,'PAMPA MUYOJ ,EMB.',529),(5047,'PAMPA POZO',531),(5048,'PASO DE LOS OSCARES',556),(5049,'PATAY',529),(5050,'PIEDRAS BLANCAS',532),(5051,'POZO BETBEDER',531),(5052,'POZO DEL CASTAÑO',540),(5053,'POZO DEL TOBA',552),(5054,'POZO DULCE',539),(5055,'POZO HONDO',545),(5056,'POZO HUASCHO',550),(5057,'POZUELOS',533),(5058,'PROVIDENCIA',555),(5059,'PUNA',529),(5060,'PUNI TAJO ,DV.',534),(5061,'QUEBRACHITOS',537),(5062,'QUEBRACHO COTO',531),(5063,'QUILUMPA',529),(5064,'QUIMILI',529),(5065,'RAMIREZ DE VELAZCO',542),(5066,'RAPELLI',531),(5067,'REAL SAYANA',544),(5068,'ROBLES',547),(5069,'ROVERSI',529),(5070,'SABAGASTA',541),(5071,'SACHAYOJ',530),(5072,'SALAVINA',541),(5073,'SAN GREGORIO',545),(5074,'SAN GREGORIO',531),(5075,'SAN PABLO',540),(5076,'SAN PEDRO',550),(5077,'SAN RAMON',528),(5078,'SAN RAMON',531),(5079,'SANTA BARBARA',555),(5080,'SANTA CATALINA',550),(5081,'SANTA CRUZ',535),(5082,'SANTA JUSTINA',529),(5083,'SANTA MARIA',551),(5084,'SANTA MARIA ,EST.INGENIERO EZCURRA',536),(5085,'SANTA MARIA SALOME',530),(5086,'SANTIAGO DEL ESTERO',536),(5087,'SANTO DOMINGO',532),(5088,'SANTO DOMINGO',531),(5089,'SANTOS LUGARES',530),(5090,'SELVA',557),(5091,'SEÑORA PUJIO',528),(5092,'SIETE ARBOLES',531),(5093,'SIMBOL',538),(5094,'SIMBOL BAJO ,EMB.',534),(5095,'SIMBOLAR',528),(5096,'SOL DE JULIO',532),(5097,'SOL DE MAYO',535),(5098,'SUMAMAO',538),(5099,'SUMAMPA',542),(5100,'SUNCHO CORRAL',552),(5101,'SURIHUAYA ,AP.',529),(5102,'TABOADA',554),(5103,'TACANITAS',534),(5104,'TACO POZO',530),(5105,'TERMAS DE RIO HONDO',533),(5106,'TINTINA',529),(5107,'TIUN PUNCO',552),(5108,'TOBAS',552),(5109,'TRES MOJONES',529),(5110,'TRES POZOS',534),(5111,'URUTAU',551),(5112,'VACA HUANUNA',540),(5113,'VILELAS',552),(5114,'VILLA ADELA',535),(5115,'VILLA ATAMISQUI',546),(5116,'VILLA BRAÑA',529),(5117,'VILLA ELVIRA',535),(5118,'VILLA FIGUEROA',540),(5119,'VILLA GENERAL MITRE ,EST.PINTO',537),(5120,'VILLA GUASAYAN',550),(5121,'VILLA JIMENEZ',533),(5122,'VILLA LA PUNTA',535),(5123,'VILLA MATARA',554),(5124,'VILLA MATILDE',529),(5125,'VILLA MATOQUE',551),(5126,'VILLA MERCEDES',531),(5127,'VILLA OJO DE AGUA',532),(5128,'VILLA PALMAR',530),(5129,'VILLA QUEBRACHOS',542),(5130,'VILLA RIO HONDO',533),(5131,'VILLA SAN MARTIN ,EST.LORETO',555),(5132,'VILLA SILIPICA',538),(5133,'VILLA UNION',556),(5134,'VILMER',543),(5135,'VINARA',533),(5136,'YOUNG, TOMAS',534),(5137,'YUCHAN',552),(5138,'ZANJON ,EST.',536),(5139,'ALMIRANTE BROWN',558),(5140,'BAHIA FOX',559),(5141,'BAHIA THETIS',558),(5142,'BARRIO ALMIRANTE BROWN',558),(5143,'BASE A.C.E. ALFEREZ DE NAVIO SOBRAL',560),(5144,'BASE AEREA TTE. BENJAMIN MATIENZO',560),(5145,'BASE DE EJERCITO ESPERANZA',560),(5146,'BASE DE EJERCITO GRL.BELGRANO',560),(5147,'BASE DE EJERCITO GRL.SAN MARTIN',560),(5148,'CARMEN',561),(5149,'CULLEN',561),(5150,'DESTACAMENTO NAVAL CORBETA URUGUAY',562),(5151,'DESTACAMENTO NAVAL DECEPCION',563),(5152,'DESTACAMENTO NAVAL ESPERANZA',563),(5153,'DESTACAMENTO NAVAL MELCHIOR',563),(5154,'DESTACAMENTO NAVAL ORCADAS',563),(5155,'DESTACAMENTO NAVAL TENIENTE CAMARA',563),(5156,'ESTACION AERONAVAL PETRIEL',563),(5157,'ESTACION CIENTIFICA ALMIRANTE BROWN',563),(5158,'ESTACION CIENTIFICA ELLSWORTH',563),(5159,'ESTACION DE APOYO Nº 1 FUERZA AEREA ARG.',563),(5160,'GRYTVIKEN',562),(5161,'KAIKEN',561),(5162,'LA MARINA',561),(5163,'LAPATAIA',558),(5164,'MARIA LUISA',561),(5165,'MISION SALESIANA',561),(5166,'PUERTO ARGENTINO',562),(5167,'PUERTO HARBERTON',558),(5168,'PUERTO LEITH',562),(5169,'PUERTO LUIS',562),(5170,'PUERTO RANCHO',558),(5171,'PUERTO REMOLINO',558),(5172,'PUERTO SAN CARLOS',562),(5173,'RANCHO HAMBRE',558),(5174,'RIO GRANDE',561),(5175,'SAN JULIO',561),(5176,'SAN JUSTO',561),(5177,'SAN PABLO',561),(5178,'SAN SEBASTIAN',561),(5179,'SARA',561),(5180,'SARMIENTO',561),(5181,'USHUAIA',558),(5182,'VIAMONTE',561),(5183,'VIEJA CARMEN',561),(5184,'7 DE ABRIL',564),(5185,'ACEQUIONES',565),(5186,'ACHERAL',566),(5187,'AGUA DULCE',567),(5188,'AGUA DULCE ,EMP.',568),(5189,'AGUILARES',569),(5190,'ALDERETES',568),(5191,'ALPACHIRI',570),(5192,'ALTA GRACIA',564),(5193,'ALTO DE MEDINA',564),(5194,'ALTO VERDE',570),(5195,'AMAICHA DEL VALLE',571),(5196,'AMBERES',566),(5197,'AMPATA',570),(5198,'ANCAJULI',571),(5199,'ANFAMA',571),(5200,'ARAOZ',567),(5201,'ARBOLES GRANDES',572),(5202,'ARCADIA',570),(5203,'ARROYO',570),(5204,'ATAHONA',570),(5205,'BAJASTINE',572),(5206,'BALDERRAMA',566),(5207,'BANDA DEL RIO SALI',568),(5208,'BELICHA HUAICO',570),(5209,'BELLA VISTA',573),(5210,'BENJAMIN ARAOZ',564),(5211,'BENJAMIN PAZ',565),(5212,'BURRUYACU',564),(5213,'BUSTAMANTE ,AP.',568),(5214,'CACHI HUASI ,AP.',567),(5215,'CACHI YACO ,AP.',567),(5216,'CAMPO BELLO',572),(5217,'CAÑETE',568),(5218,'CEVIL POZO',568),(5219,'CEVIL REDONDO',571),(5220,'CHABELA',564),(5221,'CHAÑARITO',574),(5222,'CHICLIGASTA',570),(5223,'CHILCAS',564),(5224,'CHOROMORO',565),(5225,'CHORRILLOS',564),(5226,'CHUANTA',573),(5227,'CIUDACITA',570),(5228,'CIUDAD HOSPITAL',571),(5229,'CIUDAD UNIVERSITARIA',571),(5230,'COCHUNA',570),(5231,'COLALAO DEL VALLE',571),(5232,'COLOMBRES',568),(5233,'COLONIA NUEVA TRINIDAD',569),(5234,'COLONIA SAN JORGE',568),(5235,'COLONIA SAN JOSE',568),(5236,'CONCEPCION',570),(5237,'CRUZ DEL NORTE',568),(5238,'DIQUE EL CADILLAL',574),(5239,'EL ASERRADERO',564),(5240,'EL BAÑADO',571),(5241,'EL BARCO',564),(5242,'EL BRACHO',568),(5243,'EL CADILLAL',571),(5244,'EL CHAÑAR',564),(5245,'EL COLMENAL',574),(5246,'EL DURAZNITO',574),(5247,'EL GUARDAMONTE',567),(5248,'EL JARDIN',566),(5249,'EL MOLINO',570),(5250,'EL MOLLAR',571),(5251,'EL NARANJO',564),(5252,'EL OJO',564),(5253,'EL PORVENIR',572),(5254,'EL SUNCHAL',564),(5255,'EL ZAPALLAR',572),(5256,'ENCRUCIJADA',567),(5257,'ESCABA ABAJO',569),(5258,'ESCABA ARRIBA',569),(5259,'ESQUINA',567),(5260,'FAMAILLA',573),(5261,'FINCA ELISA',568),(5262,'GALLO, DELFIN',568),(5263,'GARCIA FERNANDEZ, MANUEL',573),(5264,'GASTONA',570),(5265,'GOBERNADOR GARMENDIA',564),(5266,'GOBERNADOR NOUGUES',574),(5267,'GOBERNADOR PIEDRABUENA',564),(5268,'GRANEROS',572),(5269,'GUZMAN',568),(5270,'HUASA PAMPA NORTE ,EST.HUASA PAMPA',572),(5271,'HUASA PAMPA SUR',572),(5272,'ICHIPUCA',572),(5273,'INGENIO AMALIA',574),(5274,'INGENIO CONCEPCION',568),(5275,'INGENIO CRUZ ALTA',568),(5276,'INGENIO LA CORONA',570),(5277,'INGENIO LA ESPERANZA',568),(5278,'INGENIO LA FLORIDA',568),(5279,'INGENIO LA FRONTERITA',573),(5280,'INGENIO LASTENIA',568),(5281,'INGENIO LULES',573),(5282,'INGENIO LULES ,EST.',573),(5283,'INGENIO SAN JOSE',571),(5284,'INGENIO SAN MIGUEL',568),(5285,'INGENIO SAN PABLO',573),(5286,'INGENIO SANTA ANA',569),(5287,'INGENIO SANTA LUCIA',566),(5288,'KILOMETRO 10 ,AP.',572),(5289,'KILOMETRO 102 ,AP.',573),(5290,'KILOMETRO 1185 ,AP.',569),(5291,'KILOMETRO 1194 ,AP.',570),(5292,'KILOMETRO 1207 ,AP.',570),(5293,'KILOMETRO 1213 ,AP.',566),(5294,'KILOMETRO 1235 ,DV.',573),(5295,'KILOMETRO 1248 ,AP.',573),(5296,'KILOMETRO 1254 ,AP.',574),(5297,'KILOMETRO 1256 ,AP.',574),(5298,'KILOMETRO 29 ,AP.',572),(5299,'KILOMETRO 36 ,AP.',569),(5300,'KILOMETRO 46 ,AP.',569),(5301,'KILOMETRO 5 ,AP.',573),(5302,'KILOMETRO 55 ,AP.',569),(5303,'KILOMETRO 770 ,DV.',564),(5304,'KILOMETRO 781 ,AP.',568),(5305,'KILOMETRO 784 ,AP.',568),(5306,'KILOMETRO 794 ,AP.',568),(5307,'KILOMETRO 808 ,AP.',574),(5308,'KILOMETRO 810 ,DV.',574),(5309,'KILOMETRO 825',574),(5310,'KILOMETRO 847 ,DV.',565),(5311,'KILOMETRO 99,DV.',573),(5312,'LA ANGOSTURA',571),(5313,'LA CAÑADA',572),(5314,'LA COCHA',572),(5315,'LA CRUZ',564),(5316,'LA ENCANTADA',567),(5317,'LA FALDA',571),(5318,'LA HIGUERA',565),(5319,'LA INVERNADA',572),(5320,'LA MADRID',572),(5321,'LA POSTA',572),(5322,'LA RAMADA',564),(5323,'LA REDUCCION',573),(5324,'LA RINCONADA',571),(5325,'LA TIPA',569),(5326,'LA TRINIDAD',570),(5327,'LAGUNA DE ROBLES',564),(5328,'LAS CEJAS',568),(5329,'LAS GUCHAS',570),(5330,'LAS PIEDRITAS',568),(5331,'LEALES',567),(5332,'LILLO, MIGUEL',567),(5333,'LOMA VERDE',567),(5334,'LOPEZ DOMINGUEZ ,AP.',568),(5335,'LOS AGUIRRE',574),(5336,'LOS CHAÑARES',571),(5337,'LOS GOMEZ',567),(5338,'LOS GUTIERREZ',568),(5339,'LOS PEREYRA',568),(5340,'LOS PUESTOS',567),(5341,'LOS RALOS',568),(5342,'LOS SARMIENTOS',569),(5343,'LOS SOSA',566),(5344,'LUISIANA',568),(5345,'LULES',573),(5346,'LUNAREJOS',567),(5347,'MACIO',566),(5348,'MACOMITA',564),(5349,'MALVINAS',573),(5350,'MANANTIAL',571),(5351,'MARIÑO',564),(5352,'MATE DE LUNA',574),(5353,'MEDINAS',570),(5354,'MENDEZ, PEDRO G.',568),(5355,'MILLAN, DOMINGO',572),(5356,'MIRAFLORES',565),(5357,'MIXTA',567),(5358,'MONTE GRANDE',572),(5359,'MONTEAGUDO',570),(5360,'MONTEROS',566),(5361,'MUNDO NUEVO',573),(5362,'MUÑECAS',574),(5363,'NARANJITO',568),(5364,'NUEVA ESPAÑA',567),(5365,'NUEVA TRINIDAD',569),(5366,'ORAN',567),(5367,'PACARA',568),(5368,'PADILLA',573),(5369,'PALA PALA',567),(5370,'PAZ, BENJAMIN',565),(5371,'PAZ, LEOCADIO',565),(5372,'PAZ, MARCOS',571),(5373,'PEDRAZA, MANUELA ,AP.',566),(5374,'POLITO ,DV.',568),(5375,'POTRERO DE LAS TABLAS',573),(5376,'POZO DEL ALTO',568),(5377,'PUEBLO VIEJO',566),(5378,'PUERTA DE SAN JAVIER',571),(5379,'RACO',571),(5380,'RANCHILLOS',568),(5381,'REQUELME',564),(5382,'RIO CHICO',569),(5383,'RIO COLORADO',573),(5384,'RIO DEL NIO',564),(5385,'RIO SECO',566),(5386,'ROMERO POZO',567),(5387,'ROUGES, LEON',566),(5388,'RUMI PUNCO',572),(5389,'SAN AGUSTIN',568),(5390,'SAN ANDRES',568),(5391,'SAN FELIPE',574),(5392,'SAN IGNACIO',572),(5393,'SAN JAVIER',571),(5394,'SAN JOSE',572),(5395,'SAN MIGUEL',568),(5396,'SAN MIGUEL DE TUCUMAN ,EST.TUCUMAN',574),(5397,'SAN PABLO',573),(5398,'SAN PATRICIO',564),(5399,'SAN PEDRO DE COLALAO',565),(5400,'SAN RAFAEL',573),(5401,'SAN VICENTE',568),(5402,'SANTA BARBARA',574),(5403,'SANTA CRUZ',570),(5404,'SANTA ROSA DE LEALES',567),(5405,'SIAMBON',571),(5406,'SIMOCA',566),(5407,'SINQUIEAL',564),(5408,'SOL DE MAYO',572),(5409,'SUELDOS',567),(5410,'TACANAS ,EST.SUPERINTENDENTE LEDESMA',567),(5411,'TACO PALTA',564),(5412,'TACO RALO',572),(5413,'TAFI DEL VALLE',571),(5414,'TAFI VIEJO',571),(5415,'TAFICILLO',571),(5416,'TALA POZO',564),(5417,'TAPIA',565),(5418,'TARUCA PAMPA',564),(5419,'TICUCHO',565),(5420,'TIMBO NUEVO',564),(5421,'TIMBO VIEJO',564),(5422,'TINAJEROS',564),(5423,'TRANCAS',565),(5424,'TREJOS',570),(5425,'TRES POZOS',567),(5426,'TUNA SOLA',565),(5427,'TUSQUITAS',567),(5428,'URIZAR',564),(5429,'UTURUNCO',565),(5430,'VILLA CARMELA',571),(5431,'VILLA LUJAN',574),(5432,'VILLA NUEVA',564),(5433,'VILLA PADRE MONTI',564),(5434,'VILLA QUINTEROS',566),(5435,'VILLA RESCATE',568),(5436,'VIPOS',565),(5437,'YACUCHINA',566),(5438,'YANIMAS',572),(5439,'YERBA BUENA',571);
/*!40000 ALTER TABLE `localidades` ENABLE KEYS */;
UNLOCK TABLES;

--
-- Table structure for table `provincias`
--

DROP TABLE IF EXISTS `provincias`;
/*!40101 SET @saved_cs_client     = @@character_set_client */;
/*!40101 SET character_set_client = utf8 */;
CREATE TABLE `provincias` (
  `id` int(11) NOT NULL,
  `nombre` varchar(50) NOT NULL,
  PRIMARY KEY (`id`)
) ENGINE=InnoDB DEFAULT CHARSET=latin1;
/*!40101 SET character_set_client = @saved_cs_client */;

--
-- Dumping data for table `provincias`
--

LOCK TABLES `provincias` WRITE;
/*!40000 ALTER TABLE `provincias` DISABLE KEYS */;
INSERT INTO `provincias` (`id`, `nombre`) VALUES (1,'BUENOS AIRES'),(2,'CATAMARCA'),(3,'CHACO'),(4,'CHUBUT'),(5,'CORDOBA'),(6,'CORRIENTES'),(7,'ENTRE RIOS'),(8,'FORMOSA'),(9,'JUJUY'),(10,'LA PAMPA'),(11,'LA RIOJA'),(12,'MENDOZA'),(13,'MISIONES'),(14,'NEUQUEN'),(15,'RIO NEGRO'),(16,'SALTA'),(17,'SAN JUAN'),(18,'SAN LUIS'),(19,'SANTA CRUZ'),(20,'SANTA FE'),(21,'SANTIAGO DEL ESTERO'),(22,'TIERRA DEL FUEGO'),(23,'TUCUMAN');
/*!40000 ALTER TABLE `provincias` ENABLE KEYS */;
UNLOCK TABLES;
/*!40103 SET TIME_ZONE=@OLD_TIME_ZONE */;

/*!40101 SET SQL_MODE=@OLD_SQL_MODE */;
/*!40014 SET FOREIGN_KEY_CHECKS=@OLD_FOREIGN_KEY_CHECKS */;
/*!40014 SET UNIQUE_CHECKS=@OLD_UNIQUE_CHECKS */;
/*!40101 SET CHARACTER_SET_CLIENT=@OLD_CHARACTER_SET_CLIENT */;
/*!40101 SET CHARACTER_SET_RESULTS=@OLD_CHARACTER_SET_RESULTS */;
/*!40101 SET COLLATION_CONNECTION=@OLD_COLLATION_CONNECTION */;
/*!40111 SET SQL_NOTES=@OLD_SQL_NOTES */;

-- Dump completed on 2014-03-15 19:40:58
