/*
SQLyog Community v8.6 Beta2
MySQL - 5.5.40 : Database - gid_maquinas_latinlemon
*********************************************************************
*/

/*!40101 SET NAMES utf8 */;

/*!40101 SET SQL_MODE=''*/;

/*!40014 SET @OLD_UNIQUE_CHECKS=@@UNIQUE_CHECKS, UNIQUE_CHECKS=0 */;
/*!40014 SET @OLD_FOREIGN_KEY_CHECKS=@@FOREIGN_KEY_CHECKS, FOREIGN_KEY_CHECKS=0 */;
/*!40101 SET @OLD_SQL_MODE=@@SQL_MODE, SQL_MODE='NO_AUTO_VALUE_ON_ZERO' */;
/*!40111 SET @OLD_SQL_NOTES=@@SQL_NOTES, SQL_NOTES=0 */;
/*Table structure for table `config` */

DROP TABLE IF EXISTS `config`;

CREATE TABLE `config` (
  `version_db` decimal(10,0) NOT NULL,
  `claves_encriptadas` char(1) DEFAULT NULL,
  `archivo_ini` varchar(15) DEFAULT NULL,
  `cod_empresa` decimal(5,0) DEFAULT NULL,
  `clave_longitud_minima` decimal(3,0) DEFAULT NULL,
  `clave_mayus` char(1) DEFAULT NULL,
  `clave_minus` char(1) DEFAULT NULL,
  `clave_numeros` char(1) DEFAULT NULL,
  `clave_caracteres_especiales` char(1) DEFAULT NULL,
  `clave_vencimiento` decimal(3,0) DEFAULT NULL,
  `clave_contiene_nombre_usuario` char(1) DEFAULT NULL,
  `clave_usar_dos_veces_seguidas` char(1) DEFAULT NULL,
  `cod_sistema` decimal(5,0) DEFAULT NULL
) ENGINE=InnoDB DEFAULT CHARSET=latin1;

/*Data for the table `config` */

insert  into `config`(`version_db`,`claves_encriptadas`,`archivo_ini`,`cod_empresa`,`clave_longitud_minima`,`clave_mayus`,`clave_minus`,`clave_numeros`,`clave_caracteres_especiales`,`clave_vencimiento`,`clave_contiene_nombre_usuario`,`clave_usar_dos_veces_seguidas`,`cod_sistema`) values ('25',NULL,'Maquinaria','3',NULL,NULL,NULL,NULL,NULL,NULL,NULL,NULL,'12');

/*Table structure for table `depositos` */

DROP TABLE IF EXISTS `depositos`;

CREATE TABLE `depositos` (
  `id` decimal(10,0) NOT NULL,
  `nombre` varchar(20) DEFAULT NULL,
  `principal` varchar(1) DEFAULT NULL,
  `usuario` varchar(50) NOT NULL,
  `fecha_carga` datetime NOT NULL,
  `usuario_ult_acceso` varchar(50) DEFAULT NULL,
  `fecha_ult_acceso` datetime DEFAULT NULL,
  `cod_compatibilidad` varchar(10) DEFAULT NULL,
  `codigo` decimal(5,0) NOT NULL,
  PRIMARY KEY (`id`)
) ENGINE=InnoDB DEFAULT CHARSET=latin1;

/*Data for the table `depositos` */

insert  into `depositos`(`id`,`nombre`,`principal`,`usuario`,`fecha_carga`,`usuario_ult_acceso`,`fecha_ult_acceso`,`cod_compatibilidad`,`codigo`) values ('1','Principal','S','','0000-00-00 00:00:00','KARINAG/Martin','2015-12-03 12:19:10','','1');

/*Table structure for table `errores` */

DROP TABLE IF EXISTS `errores`;

CREATE TABLE `errores` (
  `id` decimal(10,0) NOT NULL,
  `fecha` datetime NOT NULL,
  `cod_sistema` decimal(5,0) NOT NULL,
  `usuario` varchar(100) DEFAULT NULL,
  `pc` varchar(45) DEFAULT NULL,
  `descripcion` mediumtext NOT NULL,
  `ventana` varchar(50) NOT NULL,
  `objeto` varchar(50) NOT NULL,
  `evento` varchar(50) NOT NULL,
  `linea` decimal(5,0) NOT NULL,
  `informado` char(2) NOT NULL,
  `VERSION` varchar(30) NOT NULL,
  `cod_empresa` decimal(5,0) DEFAULT NULL
) ENGINE=InnoDB DEFAULT CHARSET=latin1;

/*Data for the table `errores` */

/*Table structure for table `imp_filtros` */

DROP TABLE IF EXISTS `imp_filtros`;

CREATE TABLE `imp_filtros` (
  `id` decimal(10,0) NOT NULL,
  `usuario` varchar(50) NOT NULL,
  `dw_reporte` varchar(50) NOT NULL,
  `dw_filtro` varchar(50) NOT NULL,
  `fecha_ini` date DEFAULT NULL,
  `fecha_fin` date DEFAULT NULL,
  PRIMARY KEY (`id`),
  UNIQUE KEY `imp_filtros_i1` (`usuario`,`dw_reporte`,`dw_filtro`)
) ENGINE=InnoDB DEFAULT CHARSET=latin1;

/*Data for the table `imp_filtros` */

/*Table structure for table `imp_filtros_valores` */

DROP TABLE IF EXISTS `imp_filtros_valores`;

CREATE TABLE `imp_filtros_valores` (
  `id` decimal(10,0) NOT NULL,
  `id_imp_filtro` decimal(10,0) NOT NULL,
  `columna` varchar(50) NOT NULL,
  `valor` varchar(50) DEFAULT NULL,
  PRIMARY KEY (`id`),
  UNIQUE KEY `imp_filtros_valores_i1` (`columna`,`id_imp_filtro`),
  KEY `imp_filtros_valores_fk` (`id_imp_filtro`),
  CONSTRAINT `imp_filtros_valores_fk` FOREIGN KEY (`id_imp_filtro`) REFERENCES `imp_filtros` (`id`) ON DELETE CASCADE ON UPDATE CASCADE
) ENGINE=InnoDB DEFAULT CHARSET=latin1;

/*Data for the table `imp_filtros_valores` */

/*Table structure for table `insumos` */

DROP TABLE IF EXISTS `insumos`;

CREATE TABLE `insumos` (
  `id` decimal(10,0) NOT NULL,
  `codigo` decimal(4,0) DEFAULT NULL,
  `nombre` char(80) DEFAULT NULL,
  `precio` decimal(8,2) DEFAULT NULL,
  `stock_reposicion` decimal(10,2) DEFAULT NULL,
  `cod_compatibilidad` decimal(5,0) DEFAULT NULL,
  `certificacion` varchar(100) DEFAULT NULL,
  `peso` decimal(7,4) DEFAULT NULL,
  `id_unidad_medida` decimal(10,0) DEFAULT NULL,
  `id_rubro` decimal(10,0) DEFAULT NULL,
  `id_subrubro` decimal(10,0) DEFAULT NULL,
  `usuario` varchar(50) DEFAULT NULL,
  `fecha_carga` datetime DEFAULT NULL,
  `usuario_ult_acceso` varchar(50) DEFAULT NULL,
  `fecha_ult_acceso` datetime DEFAULT NULL,
  `volumen` decimal(5,2) DEFAULT NULL,
  PRIMARY KEY (`id`),
  UNIQUE KEY `insumos_id` (`id`),
  UNIQUE KEY `insumos_codigo` (`codigo`)
) ENGINE=InnoDB DEFAULT CHARSET=latin1;

/*Data for the table `insumos` */

insert  into `insumos`(`id`,`codigo`,`nombre`,`precio`,`stock_reposicion`,`cod_compatibilidad`,`certificacion`,`peso`,`id_unidad_medida`,`id_rubro`,`id_subrubro`,`usuario`,`fecha_carga`,`usuario_ult_acceso`,`fecha_ult_acceso`,`volumen`) values ('3','1','Motor 2 HP','0.00','0.00','0','N','0.0000','0','0','0','','0000-00-00 00:00:00','','0000-00-00 00:00:00','0.00'),('53','3','Eje 2 mts','0.00','0.00','0','N','0.0000','0','0','0','','0000-00-00 00:00:00','','0000-00-00 00:00:00','0.00'),('54','4','Cepillo Mezcla','0.00','0.00','0','N','0.0000','0','0','0','','0000-00-00 00:00:00','','0000-00-00 00:00:00','0.00'),('55','5','Piñon Asa 60 - 16 dientes','0.00','0.00','0','N','0.0000','0','0','0','','0000-00-00 00:00:00','','0000-00-00 00:00:00','0.00'),('56','6','Caja Rodamiento Nº 204','0.00','0.00','0','N','0.0000','0','0','0','','0000-00-00 00:00:00','','0000-00-00 00:00:00','0.00'),('57','7','Madera para Cadena Transmisión','0.00','0.00','0','N','0.0000','0','0','0','','0000-00-00 00:00:00','','0000-00-00 00:00:00','0.00'),('59','9','Paleta Ventilador','0.00','0.00','0','N','0.0000','0','0','0','','0000-00-00 00:00:00','','0000-00-00 00:00:00','0.00'),('65','10','\"Motor 1','5.00','0.00','0','','0.0000','0','0','0','','0000-00-00 00:00:00','','0000-00-00 00:00:00','0.00'),('66','11','Rodamiento Nº 204 Oxilante','0.00','0.00','0','N','0.0000','0','0','0','','0000-00-00 00:00:00','','0000-00-00 00:00:00','0.00'),('67','12','Reductor Carcasa 80','0.00','0.00','0','N','0.0000','0','0','0','','0000-00-00 00:00:00','','0000-00-00 00:00:00','0.00'),('68','13','Bomba Centrífuga 1 HP','0.00','0.00','0','N','0.0000','0','0','0','','0000-00-00 00:00:00','','0000-00-00 00:00:00','0.00'),('69','14','Corona 24 dientes','0.00','0.00','0','N','0.0000','0','0','0','','0000-00-00 00:00:00','','0000-00-00 00:00:00','0.00'),('70','15','Cadena paso 80 Perno','0.00','0.00','0','N','0.0000','0','0','0','','0000-00-00 00:00:00','','0000-00-00 00:00:00','0.00'),('71','16','Rolo PVC 63 mm','0.00','0.00','0','N','0.0000','0','0','0','','0000-00-00 00:00:00','','0000-00-00 00:00:00','0.00'),('72','17','Buje PVC 63 mm','0.00','0.00','0','N','0.0000','0','0','0','','0000-00-00 00:00:00','','0000-00-00 00:00:00','0.00'),('73','18','Reductor Carcasa 50','0.00','0.00','0','N','0.0000','0','0','0','','0000-00-00 00:00:00','','0000-00-00 00:00:00','0.00'),('74','19','Caja Rodamiento Nº 207','0.00','0.00','0','N','0.0000','0','0','0','','0000-00-00 00:00:00','','0000-00-00 00:00:00','0.00'),('76','21','Corona Paso 100','0.00','0.00','0','N','0.0000','0','0','0','','0000-00-00 00:00:00','','0000-00-00 00:00:00','0.00'),('77','22','\"Rolo Metal 0','75.00','0.00','0','','0.0000','0','0','0','','0000-00-00 00:00:00','','0000-00-00 00:00:00','0.00'),('78','23','\"Buje PVC 0','75.00','0.00','0','','0.0000','0','0','0','','0000-00-00 00:00:00','','0000-00-00 00:00:00','0.00'),('79','24','Cadena Paso 100 Perno','0.00','0.00','0','N','0.0000','0','0','0','','0000-00-00 00:00:00','','0000-00-00 00:00:00','0.00'),('80','25','Caja Rodamiento Nº 206','0.00','0.00','0','N','0.0000','0','0','0','','0000-00-00 00:00:00','','0000-00-00 00:00:00','0.00'),('83','28','Balsa Hidro 9500 lts','0.00','0.00','0','N','0.0000','0','0','0','','0000-00-00 00:00:00','','0000-00-00 00:00:00','0.00'),('84','29','Caño PP 2\" Agua','0.00','0.00','0','N','0.0000','0','0','0','','0000-00-00 00:00:00','','0000-00-00 00:00:00','0.00'),('85','30','Corona diam. 35 mm 32 dientesTransmision','0.00','0.00','0','N','0.0000','0','0','0','','0000-00-00 00:00:00','','0000-00-00 00:00:00','0.00'),('86','31','Corona 32 dientes con grilón','0.00','0.00','0','N','0.0000','0','0','0','','0000-00-00 00:00:00','','0000-00-00 00:00:00','0.00'),('87','32','Cadena asa 50','0.00','0.00','0','N','0.0000','0','0','0','','0000-00-00 00:00:00','','0000-00-00 00:00:00','0.00'),('88','33','Rolo metal 2\" x 2 mts','0.00','0.00','0','N','0.0000','0','0','0','','0000-00-00 00:00:00','','0000-00-00 00:00:00','0.00'),('89','34','Buje PVC 2\"','0.00','0.00','0','N','0.0000','0','0','0','','0000-00-00 00:00:00','','0000-00-00 00:00:00','0.00'),('91','36','Caja Rodamiento Nº 6206','0.00','0.00','0','N','0.0000','0','0','0','','0000-00-00 00:00:00','','0000-00-00 00:00:00','0.00'),('92','37','Cilindro Hidráulico','0.00','0.00','0','N','0.0000','0','0','0','','0000-00-00 00:00:00','','0000-00-00 00:00:00','0.00'),('93','38','Buje Metal 35 mm','0.00','0.00','0','N','0.0000','0','0','0','','0000-00-00 00:00:00','','0000-00-00 00:00:00','0.00'),('94','39','Perno 35 mm Repuesto caretilla','0.00','0.00','0','N','0.0000','0','0','0','','0000-00-00 00:00:00','','0000-00-00 00:00:00','0.00'),('96','40','Buje Bronce 25 mm','0.00','0.00','0','N','0.0000','0','0','0','','0000-00-00 00:00:00','','0000-00-00 00:00:00','0.00'),('97','41','Espuma de Goma 20 mm','0.00','0.00','0','N','0.0000','0','0','0','','0000-00-00 00:00:00','','0000-00-00 00:00:00','0.00'),('98','42','Lona 100 micrones Jose','0.00','0.00','0','N','0.0000','0','0','0','','0000-00-00 00:00:00','','0000-00-00 00:00:00','0.00'),('99','43','Manguera Hidráulica','0.00','0.00','0','N','0.0000','0','0','0','','0000-00-00 00:00:00','','0000-00-00 00:00:00','0.00'),('100','44','Unidad de Poder Doble Bomba Hdrlica Volcadora','0.00','0.00','0','N','0.0000','0','0','0','','0000-00-00 00:00:00','','0000-00-00 00:00:00','0.00'),('101','45','Unidad de Poder Simple Bomba Hdrlica Volcadora','0.00','0.00','0','N','0.0000','0','0','0','','0000-00-00 00:00:00','','0000-00-00 00:00:00','0.00'),('102','46','Bomba Aceite Hidráulico','0.00','0.00','0','N','0.0000','0','0','0','','0000-00-00 00:00:00','','0000-00-00 00:00:00','0.00'),('103','47','Cinta 2000 mm','0.00','0.00','0','N','0.0000','0','0','0','','0000-00-00 00:00:00','','0000-00-00 00:00:00','0.00'),('104','48','Rodillo tensor','0.00','0.00','0','N','0.0000','0','0','0','','0000-00-00 00:00:00','','0000-00-00 00:00:00','0.00'),('105','49','Tambor de Mando 2 mts','0.00','0.00','0','N','0.0000','0','0','0','','0000-00-00 00:00:00','','0000-00-00 00:00:00','0.00'),('107','51','Reductor Carcasa 65','0.00','0.00','0','N','0.0000','0','0','0','','0000-00-00 00:00:00','','0000-00-00 00:00:00','0.00'),('118','52','Aceite Hidráulico SAE 68','0.00','0.00','0','N','0.0000','0','0','0','','0000-00-00 00:00:00','','0000-00-00 00:00:00','0.00'),('120','53','Aceite de Motor Transmision 90','0.00','0.00','0','N','0.0000','0','0','0','','0000-00-00 00:00:00','','0000-00-00 00:00:00','0.00'),('124','54','Broches \"62\"','0.00','0.00','0','N','0.0000','0','0','0','','0000-00-00 00:00:00','','0000-00-00 00:00:00','0.00'),('128','57','Caños 50x50 Agua','0.00','0.00','0','N','0.0000','0','0','0','','0000-00-00 00:00:00','','0000-00-00 00:00:00','0.00'),('129','58','Lona para Tapizar Negra Jose','0.00','0.00','0','N','0.0000','0','0','0','','0000-00-00 00:00:00','','0000-00-00 00:00:00','0.00'),('130','59','Correas','0.00','0.00','0','N','0.0000','0','0','0','','0000-00-00 00:00:00','','0000-00-00 00:00:00','0.00'),('131','60','Ejes','0.00','0.00','0','N','0.0000','0','0','0','','0000-00-00 00:00:00','','0000-00-00 00:00:00','0.00'),('132','61','Cintas load belt plegada Jose','0.00','0.00','0','N','0.0000','0','0','0','','0000-00-00 00:00:00','','0000-00-00 00:00:00','0.00'),('133','62','Grasa lubricante','0.00','0.00','0','N','0.0000','0','0','0','','0000-00-00 00:00:00','','0000-00-00 00:00:00','0.00'),('135','63','Uniones doble para cadena 50','0.00','0.00','0','N','0.0000','0','0','0','','0000-00-00 00:00:00','','0000-00-00 00:00:00','0.00'),('169','64','Pinceles','0.00','0.00','0','N','0.0000','0','0','0','','0000-00-00 00:00:00','','0000-00-00 00:00:00','0.00'),('170','65','Removedor de Pintura','0.00','0.00','0','N','0.0000','0','0','0','','0000-00-00 00:00:00','','0000-00-00 00:00:00','0.00'),('171','66','Mechas 6mm','0.00','0.00','0','N','0.0000','0','0','0','','0000-00-00 00:00:00','','0000-00-00 00:00:00','0.00'),('172','67',' Fichas adatadores','0.00','0.00','0','N','0.0000','0','0','0','','0000-00-00 00:00:00','','0000-00-00 00:00:00','0.00'),('180','68','Disco de Corte','0.00','0.00','0','N','0.0000','0','0','0','','0000-00-00 00:00:00','','0000-00-00 00:00:00','0.00'),('181','69','Bulones','0.00','0.00','0','N','0.0000','0','0','0','','0000-00-00 00:00:00','','0000-00-00 00:00:00','0.00'),('188','70','Cable t/taller 1y 1/2','0.00','0.00','0','N','0.0000','0','0','0','','0000-00-00 00:00:00','','0000-00-00 00:00:00','0.00'),('191','71','Mechas Varias','0.00','0.00','0','N','0.0000','0','0','0','','0000-00-00 00:00:00','','0000-00-00 00:00:00','0.00'),('192','72','Disco de Debaste','0.00','0.00','0','N','0.0000','0','0','0','','0000-00-00 00:00:00','','0000-00-00 00:00:00','0.00'),('193','73','Punto y toma varios (electricidad)','0.00','0.00','0','N','0.0000','0','0','0','','0000-00-00 00:00:00','','0000-00-00 00:00:00','0.00'),('230','75','Pintura Varias','0.00','0.00','0','N','0.0000','0','0','0','','0000-00-00 00:00:00','','0000-00-00 00:00:00','0.00'),('239','77','Martillo','0.00','0.00','0','N','0.0000','0','0','0','','0000-00-00 00:00:00','','0000-00-00 00:00:00','0.00'),('240','78','Varretines P/ Arreglar bins','0.00','0.00','0','N','0.0000','0','0','0','','0000-00-00 00:00:00','','0000-00-00 00:00:00','0.00'),('262','87','Pintura antioxido','0.00','0.00','0','N','0.0000','0','0','0','','0000-00-00 00:00:00','','0000-00-00 00:00:00','0.00'),('269','88',' Chapa Negra1.22X2.44(1.25mm)18 acindar','0.00','0.00','0','N','0.0000','0','0','0','','0000-00-00 00:00:00','','0000-00-00 00:00:00','0.00'),('270','89',' Angulo 1 x3/16(25.4mm)','0.00','0.00','0','N','0.0000','0','0','0','','0000-00-00 00:00:00','','0000-00-00 00:00:00','0.00'),('271','90','Angulo 2 x3/16 850.8MM)','0.00','0.00','0','N','0.0000','0','0','0','','0000-00-00 00:00:00','','0000-00-00 00:00:00','0.00'),('272','91','Caño Estrutural 30 x 30 x 1.2','0.00','0.00','0','N','0.0000','0','0','0','','0000-00-00 00:00:00','','0000-00-00 00:00:00','0.00'),('274','93','Lapiz de widia','0.00','0.00','0','N','0.0000','0','0','0','','0000-00-00 00:00:00','','0000-00-00 00:00:00','0.00'),('281','94','\"Grilon  0','50.00','0.00','0','','0.0000','0','0','0','','0000-00-00 00:00:00','','0000-00-00 00:00:00','0.00'),('290','95','Nucleo p ventilador','0.00','0.00','0','N','0.0000','0','0','0','','0000-00-00 00:00:00','','0000-00-00 00:00:00','0.00'),('291','96','Ventilador','0.00','0.00','0','N','0.0000','0','0','0','','0000-00-00 00:00:00','','0000-00-00 00:00:00','0.00'),('298','97','Termostato pegador de caja','0.00','0.00','0','N','0.0000','0','0','0','','0000-00-00 00:00:00','','0000-00-00 00:00:00','0.00'),('303','98','Lija al agua','0.00','0.00','0','N','0.0000','0','0','0','','0000-00-00 00:00:00','','0000-00-00 00:00:00','0.00'),('305','100','Llave mandril p/ Taladro','0.00','0.00','0','N','0.0000','0','0','0','','0000-00-00 00:00:00','','0000-00-00 00:00:00','0.00'),('306','101','Teflon','0.00','0.00','0','N','0.0000','0','0','0','','0000-00-00 00:00:00','','0000-00-00 00:00:00','0.00'),('310','102','Bisagra p armar','0.00','0.00','0','N','0.0000','0','0','0','','0000-00-00 00:00:00','','0000-00-00 00:00:00','0.00'),('319','104','Rodamiento oscilante S206DNW3 Jose','0.00','0.00','0','N','17.0000','0','0','0','','0000-00-00 00:00:00','','0000-00-00 00:00:00','0.00'),('320','105','Rodamiento 6004ZNR Jose','0.00','0.00','0','N','17.0000','0','0','0','','0000-00-00 00:00:00','','0000-00-00 00:00:00','0.00'),('321','106','Correa dentada 1337 Jose','0.00','0.00','0','N','0.0000','0','0','0','','0000-00-00 00:00:00','','0000-00-00 00:00:00','0.00'),('322','107','Correa dentada 11340 jose','0.00','0.00','0','N','0.0000','0','0','0','','0000-00-00 00:00:00','','0000-00-00 00:00:00','0.00'),('323','108','Piñon varios collado','0.00','0.00','0','N','0.0000','0','0','0','','0000-00-00 00:00:00','','0000-00-00 00:00:00','0.00'),('340','109',' Aguarras','0.00','0.00','0','N','0.0000','0','0','0','','0000-00-00 00:00:00','','0000-00-00 00:00:00','0.00'),('342','110','Pintura gris claro x 4 lts BS AS','0.00','0.00','0','N','0.0000','0','0','0','','0000-00-00 00:00:00','','0000-00-00 00:00:00','0.00'),('343','111','Pintura gris oscuro x 4 lts BS AS','0.00','0.00','0','N','0.0000','0','0','0','','0000-00-00 00:00:00','','0000-00-00 00:00:00','0.00'),('351','112','Estopa','0.00','0.00','0','N','0.0000','0','0','0','','0000-00-00 00:00:00','','0000-00-00 00:00:00','0.00'),('352','113','Barbijos','0.00','0.00','0','N','0.0000','0','0','0','','0000-00-00 00:00:00','','0000-00-00 00:00:00','0.00'),('360','114','Cemento de Contacto','0.00','0.00','0','N','0.0000','0','0','0','','0000-00-00 00:00:00','','0000-00-00 00:00:00','0.00'),('361','115','La Gotita','0.00','0.00','0','N','0.0000','0','0','0','','0000-00-00 00:00:00','','0000-00-00 00:00:00','0.00'),('362','116','Rodillo P/pintura de 22cmt','0.00','0.00','0','N','0.0000','0','0','0','','0000-00-00 00:00:00','','0000-00-00 00:00:00','0.00'),('384','117','Thiner','0.00','0.00','0','N','0.0000','0','0','0','','0000-00-00 00:00:00','','0000-00-00 00:00:00','0.00'),('385','118','Terraja','0.00','0.00','0','N','0.0000','0','0','0','','0000-00-00 00:00:00','','0000-00-00 00:00:00','0.00'),('387','119','Taco Ficher Varias medidas','0.00','0.00','0','N','0.0000','0','0','0','','0000-00-00 00:00:00','','0000-00-00 00:00:00','0.00'),('388','120','Tirafondo Varios','0.00','0.00','0','N','0.0000','0','0','0','','0000-00-00 00:00:00','','0000-00-00 00:00:00','0.00'),('389','121','Prolongacion Vario','0.00','0.00','0','N','0.0000','0','0','0','','0000-00-00 00:00:00','','0000-00-00 00:00:00','0.00'),('396','122','Entre-Rosca 2 pulg. epoxi Gas','0.00','0.00','0','N','0.0000','0','0','0','','0000-00-00 00:00:00','','0000-00-00 00:00:00','0.00'),('397','123','Niple 2pulg. epoxi Gas','0.00','0.00','0','N','0.0000','0','0','0','','0000-00-00 00:00:00','','0000-00-00 00:00:00','0.00'),('398','124','Extrutural 80 x 40','0.00','0.00','0','N','0.0000','0','0','0','','0000-00-00 00:00:00','','0000-00-00 00:00:00','0.00'),('402','125','Corona Dinino 100-20-60 Moto-reductor','0.00','0.00','0','N','0.0000','0','0','0','','0000-00-00 00:00:00','','0000-00-00 00:00:00','0.00'),('403','126','Corona repuesto p/Moto-Reductor','0.00','0.00','0','N','0.0000','0','0','0','','0000-00-00 00:00:00','','0000-00-00 00:00:00','0.00'),('409','127','Varilla Roscada Varias 5/8','0.00','0.00','0','N','0.0000','0','0','0','','0000-00-00 00:00:00','','0000-00-00 00:00:00','0.00'),('429','128','Union Doble ASA 80','0.00','0.00','0','N','0.0000','0','0','0','','0000-00-00 00:00:00','','0000-00-00 00:00:00','0.00'),('433','129','\"Madera 1','16.00','0.00','0','','0.0000','0','0','0','','0000-00-00 00:00:00','','0000-00-00 00:00:00','0.00'),('434','130','\"Madera 1','18.00','0.00','0','','0.0000','0','0','0','','0000-00-00 00:00:00','','0000-00-00 00:00:00','0.00'),('435','131','\"Madera 1','20.00','0.00','0','','0.0000','0','0','0','','0000-00-00 00:00:00','','0000-00-00 00:00:00','0.00'),('437','132','Madera Taco','0.00','0.00','0','N','0.0000','0','0','0','','0000-00-00 00:00:00','','0000-00-00 00:00:00','0.00'),('438','133','Madera Refuerzo','0.00','0.00','0','N','0.0000','0','0','0','','0000-00-00 00:00:00','','0000-00-00 00:00:00','0.00'),('440','134','Chapa Plana','0.00','0.00','0','N','0.0000','0','0','0','','0000-00-00 00:00:00','','0000-00-00 00:00:00','0.00'),('441','135','Chapa Esquinero','0.00','0.00','0','N','0.0000','0','0','0','','0000-00-00 00:00:00','','0000-00-00 00:00:00','0.00'),('442','136','Clavos','0.00','0.00','0','N','0.0000','0','0','0','','0000-00-00 00:00:00','','0000-00-00 00:00:00','0.00'),('444','137','Clavos para Maquina','0.00','0.00','0','N','0.0000','0','0','0','','0000-00-00 00:00:00','','0000-00-00 00:00:00','0.00'),('449','138','Fastix','0.00','0.00','0','N','0.0000','0','0','0','','0000-00-00 00:00:00','','0000-00-00 00:00:00','0.00'),('458','139','Hoja de Sierra','0.00','0.00','0','N','0.0000','0','0','0','','0000-00-00 00:00:00','','0000-00-00 00:00:00','0.00'),('459','140','Juego de Destornillador','0.00','0.00','0','N','0.0000','0','0','0','','0000-00-00 00:00:00','','0000-00-00 00:00:00','0.00'),('460','141','Llave Varias','0.00','0.00','0','N','0.0000','0','0','0','','0000-00-00 00:00:00','','0000-00-00 00:00:00','0.00'),('461','142','Buje Anillo p/corona (se manda a armar)','0.00','0.00','0','N','0.0000','0','0','0','','0000-00-00 00:00:00','','0000-00-00 00:00:00','0.00'),('463','144','Piso Para Bins','0.00','0.00','0','N','0.0000','0','0','0','','0000-00-00 00:00:00','','0000-00-00 00:00:00','0.00'),('464','145','\"Madera 1','16.00','0.00','0','','0.0000','0','0','0','','0000-00-00 00:00:00','','0000-00-00 00:00:00','0.00'),('465','146','\"Madera 1','18.00','0.00','0','','0.0000','0','0','0','','0000-00-00 00:00:00','','0000-00-00 00:00:00','0.00'),('467','147','\"Madera 1','20.00','0.00','0','','0.0000','0','0','0','','0000-00-00 00:00:00','','0000-00-00 00:00:00','0.00'),('481','148','Estructural Varios','0.00','0.00','0','N','0.0000','0','0','0','','0000-00-00 00:00:00','','0000-00-00 00:00:00','0.00'),('482','149','Electrodos','0.00','0.00','0','N','0.0000','0','0','0','','0000-00-00 00:00:00','','0000-00-00 00:00:00','0.00'),('483','150','Angulos Varios','0.00','0.00','0','N','0.0000','0','0','0','','0000-00-00 00:00:00','','0000-00-00 00:00:00','0.00'),('495','152','Pintura en aerosol varias','0.00','0.00','0','N','0.0000','0','0','0','','0000-00-00 00:00:00','','0000-00-00 00:00:00','0.00'),('525','153','Turbo 220 c/ruleman','0.00','0.00','0','N','0.0000','0','0','0','','0000-00-00 00:00:00','','0000-00-00 00:00:00','0.00'),('526','154','Trasformador 360a220 c/bornera electricidad','0.00','0.00','0','N','0.0000','0','0','0','','0000-00-00 00:00:00','','0000-00-00 00:00:00','0.00'),('566','155','Cepillos de cerda Suave','0.00','0.00','0','N','0.0000','0','0','0','','0000-00-00 00:00:00','','0000-00-00 00:00:00','0.00'),('587','156','Caño estructural 40x80','0.00','0.00','0','N','0.0000','0','0','0','','0000-00-00 00:00:00','','0000-00-00 00:00:00','0.00'),('628','159','Madera Refuerzo','0.00','0.00','0','N','0.0000','0','0','0','','0000-00-00 00:00:00','','0000-00-00 00:00:00','0.00'),('629','160','Madera Esquinero','0.00','0.00','0','N','0.0000','0','0','0','','0000-00-00 00:00:00','','0000-00-00 00:00:00','0.00'),('675','161','Prisionero c/cuadrada 5/16x 1 1/2','0.00','0.00','0','N','0.0000','0','0','0','','0000-00-00 00:00:00','','0000-00-00 00:00:00','0.00'),('676','162','Prisionero c/cuadrada 5/16x 1 1/4','0.00','0.00','0','N','0.0000','0','0','0','','0000-00-00 00:00:00','','0000-00-00 00:00:00','0.00'),('677','163','Prisionero c/cuadrada 3/8 x 1','0.00','0.00','0','N','0.0000','0','0','0','','0000-00-00 00:00:00','','0000-00-00 00:00:00','0.00'),('678','164','Prisionero c/cuadrada 3/8 x 1 1/4','0.00','0.00','0','N','0.0000','0','0','0','','0000-00-00 00:00:00','','0000-00-00 00:00:00','0.00'),('679','165','Prisionero c/cuadrada 1/4 x 1','0.00','0.00','0','N','0.0000','0','0','0','','0000-00-00 00:00:00','','0000-00-00 00:00:00','0.00'),('680','166','Prisionero c/cuadrada 1/4 x 1 1/4','0.00','0.00','0','N','0.0000','0','0','0','','0000-00-00 00:00:00','','0000-00-00 00:00:00','0.00'),('681','167','Prisionero c/cuadrada 1/4 x 1 1/2','0.00','0.00','0','N','0.0000','0','0','0','','0000-00-00 00:00:00','','0000-00-00 00:00:00','0.00'),('682','168','Prisionero c/cuadrada 1/4 x 2','0.00','0.00','0','N','0.0000','0','0','0','','0000-00-00 00:00:00','','0000-00-00 00:00:00','0.00'),('683','169','Prisionero c/cuadrada 5/16 x 2','0.00','0.00','0','N','0.0000','0','0','0','','0000-00-00 00:00:00','','0000-00-00 00:00:00','0.00'),('684','170','Prisionero c/cuadrada 3/8 x 2','0.00','0.00','0','N','0.0000','0','0','0','','0000-00-00 00:00:00','','0000-00-00 00:00:00','0.00'),('685','171','Gusanillo allen 1/4 x 1/2','0.00','0.00','0','N','0.0000','0','0','0','','0000-00-00 00:00:00','','0000-00-00 00:00:00','0.00'),('686','172','Gusanillo allen 3/8 x 1/2','0.00','0.00','0','N','0.0000','0','0','0','','0000-00-00 00:00:00','','0000-00-00 00:00:00','0.00'),('687','173','Electrodo indura 320 Punta azul 3/25','0.00','0.00','0','N','0.0000','0','0','0','','0000-00-00 00:00:00','','0000-00-00 00:00:00','0.00'),('688','174','Electrodo indura 320 p/ inoxidable','0.00','0.00','0','N','0.0000','0','0','0','','0000-00-00 00:00:00','','0000-00-00 00:00:00','0.00'),('689','175','Electrodo indura Punta azul 2 1/2','0.00','0.00','0','N','0.0000','0','0','0','','0000-00-00 00:00:00','','0000-00-00 00:00:00','0.00'),('690','176','Tirafondo 5/16x3','0.00','0.00','0','N','0.0000','0','0','0','','0000-00-00 00:00:00','','0000-00-00 00:00:00','0.00'),('691','177','Destornillador celestal 3112','0.00','0.00','0','N','0.0000','0','0','0','','0000-00-00 00:00:00','','0000-00-00 00:00:00','0.00'),('692','178','Tacos fischer s14','0.00','0.00','0','N','0.0000','0','0','0','','0000-00-00 00:00:00','','0000-00-00 00:00:00','0.00'),('693','179','Bulon pulido completo 1/2 12kg','0.00','0.00','0','N','0.0000','0','0','0','','0000-00-00 00:00:00','','0000-00-00 00:00:00','0.00'),('694','180','Bulon pulido completo 1/2 12h1.1/4','0.00','0.00','0','N','0.0000','0','0','0','','0000-00-00 00:00:00','','0000-00-00 00:00:00','0.00'),('695','181','Bulon pulido completo 1/2 12hx1.1/2','0.00','0.00','0','N','0.0000','0','0','0','','0000-00-00 00:00:00','','0000-00-00 00:00:00','0.00'),('696','182','Disco de corte indura 115 x 1.6x22 plano','0.00','0.00','0','N','0.0000','0','0','0','','0000-00-00 00:00:00','','0000-00-00 00:00:00','0.00'),('697','183','Varilla roscada 9/16','0.00','0.00','0','N','0.0000','0','0','0','','0000-00-00 00:00:00','','0000-00-00 00:00:00','0.00'),('698','184','Tuerca hexagonal 9/16','0.00','0.00','0','N','0.0000','0','0','0','','0000-00-00 00:00:00','','0000-00-00 00:00:00','0.00'),('699','185','Arandela plana 9/16','0.00','0.00','0','N','0.0000','0','0','0','','0000-00-00 00:00:00','','0000-00-00 00:00:00','0.00'),('700','186','Pinza nasa bronce 500 a asten Soldador','0.00','0.00','0','N','0.0000','0','0','0','','0000-00-00 00:00:00','','0000-00-00 00:00:00','0.00'),('701','187','Pinza porta electrodo 600 amp asten Soldador','0.00','0.00','0','N','0.0000','0','0','0','','0000-00-00 00:00:00','','0000-00-00 00:00:00','0.00'),('702','188','Porta mocho Nº 2 delbre','0.00','0.00','0','N','0.0000','0','0','0','','0000-00-00 00:00:00','','0000-00-00 00:00:00','0.00'),('752','8','Rodamiento nº 205 Oxilante','0.00','0.00','0','N','0.0000','0','0','0','','0000-00-00 00:00:00','','0000-00-00 00:00:00','0.00'),('753','27','Caja Rodamiento nº 6205','0.00','0.00','0','N','0.0000','0','0','0','','0000-00-00 00:00:00','','0000-00-00 00:00:00','0.00'),('756','189','Cinta Aisladora','0.00','0.00','0','N','0.0000','0','0','0','','0000-00-00 00:00:00','','0000-00-00 00:00:00','0.00'),('757','56','Sellador profs silicona trasp','0.00','0.00','0','N','0.0000','0','0','0','','0000-00-00 00:00:00','','0000-00-00 00:00:00','0.00'),('758','79','Disco flap zirc 180x22','0.00','0.00','0','N','0.0000','0','0','0','','0000-00-00 00:00:00','','0000-00-00 00:00:00','0.00'),('759','80','Pitura latex blanco  x20 ltrs','0.00','0.00','0','N','0.0000','0','0','0','','0000-00-00 00:00:00','','0000-00-00 00:00:00','0.00'),('760','81','Zaranda 50x33','0.00','0.00','0','N','0.0000','0','0','0','','0000-00-00 00:00:00','','0000-00-00 00:00:00','0.00'),('761','82','Disco desbaste 7x7','0.00','0.00','0','N','0.0000','0','0','0','','0000-00-00 00:00:00','','0000-00-00 00:00:00','0.00'),('762','83',' Fino a la cal x25 kg','0.00','0.00','0','N','0.0000','0','0','0','','0000-00-00 00:00:00','','0000-00-00 00:00:00','0.00'),('763','84','Fratacho plastico mandril 25cm','0.00','0.00','0','N','0.0000','0','0','0','','0000-00-00 00:00:00','','0000-00-00 00:00:00','0.00'),('764','85','Cemento x50kg','0.00','0.00','0','N','0.0000','0','0','0','','0000-00-00 00:00:00','','0000-00-00 00:00:00','0.00'),('765','86','Platicor x20kg','0.00','0.00','0','N','0.0000','0','0','0','','0000-00-00 00:00:00','','0000-00-00 00:00:00','0.00'),('766','190','Arena mediana','0.00','0.00','0','N','0.0000','0','0','0','','0000-00-00 00:00:00','','0000-00-00 00:00:00','0.00'),('767','151','Ripio bruto grueso','0.00','0.00','0','N','0.0000','0','0','0','','0000-00-00 00:00:00','','0000-00-00 00:00:00','0.00'),('768','157','\"Cable unipolar 1x2','5.00','0.00','0','','0.0000','0','0','0','','0000-00-00 00:00:00','','0000-00-00 00:00:00','0.00'),('769','158','Piedra bola','0.00','0.00','0','N','0.0000','0','0','0','','0000-00-00 00:00:00','','0000-00-00 00:00:00','0.00'),('770','191','Busca polo med n2','0.00','0.00','0','N','0.0000','0','0','0','','0000-00-00 00:00:00','','0000-00-00 00:00:00','0.00'),('771','192','Pintura sint negro','0.00','0.00','0','N','0.0000','0','0','0','','0000-00-00 00:00:00','','0000-00-00 00:00:00','0.00'),('781','143','Madera piso','0.00','0.00','0','N','0.0000','0','0','0','','0000-00-00 00:00:00','','0000-00-00 00:00:00','0.00'),('782','2','Rodamiento nº 206 Oxilante','0.00','0.00','0','N','0.0000','0','0','0','','0000-00-00 00:00:00','','0000-00-00 00:00:00','0.00'),('783','20','Rodamiento nº 207 Oxilante','0.00','0.00','0','N','0.0000','0','0','0','','0000-00-00 00:00:00','','0000-00-00 00:00:00','0.00'),('784','26','Rodamiento nº 6204 Blidando','0.00','0.00','0','N','0.0000','0','0','0','','0000-00-00 00:00:00','','0000-00-00 00:00:00','0.00'),('785','35','Rodamiento nº 6205 Blindado','0.00','0.00','0','N','0.0000','0','0','0','','0000-00-00 00:00:00','','0000-00-00 00:00:00','0.00'),('786','50','Rodamiento nº 6206 Blindado','0.00','0.00','0','N','0.0000','0','0','0','','0000-00-00 00:00:00','','0000-00-00 00:00:00','0.00'),('787','55','Rodamiento nº 6207 Blindado','0.00','0.00','0','N','0.0000','0','0','0','','0000-00-00 00:00:00','','0000-00-00 00:00:00','0.00'),('796','193','Llave termica 1x15 amp','0.00','0.00','0','N','0.0000','0','0','0','','0000-00-00 00:00:00','','0000-00-00 00:00:00','0.00'),('797','194','Llave luz p/ext','0.00','0.00','0','N','0.0000','0','0','0','','0000-00-00 00:00:00','','0000-00-00 00:00:00','0.00'),('826','195','','0.00','0.00','0','N','0.0000','0','0','0','','0000-00-00 00:00:00','','0000-00-00 00:00:00','0.00'),('827','196','Caja capsular p y t','0.00','0.00','0','N','0.0000','0','0','0','','0000-00-00 00:00:00','','0000-00-00 00:00:00','0.00'),('828','197','Pinza de fuerza perro n 10','0.00','0.00','0','N','0.0000','0','0','0','','0000-00-00 00:00:00','','0000-00-00 00:00:00','0.00'),('829','198','Mascara p soldar v/fijo','0.00','0.00','0','N','0.0000','0','0','0','','0000-00-00 00:00:00','','0000-00-00 00:00:00','0.00'),('830','199','Vidrio p/mascara de soldar','0.00','0.00','0','N','0.0000','0','0','0','','0000-00-00 00:00:00','','0000-00-00 00:00:00','0.00'),('831','200','Delantal de descarne sin plomo','0.00','0.00','0','N','0.0000','0','0','0','','0000-00-00 00:00:00','','0000-00-00 00:00:00','0.00'),('849','201','Guantes moteado','0.00','0.00','0','N','0.0000','0','0','0','','0000-00-00 00:00:00','','0000-00-00 00:00:00','0.00'),('850','202','Pinza para aro curva','0.00','0.00','0','N','0.0000','0','0','0','','0000-00-00 00:00:00','','0000-00-00 00:00:00','0.00'),('851','203','Cepillo acero c/mango madera 9x19 mm','0.00','0.00','0','N','0.0000','0','0','0','','0000-00-00 00:00:00','','0000-00-00 00:00:00','0.00'),('852','204','Balde albañil p.v.c','0.00','0.00','0','N','0.0000','0','0','0','','0000-00-00 00:00:00','','0000-00-00 00:00:00','0.00'),('853','205','Cepillo acerobronce c/punta curva','0.00','0.00','0','N','0.0000','0','0','0','','0000-00-00 00:00:00','','0000-00-00 00:00:00','0.00'),('854','206','Grifo bronce 1/2','0.00','0.00','0','N','0.0000','0','0','0','','0000-00-00 00:00:00','','0000-00-00 00:00:00','0.00'),('862','207','Punta 350x19 gherardi','0.00','0.00','0','N','0.0000','0','0','0','','0000-00-00 00:00:00','','0000-00-00 00:00:00','0.00'),('867','208','Placa hierro 1/4 de  20x30','0.00','0.00','0','N','0.0000','0','0','0','','0000-00-00 00:00:00','','0000-00-00 00:00:00','0.00'),('871','209','Anillo metal de 25x30','0.00','0.00','0','N','0.0000','0','0','0','','0000-00-00 00:00:00','','0000-00-00 00:00:00','0.00'),('876','210','Rodillo mini con funda','0.00','0.00','0','N','0.0000','0','0','0','','0000-00-00 00:00:00','','0000-00-00 00:00:00','0.00'),('878','211','Nafta','0.00','0.00','0','N','0.0000','0','0','0','','0000-00-00 00:00:00','','0000-00-00 00:00:00','0.00'),('885','212','Piñon Z21','0.00','0.00','0','N','0.0000','0','0','0','','0000-00-00 00:00:00','','0000-00-00 00:00:00','0.00'),('886','213','PiñonZ24','0.00','0.00','0','N','0.0000','0','0','0','','0000-00-00 00:00:00','','0000-00-00 00:00:00','0.00'),('887','214','Rolo tensor','0.00','0.00','0','N','0.0000','0','0','0','','0000-00-00 00:00:00','','0000-00-00 00:00:00','0.00'),('901','215','Kit llave allen 9pszs','0.00','0.00','0','N','0.0000','0','0','0','','0000-00-00 00:00:00','','0000-00-00 00:00:00','0.00'),('902','216','Pilas AAA','0.00','0.00','0','N','0.0000','0','0','0','','0000-00-00 00:00:00','','0000-00-00 00:00:00','0.00'),('903','217','Tijera hojalt universal','0.00','0.00','0','N','0.0000','0','0','0','','0000-00-00 00:00:00','','0000-00-00 00:00:00','0.00'),('911','218','Broche 125','0.00','0.00','0','N','0.0000','0','0','0','','0000-00-00 00:00:00','','0000-00-00 00:00:00','0.00'),('912','219','Broche 175','0.00','0.00','0','N','0.0000','0','0','0','','0000-00-00 00:00:00','','0000-00-00 00:00:00','0.00'),('1146','220','Corona 36 diente','0.00','0.00','0','N','0.0000','0','0','0','','0000-00-00 00:00:00','','0000-00-00 00:00:00','0.00'),('1147','221','Alambre negro','0.00','0.00','0','N','0.0000','0','0','0','','0000-00-00 00:00:00','','0000-00-00 00:00:00','0.00'),('1148','222','Trinchetas','0.00','0.00','0','N','0.0000','0','0','0','','0000-00-00 00:00:00','','0000-00-00 00:00:00','0.00'),('1149','223','Llave p/mandril N13mm','0.00','0.00','0','N','0.0000','0','0','0','','0000-00-00 00:00:00','','0000-00-00 00:00:00','0.00'),('1247','224','Madera p encofrado','0.00','0.00','0','N','0.0000','0','0','0','','0000-00-00 00:00:00','','0000-00-00 00:00:00','0.00'),('1335','225','Retenes5252','0.00','0.00','0','N','0.0000','0','0','0','','0000-00-00 00:00:00','','0000-00-00 00:00:00','0.00'),('1338','226','Cajas Plana N204','0.00','0.00','0','N','0.0000','0','0','0','','0000-00-00 00:00:00','','0000-00-00 00:00:00','0.00'),('1538','227','Espatulas varias','0.00','0.00','0','N','0.0000','0','0','0','','0000-00-00 00:00:00','','0000-00-00 00:00:00','0.00'),('1539','228','Candado de broce varios','0.00','0.00','0','N','0.0000','0','0','0','','0000-00-00 00:00:00','','0000-00-00 00:00:00','0.00'),('1540','229','Cepillo vaqueta de 40cmm','0.00','0.00','0','N','0.0000','0','0','0','','0000-00-00 00:00:00','','0000-00-00 00:00:00','0.00'),('1541','230','Llana dentada','0.00','0.00','0','N','0.0000','0','0','0','','0000-00-00 00:00:00','','0000-00-00 00:00:00','0.00'),('1542','231','Aceite en aerosol w40','0.00','0.00','0','N','0.0000','0','0','0','','0000-00-00 00:00:00','','0000-00-00 00:00:00','0.00'),('1790','232','Chapa plana p/bins','0.00','0.00','0','N','0.0000','0','0','0','','0000-00-00 00:00:00','','0000-00-00 00:00:00','0.00'),('1791','233','Chapa esquinero p/bins','0.00','0.00','0','N','0.0000','0','0','0','','0000-00-00 00:00:00','','0000-00-00 00:00:00','0.00'),('1792','234','Tornillos c/fresada 5x16 -1 1/4','0.00','0.00','0','N','0.0000','0','0','0','','0000-00-00 00:00:00','','0000-00-00 00:00:00','0.00'),('1793','235','Tuerca hexagonal 5/16','0.00','0.00','0','N','0.0000','0','0','0','','0000-00-00 00:00:00','','0000-00-00 00:00:00','0.00'),('1794','236','\"Lochers de 16 puerta (30x40) 0','50.00','0.00','0','','0.0000','0','0','0','','0000-00-00 00:00:00','','0000-00-00 00:00:00','0.00'),('1840','237','Bulon 3/8 x 1p','0.00','0.00','0','N','0.0000','0','0','0','','0000-00-00 00:00:00','','0000-00-00 00:00:00','0.00'),('1841','238','Arandela 3/8','0.00','0.00','0','N','0.0000','0','0','0','','0000-00-00 00:00:00','','0000-00-00 00:00:00','0.00'),('1842','239','Gas x15 kgs p/autoelevador','0.00','0.00','0','N','0.0000','0','0','0','','0000-00-00 00:00:00','','0000-00-00 00:00:00','0.00'),('1843','240','Bidones de agua x20 ltrs','0.00','0.00','0','N','0.0000','0','0','0','','0000-00-00 00:00:00','','0000-00-00 00:00:00','0.00'),('2081','241','Caño p.v.c 100 x4 mts','0.00','0.00','0','N','0.0000','0','0','0','','0000-00-00 00:00:00','','0000-00-00 00:00:00','0.00'),('2082','242','Codo p.v.c 100','0.00','0.00','0','N','0.0000','0','0','0','','0000-00-00 00:00:00','','0000-00-00 00:00:00','0.00'),('2083','243','Curva p.v.c 100','0.00','0.00','0','N','0.0000','0','0','0','','0000-00-00 00:00:00','','0000-00-00 00:00:00','0.00'),('2084','244','Bolsas Reciduo 50x70x40','0.00','0.00','0','N','0.0000','0','0','0','','0000-00-00 00:00:00','','0000-00-00 00:00:00','0.00'),('2085','245','Bolsas  Residuo 45x60x30','0.00','0.00','0','N','0.0000','0','0','0','','0000-00-00 00:00:00','','0000-00-00 00:00:00','0.00'),('2092','246','Menbrana adeciva en frio  x15 cm','0.00','0.00','0','N','0.0000','0','0','0','','0000-00-00 00:00:00','','0000-00-00 00:00:00','0.00'),('2175','247','Tanza p/bordeadora 3 mm rollo','0.00','0.00','0','N','0.0000','0','0','0','','0000-00-00 00:00:00','','0000-00-00 00:00:00','0.00'),('2176','248','Precinto nilon varios X150/200/400','0.00','0.00','0','N','0.0000','0','0','0','','0000-00-00 00:00:00','','0000-00-00 00:00:00','0.00'),('2177','249','Grampas omega N/2y3','0.00','0.00','0','N','0.0000','0','0','0','','0000-00-00 00:00:00','','0000-00-00 00:00:00','0.00'),('2178','250','Manguera negra 1p','0.00','0.00','0','N','0.0000','0','0','0','','0000-00-00 00:00:00','','0000-00-00 00:00:00','0.00'),('2179','251','Pilas bateria 9vol','0.00','0.00','0','N','0.0000','0','0','0','','0000-00-00 00:00:00','','0000-00-00 00:00:00','0.00'),('2180','252','Ruleta de 3mts','0.00','0.00','0','N','0.0000','0','0','0','','0000-00-00 00:00:00','','0000-00-00 00:00:00','0.00'),('2181','253','Brilla metal','0.00','0.00','0','N','0.0000','0','0','0','','0000-00-00 00:00:00','','0000-00-00 00:00:00','0.00'),('2201','254','Arandela plana 1 1/4','0.00','0.00','0','N','0.0000','0','0','0','','0000-00-00 00:00:00','','0000-00-00 00:00:00','0.00'),('2202','255','\"Mecha A/R 2','75.00','0.00','0','','0.0000','0','0','0','','0000-00-00 00:00:00','','0000-00-00 00:00:00','0.00'),('2210','256','Pegamento para tela','0.00','0.00','0','N','0.0000','0','0','0','','0000-00-00 00:00:00','','0000-00-00 00:00:00','0.00'),('2277','257','Rodajas de latex','0.00','0.00','0','N','0.0000','0','0','0','','0000-00-00 00:00:00','','0000-00-00 00:00:00','0.00'),('2279','258','Placa de 230x220x5 mm','0.00','0.00','0','N','0.0000','0','0','0','','0000-00-00 00:00:00','','0000-00-00 00:00:00','0.00'),('2282','259','Corona de bronce','0.00','0.00','0','N','0.0000','0','0','0','','0000-00-00 00:00:00','','0000-00-00 00:00:00','0.00'),('2319','260','Bulon 10x68 con tuerca','0.00','0.00','0','N','0.0000','0','0','0','','0000-00-00 00:00:00','','0000-00-00 00:00:00','0.00'),('2320','261','Disco diamantado 100','0.00','0.00','0','N','0.0000','0','0','0','','0000-00-00 00:00:00','','0000-00-00 00:00:00','0.00'),('2321','262','Aceite 2 tiempo','0.00','0.00','0','N','0.0000','0','0','0','','0000-00-00 00:00:00','','0000-00-00 00:00:00','0.00'),('2322','263','Pintura aluminio x4 lts','0.00','0.00','0','N','0.0000','0','0','0','','0000-00-00 00:00:00','','0000-00-00 00:00:00','0.00'),('2323','264','\"Cable tipo taller 3x2','5.00','0.00','0','','0.0000','0','0','0','','0000-00-00 00:00:00','','0000-00-00 00:00:00','0.00'),('2328','265','Pintura epoxi blaco x4 ltrs','0.00','0.00','0','N','0.0000','0','0','0','','0000-00-00 00:00:00','','0000-00-00 00:00:00','0.00'),('2347','266','Cinta aluminizada max tape 40x50 mts','0.00','0.00','0','N','0.0000','0','0','0','','0000-00-00 00:00:00','','0000-00-00 00:00:00','0.00'),('2354','267','Sellarosca','0.00','0.00','0','N','0.0000','0','0','0','','0000-00-00 00:00:00','','0000-00-00 00:00:00','0.00'),('2357','268','Corona  26 diente','0.00','0.00','0','N','0.0000','0','0','0','','0000-00-00 00:00:00','','0000-00-00 00:00:00','0.00'),('2365','269','Piñon mecanizado c/chaveta','0.00','0.00','0','N','0.0000','0','0','0','','0000-00-00 00:00:00','','0000-00-00 00:00:00','0.00'),('2370','270','Cadena aza 50','0.00','0.00','0','N','0.0000','0','0','0','','0000-00-00 00:00:00','','0000-00-00 00:00:00','0.00'),('2371','271','Piñon mecanizado  asa 50 21 dientes','0.00','0.00','0','N','0.0000','0','0','0','','0000-00-00 00:00:00','','0000-00-00 00:00:00','0.00'),('2412','272','Polea de100','0.00','0.00','0','N','0.0000','0','0','0','','0000-00-00 00:00:00','','0000-00-00 00:00:00','0.00'),('2413','273','Cal x25 kg','0.00','0.00','0','N','0.0000','0','0','0','','0000-00-00 00:00:00','','0000-00-00 00:00:00','0.00'),('2416','274','Rejlla p ventilacion','0.00','0.00','0','N','0.0000','0','0','0','','0000-00-00 00:00:00','','0000-00-00 00:00:00','0.00'),('2428','275','Cadena 2060 c/perno','0.00','0.00','0','N','0.0000','0','0','0','','0000-00-00 00:00:00','','0000-00-00 00:00:00','0.00'),('2435','276','Piñon z 32 asa 60 mecanizado c/chav y pris','0.00','0.00','0','N','0.0000','0','0','0','','0000-00-00 00:00:00','','0000-00-00 00:00:00','0.00'),('2436','277','Eje acero 25x1440 c/chavetas','0.00','0.00','0','N','0.0000','0','0','0','','0000-00-00 00:00:00','','0000-00-00 00:00:00','0.00'),('2437','278','Eje acero 25x1395 aro de seguridad','0.00','0.00','0','N','0.0000','0','0','0','','0000-00-00 00:00:00','','0000-00-00 00:00:00','0.00'),('2438','279','Eje de acero 30x1330 c/chavetero y tuerca','0.00','0.00','0','N','0.0000','0','0','0','','0000-00-00 00:00:00','','0000-00-00 00:00:00','0.00'),('2439','280','Eje acero 25x1325 c/tuerca','0.00','0.00','0','N','0.0000','0','0','0','','0000-00-00 00:00:00','','0000-00-00 00:00:00','0.00'),('2454','281','Union cadena asa 50','0.00','0.00','0','N','0.0000','0','0','0','','0000-00-00 00:00:00','','0000-00-00 00:00:00','0.00'),('2455','282','Union  cadena asa 60','0.00','0.00','0','N','0.0000','0','0','0','','0000-00-00 00:00:00','','0000-00-00 00:00:00','0.00'),('2465','283','Media maya asa 50','0.00','0.00','0','N','0.0000','0','0','0','','0000-00-00 00:00:00','','0000-00-00 00:00:00','0.00'),('2466','284','Media maya asa 60','0.00','0.00','0','N','0.0000','0','0','0','','0000-00-00 00:00:00','','0000-00-00 00:00:00','0.00'),('2487','285','Paleta para ventilador 1 1/2','0.00','0.00','0','N','0.0000','0','0','0','','0000-00-00 00:00:00','','0000-00-00 00:00:00','0.00'),('2489','286','Rodillo planchuela','0.00','0.00','0','N','0.0000','0','0','0','','0000-00-00 00:00:00','','0000-00-00 00:00:00','0.00'),('2537','287','Cable subt de 4x6','0.00','0.00','0','N','0.0000','0','0','0','','0000-00-00 00:00:00','','0000-00-00 00:00:00','0.00'),('2538','288','Curva plastica 7/8','0.00','0.00','0','N','0.0000','0','0','0','','0000-00-00 00:00:00','','0000-00-00 00:00:00','0.00'),('2539','289','Caño p.v.c 7/8 x3 mts','0.00','0.00','0','N','0.0000','0','0','0','','0000-00-00 00:00:00','','0000-00-00 00:00:00','0.00'),('2540','290','Grampa omega 7/8','0.00','0.00','0','N','0.0000','0','0','0','','0000-00-00 00:00:00','','0000-00-00 00:00:00','0.00'),('2541','291','Cepillo de cerda  N 3','0.00','0.00','0','N','0.0000','0','0','0','','0000-00-00 00:00:00','','0000-00-00 00:00:00','0.00'),('2542','292','Chapa acn cal 25','0.00','0.00','0','N','0.0000','0','0','0','','0000-00-00 00:00:00','','0000-00-00 00:00:00','0.00'),('2543','293','Tornillo autoperf 1/4','0.00','0.00','0','N','0.0000','0','0','0','','0000-00-00 00:00:00','','0000-00-00 00:00:00','0.00'),('2544','294','Carro de acero p guia n*4','0.00','0.00','0','N','0.0000','0','0','0','','0000-00-00 00:00:00','','0000-00-00 00:00:00','0.00'),('2627','295','Retenes 6830','0.00','0.00','0','N','0.0000','0','0','0','','0000-00-00 00:00:00','','0000-00-00 00:00:00','0.00'),('2628','296','Bujes de acero 30x50x20','0.00','0.00','0','N','0.0000','0','0','0','','0000-00-00 00:00:00','','0000-00-00 00:00:00','0.00'),('2629','297','Chavetas de 10x8','0.00','0.00','0','N','0.0000','0','0','0','','0000-00-00 00:00:00','','0000-00-00 00:00:00','0.00'),('2630','298','Polea 120 diametro 24','0.00','0.00','0','N','0.0000','0','0','0','','0000-00-00 00:00:00','','0000-00-00 00:00:00','0.00'),('2655','299','Eje acero 20x600','0.00','0.00','0','N','0.0000','0','0','0','','0000-00-00 00:00:00','','0000-00-00 00:00:00','0.00'),('2658','300','Interruptor sica 3ka 4x32 a','0.00','0.00','0','N','0.0000','0','0','0','','0000-00-00 00:00:00','','0000-00-00 00:00:00','0.00'),('2664','301','Guia 42x43 N*4','0.00','0.00','0','N','0.0000','0','0','0','','0000-00-00 00:00:00','','0000-00-00 00:00:00','0.00'),('2742','302','Gusanillo allen 5/16x3/4','0.00','0.00','0','N','0.0000','0','0','0','','0000-00-00 00:00:00','','0000-00-00 00:00:00','0.00'),('2748','303','Chapa negra 1x2(1.25mm)18','0.00','0.00','0','N','0.0000','0','0','0','','0000-00-00 00:00:00','','0000-00-00 00:00:00','0.00'),('2753','304','Mecha acero rap 1.00mm ezeta','0.00','0.00','0','N','0.0000','0','0','0','','0000-00-00 00:00:00','','0000-00-00 00:00:00','0.00'),('2754','305','Mecha acero rap 2.00mm ezeta','0.00','0.00','0','N','0.0000','0','0','0','','0000-00-00 00:00:00','','0000-00-00 00:00:00','0.00'),('2755','306','Mecha acero rap 3.00mm ezeta','0.00','0.00','0','N','0.0000','0','0','0','','0000-00-00 00:00:00','','0000-00-00 00:00:00','0.00'),('2756','307','Lijas tela esmeril varias','0.00','0.00','0','N','0.0000','0','0','0','','0000-00-00 00:00:00','','0000-00-00 00:00:00','0.00'),('2781','308','Azulejos c / blanco','0.00','0.00','0','N','0.0000','0','0','0','','0000-00-00 00:00:00','','0000-00-00 00:00:00','0.00'),('2782','309','Capacitor  de compensacion de 25 mf 250 v','0.00','0.00','0','N','0.0000','0','0','0','','0000-00-00 00:00:00','','0000-00-00 00:00:00','0.00'),('2783','310','Ignitor p/lampara sodio 35 400wamc','0.00','0.00','0','N','0.0000','0','0','0','','0000-00-00 00:00:00','','0000-00-00 00:00:00','0.00'),('2784','311','Union rapida 3/4 p.v.c','0.00','0.00','0','N','0.0000','0','0','0','','0000-00-00 00:00:00','','0000-00-00 00:00:00','0.00'),('2785','312','Union rapida 1* p.v.c','0.00','0.00','0','N','0.0000','0','0','0','','0000-00-00 00:00:00','','0000-00-00 00:00:00','0.00'),('2786','313','Codo pp hh 3/4','0.00','0.00','0','N','0.0000','0','0','0','','0000-00-00 00:00:00','','0000-00-00 00:00:00','0.00'),('2788','314','Codo pp hh 1*','0.00','0.00','0','N','0.0000','0','0','0','','0000-00-00 00:00:00','','0000-00-00 00:00:00','0.00'),('2789','315','Te pp 3/4','0.00','0.00','0','N','0.0000','0','0','0','','0000-00-00 00:00:00','','0000-00-00 00:00:00','0.00'),('2790','316',' Te pp 1*','0.00','0.00','0','N','0.0000','0','0','0','','0000-00-00 00:00:00','','0000-00-00 00:00:00','0.00'),('2791','317','Calibre Metalico','0.00','0.00','0','N','0.0000','0','0','0','','0000-00-00 00:00:00','','0000-00-00 00:00:00','0.00'),('2810','318','Poxipol','0.00','0.00','0','N','0.0000','0','0','0','','0000-00-00 00:00:00','','0000-00-00 00:00:00','0.00'),('2811','319','Repuesto p trincheta','0.00','0.00','0','N','0.0000','0','0','0','','0000-00-00 00:00:00','','0000-00-00 00:00:00','0.00'),('2812','320','Llaves p agua p.v.c 3/4','0.00','0.00','0','N','0.0000','0','0','0','','0000-00-00 00:00:00','','0000-00-00 00:00:00','0.00'),('2813','321','Llaves p agua p.v.c 1*','0.00','0.00','0','N','0.0000','0','0','0','','0000-00-00 00:00:00','','0000-00-00 00:00:00','0.00'),('2825','322','Union doble p.v.c 1/2','0.00','0.00','0','N','0.0000','0','0','0','','0000-00-00 00:00:00','','0000-00-00 00:00:00','0.00'),('2826','323','Union doble p.v.c 3/4','0.00','0.00','0','N','0.0000','0','0','0','','0000-00-00 00:00:00','','0000-00-00 00:00:00','0.00'),('2827','324','Llave luz p/emb 20amp','0.00','0.00','0','N','0.0000','0','0','0','','0000-00-00 00:00:00','','0000-00-00 00:00:00','0.00'),('2836','325','Caja retangular p.v.c','0.00','0.00','0','N','0.0000','0','0','0','','0000-00-00 00:00:00','','0000-00-00 00:00:00','0.00'),('2858','326','Piñon z 18 asa 60 35mm','0.00','0.00','0','N','0.0000','0','0','0','','0000-00-00 00:00:00','','0000-00-00 00:00:00','0.00'),('2859','327','\"Motor 3hp 1410r.p','0.00','0.00','0','','0.0000','0','0','0','','0000-00-00 00:00:00','','0000-00-00 00:00:00','0.00'),('2860','328','Rodillo lana de 22cm','0.00','0.00','0','N','0.0000','0','0','0','','0000-00-00 00:00:00','','0000-00-00 00:00:00','0.00'),('2868','329','Solenoid compac','0.00','0.00','0','N','0.0000','0','0','0','','0000-00-00 00:00:00','','0000-00-00 00:00:00','0.00'),('2869','330','Clip carrier 2050 negro','0.00','0.00','0','N','0.0000','0','0','0','','0000-00-00 00:00:00','','0000-00-00 00:00:00','0.00'),('2870','331','Sam 4040 compac','0.00','0.00','0','N','0.0000','0','0','0','','0000-00-00 00:00:00','','0000-00-00 00:00:00','0.00'),('2871','332','Cinta load belt compac','0.00','0.00','0','N','0.0000','0','0','0','','0000-00-00 00:00:00','','0000-00-00 00:00:00','0.00'),('2878','333','Frame  compac','0.00','0.00','0','N','0.0000','0','0','0','','0000-00-00 00:00:00','','0000-00-00 00:00:00','0.00'),('2883','334','Pegamento p/ Ceramico','0.00','0.00','0','N','0.0000','0','0','0','','0000-00-00 00:00:00','','0000-00-00 00:00:00','0.00'),('2884','335','Pastina P/ Ceramico','0.00','0.00','0','N','0.0000','0','0','0','','0000-00-00 00:00:00','','0000-00-00 00:00:00','0.00'),('2891','336','Goma Latex Plancha','0.00','0.00','0','N','0.0000','0','0','0','','0000-00-00 00:00:00','','0000-00-00 00:00:00','0.00'),('2918','337','Polea B-200  D-24mm','0.00','0.00','0','N','0.0000','0','0','0','','0000-00-00 00:00:00','','0000-00-00 00:00:00','0.00'),('2919','338','Toalla de papel jabocom 21x37','0.00','0.00','0','N','0.0000','0','0','0','','0000-00-00 00:00:00','','0000-00-00 00:00:00','0.00'),('2923','339','Escoba Plasticas','0.00','0.00','0','N','0.0000','0','0','0','','0000-00-00 00:00:00','','0000-00-00 00:00:00','0.00'),('2924','340','Papel Higienico x 300 mts','0.00','0.00','0','N','0.0000','0','0','0','','0000-00-00 00:00:00','','0000-00-00 00:00:00','0.00'),('2927','341','Llave interrutor 32a 3polo','0.00','0.00','0','N','0.0000','0','0','0','','0000-00-00 00:00:00','','0000-00-00 00:00:00','0.00'),('2928','342','Disco sensit plano 30x3.2x25','0.00','0.00','0','N','0.0000','0','0','0','','0000-00-00 00:00:00','','0000-00-00 00:00:00','0.00'),('2931','343','Sierra  widia 12x48 d','0.00','0.00','0','N','0.0000','0','0','0','','0000-00-00 00:00:00','','0000-00-00 00:00:00','0.00'),('2935','344','Bolsa reciduo 60x90x20','0.00','0.00','0','N','0.0000','0','0','0','','0000-00-00 00:00:00','','0000-00-00 00:00:00','0.00'),('2946','345','Bolsa Reciduo 80x110x25','0.00','0.00','0','N','0.0000','0','0','0','','0000-00-00 00:00:00','','0000-00-00 00:00:00','0.00'),('2955','346','Lampara V.Sodio 250 w','0.00','0.00','0','N','0.0000','0','0','0','','0000-00-00 00:00:00','','0000-00-00 00:00:00','0.00'),('2956','347','Llave interrutor 3 polo','0.00','0.00','0','N','0.0000','0','0','0','','0000-00-00 00:00:00','','0000-00-00 00:00:00','0.00'),('2957','348','Balastro p/L-V vapor 250w','0.00','0.00','0','N','0.0000','0','0','0','','0000-00-00 00:00:00','','0000-00-00 00:00:00','0.00'),('2970','349','Pinza pico loro','0.00','0.00','0','N','0.0000','0','0','0','','0000-00-00 00:00:00','','0000-00-00 00:00:00','0.00'),('2976','350','Entre rosca 1*','0.00','0.00','0','N','0.0000','0','0','0','','0000-00-00 00:00:00','','0000-00-00 00:00:00','0.00'),('2986','351','Union doble3/4','0.00','0.00','0','N','0.0000','0','0','0','','0000-00-00 00:00:00','','0000-00-00 00:00:00','0.00'),('2987','352','Niple 6cm 3/4','0.00','0.00','0','N','0.0000','0','0','0','','0000-00-00 00:00:00','','0000-00-00 00:00:00','0.00'),('2988','353','Caño tricapa','0.00','0.00','0','N','0.0000','0','0','0','','0000-00-00 00:00:00','','0000-00-00 00:00:00','0.00'),('2989','354','Oring 1 al 12','0.00','0.00','0','N','0.0000','0','0','0','','0000-00-00 00:00:00','','0000-00-00 00:00:00','0.00'),('2990','355','Cupla de 1*','0.00','0.00','0','N','0.0000','0','0','0','','0000-00-00 00:00:00','','0000-00-00 00:00:00','0.00'),('2991','356','Buje  de Reduc de1* a3/4','0.00','0.00','0','N','0.0000','0','0','0','','0000-00-00 00:00:00','','0000-00-00 00:00:00','0.00'),('2992','357','Buje de reduc 3/4 a1/2','0.00','0.00','0','N','0.0000','0','0','0','','0000-00-00 00:00:00','','0000-00-00 00:00:00','0.00'),('3007','359','Amoladora 4 1/2 blac deckr','0.00','0.00','0','N','0.0000','0','0','0','','0000-00-00 00:00:00','','0000-00-00 00:00:00','0.00'),('3008','360','Pisometro reloj p/m/temperatura','0.00','0.00','0','N','0.0000','0','0','0','','0000-00-00 00:00:00','','0000-00-00 00:00:00','0.00'),('3020','361','Cinta 20cm','0.00','0.00','0','N','0.0000','0','0','0','','0000-00-00 00:00:00','','0000-00-00 00:00:00','0.00'),('3061','362','Manguera ciliconada','0.00','0.00','0','N','0.0000','0','0','0','','0000-00-00 00:00:00','','0000-00-00 00:00:00','0.00'),('3068','363','Caja Oct Metal','0.00','0.00','0','N','0.0000','0','0','0','','0000-00-00 00:00:00','','0000-00-00 00:00:00','0.00'),('3069','364','BaseE Ext 20.AP L030487','0.00','0.00','0','N','0.0000','0','0','0','','0000-00-00 00:00:00','','0000-00-00 00:00:00','0.00'),('3139','365','Llave 4X32 SS9035-55X1632-7 SIEMENS','0.00','0.00','0','N','0.0000','0','0','0','','0000-00-00 00:00:00','','0000-00-00 00:00:00','0.00'),('3140','366','Toma  Aereo + Tierra KA24234','0.00','0.00','0','N','0.0000','0','0','0','','0000-00-00 00:00:00','','0000-00-00 00:00:00','0.00'),('3152','367','Caja casulada 32HP','0.00','0.00','0','N','0.0000','0','0','0','','0000-00-00 00:00:00','','0000-00-00 00:00:00','0.00'),('3153','368','Toma Aereo  10 AP','0.00','0.00','0','N','0.0000','0','0','0','','0000-00-00 00:00:00','','0000-00-00 00:00:00','0.00'),('3170','369','Punto aereo M.CIOCCA','0.00','0.00','0','N','0.0000','0','0','0','','0000-00-00 00:00:00','','0000-00-00 00:00:00','0.00'),('3171','370','Golpe de puño METAL','0.00','0.00','0','N','0.0000','0','0','0','','0000-00-00 00:00:00','','0000-00-00 00:00:00','0.00'),('3172','371','Estanco MAREA 2X36','0.00','0.00','0','N','0.0000','0','0','0','','0000-00-00 00:00:00','','0000-00-00 00:00:00','0.00'),('3173','372','Tubo Flourecente','0.00','0.00','0','N','0.0000','0','0','0','','0000-00-00 00:00:00','','0000-00-00 00:00:00','0.00'),('3174','373','Cable Canal 20X20','0.00','0.00','0','N','0.0000','0','0','0','','0000-00-00 00:00:00','','0000-00-00 00:00:00','0.00'),('3175','374','Gabinete Azul 297X284X140','0.00','0.00','0','N','0.0000','0','0','0','','0000-00-00 00:00:00','','0000-00-00 00:00:00','0.00'),('3176','375','\"Bandeja Perf Chapa 0','7.00','50.00','50','','0.0000','0','0','0','','0000-00-00 00:00:00','','0000-00-00 00:00:00','0.00'),('3191','376','\"Curva Vertical  Ala 05','50.00','50.00','0','','0.0000','0','0','0','N','0000-00-00 00:00:00','','0000-00-00 00:00:00','0.00'),('3192','377','Cupla Union P/Bandeja','0.00','0.00','0','N','0.0000','0','0','0','','0000-00-00 00:00:00','','0000-00-00 00:00:00','0.00'),('3193','378','Caja P.V.C RECT  P/EXT C/GRIS','0.00','0.00','0','N','0.0000','0','0','0','','0000-00-00 00:00:00','','0000-00-00 00:00:00','0.00'),('3220','379','Batidores Y Tapas P.V.C Blanco','0.00','0.00','0','N','0.0000','0','0','0','','0000-00-00 00:00:00','','0000-00-00 00:00:00','0.00'),('3221','380','Punto 10 AP C/Blanco','0.00','0.00','0','N','0.0000','0','0','0','','0000-00-00 00:00:00','','0000-00-00 00:00:00','0.00'),('3222','381','Tomas 10AP Blanco','0.00','0.00','0','N','0.0000','0','0','0','','0000-00-00 00:00:00','','0000-00-00 00:00:00','0.00'),('3223','382','Caños MET S/PESADO  X3MTS','0.00','0.00','0','N','0.0000','0','0','0','','0000-00-00 00:00:00','','0000-00-00 00:00:00','0.00'),('3224','383','Balastro B DE SODIO CAPSULADO','0.00','0.00','0','N','0.0000','0','0','0','','0000-00-00 00:00:00','','0000-00-00 00:00:00','0.00'),('3225','384','Lampara Halg HDI X250 W','0.00','0.00','0','N','0.0000','0','0','0','','0000-00-00 00:00:00','','0000-00-00 00:00:00','0.00'),('3236','385','Caño flex 3/4 Corrugado','0.00','0.00','0','N','0.0000','0','0','0','','0000-00-00 00:00:00','','0000-00-00 00:00:00','0.00'),('3251','386','Varilla roscada  Varias','0.00','0.00','0','N','0.0000','0','0','0','','0000-00-00 00:00:00','','0000-00-00 00:00:00','0.00'),('3253','387','Arandelas Plana Varias','0.00','0.00','0','N','0.0000','0','0','0','','0000-00-00 00:00:00','','0000-00-00 00:00:00','0.00'),('3257','388','Tuercas  Varias','0.00','0.00','0','N','0.0000','0','0','0','','0000-00-00 00:00:00','','0000-00-00 00:00:00','0.00'),('3361','389','Interrutor 4x63 merlin gerin','0.00','0.00','0','N','0.0000','0','0','0','','0000-00-00 00:00:00','','0000-00-00 00:00:00','0.00'),('3363','390','Interrutor 4x40 merlin gerin','0.00','0.00','0','N','0.0000','0','0','0','','0000-00-00 00:00:00','','0000-00-00 00:00:00','0.00'),('3364','391','Interrutor termomag 4x25a c60h 250 merlin gerin','0.00','0.00','0','N','0.0000','0','0','0','','0000-00-00 00:00:00','','0000-00-00 00:00:00','0.00'),('3365','392','Interrutor termomag 4x16a c60h 250','0.00','0.00','0','N','0.0000','0','0','0','','0000-00-00 00:00:00','','0000-00-00 00:00:00','0.00'),('3366','393','Cable t/taller 4x6','0.00','0.00','0','N','0.0000','0','0','0','','0000-00-00 00:00:00','','0000-00-00 00:00:00','0.00'),('3368','394','Cable t/taller 4x4','0.00','0.00','0','N','0.0000','0','0','0','','0000-00-00 00:00:00','','0000-00-00 00:00:00','0.00'),('3369','395','Teminales varias','0.00','0.00','0','N','0.0000','0','0','0','','0000-00-00 00:00:00','','0000-00-00 00:00:00','0.00'),('3370','396','Tornillos vario','0.00','0.00','0','N','0.0000','0','0','0','','0000-00-00 00:00:00','','0000-00-00 00:00:00','0.00'),('3379','397','Pasta p/ pulir','0.00','0.00','0','N','0.0000','0','0','0','','0000-00-00 00:00:00','','0000-00-00 00:00:00','0.00'),('3393','398','Resorte usado p/tachos','0.00','0.00','0','N','0.0000','0','0','0','','0000-00-00 00:00:00','','0000-00-00 00:00:00','0.00'),('3394','399','Cinta verde p/salida de pre 570x7740','0.00','0.00','0','N','0.0000','0','0','0','','0000-00-00 00:00:00','','0000-00-00 00:00:00','0.00'),('3398','400','Rodamiento 6203','0.00','0.00','0','N','17.0000','0','0','0','','0000-00-00 00:00:00','','0000-00-00 00:00:00','0.00'),('3400','401','Linterna varia','0.00','0.00','0','N','0.0000','0','0','0','','0000-00-00 00:00:00','','0000-00-00 00:00:00','0.00'),('3401','402','Valvula de adm/ 1/2','0.00','0.00','0','N','0.0000','0','0','0','','0000-00-00 00:00:00','','0000-00-00 00:00:00','0.00'),('3404','403','Masilla','0.00','0.00','0','N','0.0000','0','0','0','','0000-00-00 00:00:00','','0000-00-00 00:00:00','0.00'),('3542','404','Cable t /taller varios','0.00','0.00','0','N','0.0000','0','0','0','','0000-00-00 00:00:00','','0000-00-00 00:00:00','0.00'),('3543','405','Limas varias','0.00','0.00','0','N','0.0000','0','0','0','','0000-00-00 00:00:00','','0000-00-00 00:00:00','0.00'),('3551','406','Maquina p/ caspeado','0.00','0.00','0','N','0.0000','0','0','0','','0000-00-00 00:00:00','','0000-00-00 00:00:00','0.00'),('3567','407','Guantes Varios','0.00','0.00','0','N','0.0000','0','0','0','','0000-00-00 00:00:00','','0000-00-00 00:00:00','0.00'),('3568','408','Anteojos vs.','0.00','0.00','0','N','0.0000','0','0','0','','0000-00-00 00:00:00','','0000-00-00 00:00:00','0.00'),('3572','409','Cable supt 4x16','0.00','0.00','0','N','0.0000','0','0','0','','0000-00-00 00:00:00','','0000-00-00 00:00:00','0.00'),('3573','410','Mecha de w 18x340','0.00','0.00','0','N','0.0000','0','0','0','','0000-00-00 00:00:00','','0000-00-00 00:00:00','0.00'),('3576','411','Catucho iny ficher','0.00','0.00','0','N','0.0000','0','0','0','','0000-00-00 00:00:00','','0000-00-00 00:00:00','0.00'),('3587','412','\"Maza encabada 1','5.00','0.00','0','','0.0000','0','0','0','','0000-00-00 00:00:00','','0000-00-00 00:00:00','0.00'),('3588','413','Corta hirro 350mmx18','0.00','0.00','0','N','0.0000','0','0','0','','0000-00-00 00:00:00','','0000-00-00 00:00:00','0.00'),('3593','414','Punta 300mm Gherardi','0.00','0.00','0','N','0.0000','0','0','0','','0000-00-00 00:00:00','','0000-00-00 00:00:00','0.00'),('3598','415','Cajas p/cuatro termicas','0.00','0.00','0','N','0.0000','0','0','0','','0000-00-00 00:00:00','','0000-00-00 00:00:00','0.00'),('3605','416','Volcador de bins hidraulica p/pre IT2','0.00','0.00','0','N','0.0000','0','0','0','','0000-00-00 00:00:00','','0000-00-00 00:00:00','0.00'),('3609','417','Goma y tela','0.00','0.00','0','N','0.0000','0','0','0','','0000-00-00 00:00:00','','0000-00-00 00:00:00','0.00'),('3619','418','Acople','0.00','0.00','0','N','0.0000','0','0','0','','0000-00-00 00:00:00','','0000-00-00 00:00:00','0.00'),('3622','419','Manguera alta presion de 8mm','0.00','0.00','0','N','0.0000','0','0','0','','0000-00-00 00:00:00','','0000-00-00 00:00:00','0.00'),('3623','420','Abrazadera','0.00','0.00','0','N','0.0000','0','0','0','','0000-00-00 00:00:00','','0000-00-00 00:00:00','0.00'),('3634','421','Prisionero C/cuadrada 5/16x3/4','0.00','0.00','0','N','0.0000','0','0','0','','0000-00-00 00:00:00','','0000-00-00 00:00:00','0.00'),('3635','422','Prisionero C/cuadrada 5/16 x 1','0.00','0.00','0','N','0.0000','0','0','0','','0000-00-00 00:00:00','','0000-00-00 00:00:00','0.00'),('3636','423','Prisionero C/cuadrada 3/8 x3/4','0.00','0.00','0','N','0.0000','0','0','0','','0000-00-00 00:00:00','','0000-00-00 00:00:00','0.00'),('3637','424','Prisionero C/cuadrada 3/8 x1 1/2','0.00','0.00','0','N','0.0000','0','0','0','','0000-00-00 00:00:00','','0000-00-00 00:00:00','0.00'),('3643','425','Macho 5/16x18','0.00','0.00','0','N','0.0000','0','0','0','','0000-00-00 00:00:00','','0000-00-00 00:00:00','0.00'),('3644','426','Arndelas 5/8','0.00','0.00','0','N','0.0000','0','0','0','','0000-00-00 00:00:00','','0000-00-00 00:00:00','0.00'),('3645','427','Correa N*A 61','0.00','0.00','0','N','0.0000','0','0','0','','0000-00-00 00:00:00','','0000-00-00 00:00:00','0.00'),('3646','428','Correa N*A33','0.00','0.00','0','N','0.0000','0','0','0','','0000-00-00 00:00:00','','0000-00-00 00:00:00','0.00'),('3647','429','Correa N*A 34','0.00','0.00','0','N','0.0000','0','0','0','','0000-00-00 00:00:00','','0000-00-00 00:00:00','0.00'),('3648','430','Limpiatapizaso en aerosol','0.00','0.00','0','N','0.0000','0','0','0','','0000-00-00 00:00:00','','0000-00-00 00:00:00','0.00'),('3659','431','Pasta termica','0.00','0.00','0','N','0.0000','0','0','0','','0000-00-00 00:00:00','','0000-00-00 00:00:00','0.00'),('3660','432','Precinto varios','0.00','0.00','0','N','0.0000','0','0','0','','0000-00-00 00:00:00','','0000-00-00 00:00:00','0.00'),('3756','433','\"Guardamotor 3p 4/6','3.00','0.00','0','','0.0000','0','0','0','','0000-00-00 00:00:00','','0000-00-00 00:00:00','0.00'),('3757','434','Contactor aux2 an-2nc','0.00','0.00','0','N','0.0000','0','0','0','','0000-00-00 00:00:00','','0000-00-00 00:00:00','0.00'),('3764','435','Cebo p/roedores','0.00','0.00','0','N','0.0000','0','0','0','','0000-00-00 00:00:00','','0000-00-00 00:00:00','0.00'),('3765','436','Angulo 3/4x1/8','0.00','0.00','0','N','0.0000','0','0','0','','0000-00-00 00:00:00','','0000-00-00 00:00:00','0.00'),('3773','437','Taco N*6 FICHER','0.00','0.00','0','N','0.0000','0','0','0','','0000-00-00 00:00:00','','0000-00-00 00:00:00','0.00'),('3774','438','Taco N*8 ficher','0.00','0.00','0','N','0.0000','0','0','0','','0000-00-00 00:00:00','','0000-00-00 00:00:00','0.00'),('3775','439','Acord 1/4 macho','0.00','0.00','0','N','0.0000','0','0','0','','0000-00-00 00:00:00','','0000-00-00 00:00:00','0.00'),('3776','440','Valvula esferica 1/4   p/aire','0.00','0.00','0','N','0.0000','0','0','0','','0000-00-00 00:00:00','','0000-00-00 00:00:00','0.00'),('3777','441','\"Tornillos 3','5.00','0.00','0','','0.0000','0','0','0','','0000-00-00 00:00:00','','0000-00-00 00:00:00','0.00'),('3778','442','\"Tornillo 4','5.00','0.00','0','','0.0000','0','0','0','','0000-00-00 00:00:00','','0000-00-00 00:00:00','0.00'),('3779','443','Chapa N*16 1x2mtrs','0.00','0.00','0','N','0.0000','0','0','0','','0000-00-00 00:00:00','','0000-00-00 00:00:00','0.00'),('3780','444','\"Ang 1x6','4.00','0.00','0','','0.0000','0','0','0','','0000-00-00 00:00:00','','0000-00-00 00:00:00','0.00'),('3781','445','Juego de macho 5/16x18','0.00','0.00','0','N','0.0000','0','0','0','','0000-00-00 00:00:00','','0000-00-00 00:00:00','0.00'),('3795','446','\"Guardamotor 1','8.00','5.00','0','','0.0000','0','0','0','N','0000-00-00 00:00:00','','0000-00-00 00:00:00','0.00'),('3796','447','Contactor 220vca 50/60Hz 12A','0.00','0.00','0','N','0.0000','0','0','0','','0000-00-00 00:00:00','','0000-00-00 00:00:00','0.00'),('3797','448','Entrerosca AC 1/4','0.00','0.00','0','N','0.0000','0','0','0','','0000-00-00 00:00:00','','0000-00-00 00:00:00','0.00'),('3803','449',' Acople hembra de1/4','0.00','0.00','0','N','0.0000','0','0','0','','0000-00-00 00:00:00','','0000-00-00 00:00:00','0.00'),('3804','450','TonillosC/tanque 3/16x1/2','0.00','0.00','0','N','0.0000','0','0','0','','0000-00-00 00:00:00','','0000-00-00 00:00:00','0.00'),('3815','451','Tuerca exag 3/16','0.00','0.00','0','N','0.0000','0','0','0','','0000-00-00 00:00:00','','0000-00-00 00:00:00','0.00'),('3816','452','Correa N*60','0.00','0.00','0','N','0.0000','0','0','0','','0000-00-00 00:00:00','','0000-00-00 00:00:00','0.00'),('3817','453','Correa N*58','0.00','0.00','0','N','0.0000','0','0','0','','0000-00-00 00:00:00','','0000-00-00 00:00:00','0.00'),('3818','454','Aceite esp of sw-32','0.00','0.00','0','N','0.0000','0','0','0','','0000-00-00 00:00:00','','0000-00-00 00:00:00','0.00'),('3829','455','Manguera p/aire festo 6mm','0.00','0.00','0','N','0.0000','0','0','0','','0000-00-00 00:00:00','','0000-00-00 00:00:00','0.00'),('3830','456','Rodamiento 6003','0.00','0.00','0','N','0.0000','0','0','0','','0000-00-00 00:00:00','','0000-00-00 00:00:00','0.00'),('3845','457','Sistema de riel de entrada y desapilador de bis p/emp','0.00','0.00','0','N','0.0000','0','0','0','','0000-00-00 00:00:00','','0000-00-00 00:00:00','0.00'),('3846','458','Sistema de riel de salida y apilador de bins p/ emp','0.00','0.00','0','N','0.0000','0','0','0','','0000-00-00 00:00:00','','0000-00-00 00:00:00','0.00'),('3847','459','Volcador de bins hidraulico p/ emp','0.00','0.00','0','N','0.0000','0','0','0','','0000-00-00 00:00:00','','0000-00-00 00:00:00','0.00'),('3848','460',' U para prolongacion de paragolpes','0.00','0.00','0','N','0.0000','0','0','0','','0000-00-00 00:00:00','','0000-00-00 00:00:00','0.00'),('3849','461','Caños de aluminio 34 mm','0.00','0.00','0','N','0.0000','0','0','0','','0000-00-00 00:00:00','','0000-00-00 00:00:00','0.00'),('3857','462','Pilas AA','0.00','0.00','0','N','0.0000','0','0','0','','0000-00-00 00:00:00','','0000-00-00 00:00:00','0.00'),('3862','463','Pilas recagable AA','0.00','0.00','0','N','0.0000','0','0','0','','0000-00-00 00:00:00','','0000-00-00 00:00:00','0.00'),('3863','464','Cinta papel','0.00','0.00','0','N','0.0000','0','0','0','','0000-00-00 00:00:00','','0000-00-00 00:00:00','0.00'),('3874','465','Escoba de paja','0.00','0.00','0','N','0.0000','0','0','0','','0000-00-00 00:00:00','','0000-00-00 00:00:00','0.00'),('3879','466','Pasadores vario','0.00','0.00','0','N','0.0000','0','0','0','','0000-00-00 00:00:00','','0000-00-00 00:00:00','0.00'),('3882','467','Remaches pop vario','0.00','0.00','0','N','0.0000','0','0','0','','0000-00-00 00:00:00','','0000-00-00 00:00:00','0.00'),('3890','468','Memoria ram DDR3  2GB 1333','0.00','0.00','0','N','0.0000','0','0','0','','0000-00-00 00:00:00','','0000-00-00 00:00:00','0.00'),('3891','469','Cadena asa 60','0.00','0.00','0','N','0.0000','0','0','0','','0000-00-00 00:00:00','','0000-00-00 00:00:00','0.00'),('3897','470','Hierro cuadrado 3/16','0.00','0.00','0','N','0.0000','0','0','0','','0000-00-00 00:00:00','','0000-00-00 00:00:00','0.00'),('3900','471','Polea 2A - 90 mecanizada','0.00','0.00','0','N','0.0000','0','0','0','','0000-00-00 00:00:00','','0000-00-00 00:00:00','0.00'),('3901','472','Conjunto caja y ruleman 206','0.00','0.00','0','N','0.0000','0','0','0','','0000-00-00 00:00:00','','0000-00-00 00:00:00','0.00'),('3902','473','Eje de acero 25x2250','0.00','0.00','0','N','0.0000','0','0','0','','0000-00-00 00:00:00','','0000-00-00 00:00:00','0.00'),('3903','474','Cojunto caja y ruleman','0.00','0.00','0','N','0.0000','0','0','0','','0000-00-00 00:00:00','','0000-00-00 00:00:00','0.00'),('3904','475','Cadena galvanizada 2060 c/perno','0.00','0.00','0','N','0.0000','0','0','0','','0000-00-00 00:00:00','','0000-00-00 00:00:00','0.00'),('3905','476','\"Moto reductor  N* 80 relacion 1','20.00','0.00','0','','0.0000','0','0','0','','0000-00-00 00:00:00','','0000-00-00 00:00:00','0.00'),('3906','477','Trapo  x Kgs','0.00','0.00','0','N','0.0000','0','0','0','','0000-00-00 00:00:00','','0000-00-00 00:00:00','0.00'),('3917','478','Lampara de B/C 10w','0.00','0.00','0','N','0.0000','0','0','0','','0000-00-00 00:00:00','','0000-00-00 00:00:00','0.00'),('3945','479','Llave combinada stanly 5/16','0.00','0.00','0','N','0.0000','0','0','0','','0000-00-00 00:00:00','','0000-00-00 00:00:00','0.00'),('3946','480','Llave combinada baum 1/2','0.00','0.00','0','N','0.0000','0','0','0','','0000-00-00 00:00:00','','0000-00-00 00:00:00','0.00'),('3947','481','Arandela plana chapista 5/16','0.00','0.00','0','N','0.0000','0','0','0','','0000-00-00 00:00:00','','0000-00-00 00:00:00','0.00'),('3968','482','\"Mecha  acero rap  6','75.00','0.00','0','','0.0000','0','0','0','','0000-00-00 00:00:00','','0000-00-00 00:00:00','0.00'),('3973','483','\"Mecha acero rap 6','75.00','0.00','0','','0.0000','0','0','0','','0000-00-00 00:00:00','','0000-00-00 00:00:00','0.00'),('3974','484','\"Mecha acero rap 6','50.00','0.00','0','','0.0000','0','0','0','','0000-00-00 00:00:00','','0000-00-00 00:00:00','0.00'),('3975','485','\"Mecha acero rap 8','0.00','0.00','0','','0.0000','0','0','0','','0000-00-00 00:00:00','','0000-00-00 00:00:00','0.00'),('3981','486','Entrerosca 3/4','0.00','0.00','0','N','0.0000','0','0','0','','0000-00-00 00:00:00','','0000-00-00 00:00:00','0.00'),('3982','487','Regaston cuadrado','0.00','0.00','0','N','0.0000','0','0','0','','0000-00-00 00:00:00','','0000-00-00 00:00:00','0.00'),('3988','488','Zapatilla alagador','0.00','0.00','0','N','0.0000','0','0','0','','0000-00-00 00:00:00','','0000-00-00 00:00:00','0.00'),('3989','489','Tinta p/madera x60cc c/negro','0.00','0.00','0','N','0.0000','0','0','0','','0000-00-00 00:00:00','','0000-00-00 00:00:00','0.00'),('4021','490','Dermagiene jabon liq x 5 lts','0.00','0.00','0','N','0.0000','0','0','0','','0000-00-00 00:00:00','','0000-00-00 00:00:00','0.00'),('4022','491','Desodorante p/piso','0.00','0.00','0','N','0.0000','0','0','0','','0000-00-00 00:00:00','','0000-00-00 00:00:00','0.00'),('4029','492','Chapas  Tralusida','0.00','0.00','0','N','0.0000','0','0','0','','0000-00-00 00:00:00','','0000-00-00 00:00:00','0.00'),('4036','493','PIintura satinol arena de playa','0.00','0.00','0','N','0.0000','0','0','0','','0000-00-00 00:00:00','','0000-00-00 00:00:00','0.00'),('4039','494','\"Valvula esferica 2\"\"p','0.00','0.00','0','','0.0000','0','0','0','N','0000-00-00 00:00:00','','0000-00-00 00:00:00','0.00'),('4040','495','\"Union doble 2\"\" p','0.00','0.00','0','','0.0000','0','0','0','N','0000-00-00 00:00:00','','0000-00-00 00:00:00','0.00'),('4041','496','Cupla rosca hembra 2\"','0.00','0.00','0','N','0.0000','0','0','0','','0000-00-00 00:00:00','','0000-00-00 00:00:00','0.00'),('4043','497','Buje de reducion 2\"x1\" en p.v.c','0.00','0.00','0','N','0.0000','0','0','0','','0000-00-00 00:00:00','','0000-00-00 00:00:00','0.00'),('4044','498','Te rosca hembra 1\"','0.00','0.00','0','N','0.0000','0','0','0','','0000-00-00 00:00:00','','0000-00-00 00:00:00','0.00'),('4045','499',' Gas OIL  P/Auto Elevador','0.00','0.00','0','N','0.0000','0','0','0','','0000-00-00 00:00:00','','0000-00-00 00:00:00','0.00'),('4066','500','Manguer 3/8 RI TFNC8MG-950 TFMJ 4MG','0.00','0.00','0','N','0.0000','0','0','0','','0000-00-00 00:00:00','','0000-00-00 00:00:00','0.00'),('4067','501','Mopa p/piso','0.00','0.00','0','N','0.0000','0','0','0','','0000-00-00 00:00:00','','0000-00-00 00:00:00','0.00'),('4075','502','Vigas Arco 24 MTS C/U','0.00','0.00','0','N','0.0000','0','0','0','','0000-00-00 00:00:00','','0000-00-00 00:00:00','0.00'),('4076','503','\"Columnas Pe 5','35.00','0.00','0','','0.0000','0','0','0','','0000-00-00 00:00:00','','0000-00-00 00:00:00','0.00'),('4077','504','Correas  Pe  5 MTRS C/U','0.00','0.00','0','N','0.0000','0','0','0','','0000-00-00 00:00:00','','0000-00-00 00:00:00','0.00'),('4079','505','Canaletas  PC 5 mtrs C/U','0.00','0.00','0','N','0.0000','0','0','0','','0000-00-00 00:00:00','','0000-00-00 00:00:00','0.00'),('4102','506','Viruta de acero G. Y. M','0.00','0.00','0','N','0.0000','0','0','0','','0000-00-00 00:00:00','','0000-00-00 00:00:00','0.00'),('4103','507','Caja rectangular p /embutir','0.00','0.00','0','N','0.0000','0','0','0','','0000-00-00 00:00:00','','0000-00-00 00:00:00','0.00'),('4104','508','Guantes de goma','0.00','0.00','0','N','0.0000','0','0','0','','0000-00-00 00:00:00','','0000-00-00 00:00:00','0.00'),('4114','509','Eslabon de aleta p/pegadora de caja','0.00','0.00','0','N','0.0000','0','0','0','','0000-00-00 00:00:00','','0000-00-00 00:00:00','0.00'),('4115','510','Cilindro neumatico p/pegadora','0.00','0.00','0','N','0.0000','0','0','0','','0000-00-00 00:00:00','','0000-00-00 00:00:00','0.00'),('4116','511','Colero completo de pegadora','0.00','0.00','0','N','0.0000','0','0','0','','0000-00-00 00:00:00','','0000-00-00 00:00:00','0.00'),('4129','512','Sellador fijador P/ Pintura','0.00','0.00','0','N','0.0000','0','0','0','','0000-00-00 00:00:00','','0000-00-00 00:00:00','0.00'),('4130','513','Escalra de madera 8 peldaño','0.00','0.00','0','N','0.0000','0','0','0','','0000-00-00 00:00:00','','0000-00-00 00:00:00','0.00'),('4136','514','Ceramico alpa 36x36  vario','0.00','0.00','0','N','0.0000','0','0','0','','0000-00-00 00:00:00','','0000-00-00 00:00:00','0.00'),('4142','515','Ramal T.en P.V.C / 100','0.00','0.00','0','N','0.0000','0','0','0','','0000-00-00 00:00:00','','0000-00-00 00:00:00','0.00'),('4143','516','Picaporte de bronce','0.00','0.00','0','N','0.0000','0','0','0','','0000-00-00 00:00:00','','0000-00-00 00:00:00','0.00'),('4144','517','Cerradura prive','0.00','0.00','0','N','0.0000','0','0','0','','0000-00-00 00:00:00','','0000-00-00 00:00:00','0.00'),('4152','518','Aceite p/compresor 15w40','0.00','0.00','0','N','0.0000','0','0','0','','0000-00-00 00:00:00','','0000-00-00 00:00:00','0.00'),('4171','519','Brida c/ conexcion 3/4','0.00','0.00','0','N','0.0000','0','0','0','','0000-00-00 00:00:00','','0000-00-00 00:00:00','0.00'),('4181','520','Caja rectangular P:V:C p/cable canal','0.00','0.00','0','N','0.0000','0','0','0','','0000-00-00 00:00:00','','0000-00-00 00:00:00','0.00'),('4185','521','Swicth 8 salida','0.00','0.00','0','N','0.0000','0','0','0','','0000-00-00 00:00:00','','0000-00-00 00:00:00','0.00'),('4191','522','Toner 85 a','0.00','0.00','0','N','0.0000','0','0','0','','0000-00-00 00:00:00','','0000-00-00 00:00:00','0.00'),('4192','523','Teclado p/computadora','0.00','0.00','0','N','0.0000','0','0','0','','0000-00-00 00:00:00','','0000-00-00 00:00:00','0.00'),('4197','524','Cable coaxil','0.00','0.00','0','N','0.0000','0','0','0','','0000-00-00 00:00:00','','0000-00-00 00:00:00','0.00'),('4198','525','Adaptadores p/tele','0.00','0.00','0','N','0.0000','0','0','0','','0000-00-00 00:00:00','','0000-00-00 00:00:00','0.00'),('4205','526','Dispenser natural','0.00','0.00','0','N','0.0000','0','0','0','','0000-00-00 00:00:00','','0000-00-00 00:00:00','0.00'),('4213','527','Piñon Z 42 Asa 50  - 35','0.00','0.00','0','N','0.0000','0','0','0','','0000-00-00 00:00:00','','0000-00-00 00:00:00','0.00'),('4218','528','Piñon Z50 Asa 50-35','0.00','0.00','0','N','0.0000','0','0','0','','0000-00-00 00:00:00','','0000-00-00 00:00:00','0.00'),('4222','529','Caja p/ cable canal','0.00','0.00','0','N','0.0000','0','0','0','','0000-00-00 00:00:00','','0000-00-00 00:00:00','0.00'),('4237','530','Cadena doble N*60','0.00','0.00','0','N','0.0000','0','0','0','','0000-00-00 00:00:00','','0000-00-00 00:00:00','0.00'),('4238','531','Union N*60 P/ cadena doble','0.00','0.00','0','N','0.0000','0','0','0','','0000-00-00 00:00:00','','0000-00-00 00:00:00','0.00'),('4239','532','Union cadena N*80','0.00','0.00','0','N','0.0000','0','0','0','','0000-00-00 00:00:00','','0000-00-00 00:00:00','0.00'),('4242','533','Termografo de codigo BA21C01E40','0.00','0.00','0','N','0.0000','0','0','0','','0000-00-00 00:00:00','','0000-00-00 00:00:00','0.00'),('4285','534','Ruleta de5 mtrs','0.00','0.00','0','N','0.0000','0','0','0','','0000-00-00 00:00:00','','0000-00-00 00:00:00','0.00'),('4292','535','Toner 35 a','0.00','0.00','0','N','0.0000','0','0','0','','0000-00-00 00:00:00','','0000-00-00 00:00:00','0.00'),('4308','536','Sikagrout X25 Kgs','0.00','0.00','0','N','0.0000','0','0','0','','0000-00-00 00:00:00','','0000-00-00 00:00:00','0.00'),('4318','537','Detergente','0.00','0.00','0','N','0.0000','0','0','0','','0000-00-00 00:00:00','','0000-00-00 00:00:00','0.00'),('4454','538','Toner 36 A','0.00','0.00','0','N','0.0000','0','0','0','','0000-00-00 00:00:00','','0000-00-00 00:00:00','0.00'),('4455','539','\"Reparacion motor kafia 0','33.00','0.00','0','','0.0000','0','0','0','','0000-00-00 00:00:00','','0000-00-00 00:00:00','0.00'),('4457','540','Reparacion motor weg 2810 rpm (10096)','0.00','0.00','0','N','0.0000','0','0','0','','0000-00-00 00:00:00','','0000-00-00 00:00:00','0.00'),('4458','541','\"Reparacion motor weg 0','51395.00','0.00','0','','0.0000','0','0','0','','0000-00-00 00:00:00','','0000-00-00 00:00:00','0.00'),('4459','542','\"Reparacion motor czewenny 0','50.00','0.00','0','','0.0000','0','0','0','','0000-00-00 00:00:00','','0000-00-00 00:00:00','0.00'),('4460','543','\"Reparacion motor kaifa 0','50.00','0.00','0','','0.0000','0','0','0','','0000-00-00 00:00:00','','0000-00-00 00:00:00','0.00'),('4461','544','\"Reparacion motor kaifa 0','50.00','0.00','0','','0.0000','0','0','0','','0000-00-00 00:00:00','','0000-00-00 00:00:00','0.00'),('4473','545','Trapo de piso consorcio','0.00','0.00','0','N','0.0000','0','0','0','','0000-00-00 00:00:00','','0000-00-00 00:00:00','0.00'),('4476','546','\"Reparacion  Motor de  0','50.00','0.00','0','','0.0000','0','0','0','','0000-00-00 00:00:00','','0000-00-00 00:00:00','0.00'),('4486','547','Moden p/wifi','0.00','0.00','0','N','0.0000','0','0','0','','0000-00-00 00:00:00','','0000-00-00 00:00:00','0.00'),('4487','548','Reparacion motorweg de 2 hp 1500rpm (9909)','0.00','0.00','0','N','0.0000','0','0','0','','0000-00-00 00:00:00','','0000-00-00 00:00:00','0.00'),('4495','549','\"Reparacion motor czerweny de1','5.00','0.00','0','','0.0000','0','0','0','','0000-00-00 00:00:00','','0000-00-00 00:00:00','0.00'),('4496','550','\"Reparacion de eb pedrollo 1','5.00','0.00','0','','0.0000','0','0','0','','0000-00-00 00:00:00','','0000-00-00 00:00:00','0.00'),('4497','551','Reparacion motor weg 2 hp 1500rpm (9912)','0.00','0.00','0','N','0.0000','0','0','0','','0000-00-00 00:00:00','','0000-00-00 00:00:00','0.00'),('4498','552','\"Reparacion motor kaifa 1','5.00','0.00','0','','0.0000','0','0','0','','0000-00-00 00:00:00','','0000-00-00 00:00:00','0.00'),('4499','553','\"Reparacion motor mez 0','75.00','0.00','0','','0.0000','0','0','0','','0000-00-00 00:00:00','','0000-00-00 00:00:00','0.00'),('4500','554','\"Reparacion motor 0','75.00','0.00','0','','0.0000','0','0','0','','0000-00-00 00:00:00','','0000-00-00 00:00:00','0.00'),('4501','555','Reparacion motor czerweny 2hp (9916)','0.00','0.00','0','N','0.0000','0','0','0','','0000-00-00 00:00:00','','0000-00-00 00:00:00','0.00'),('4502','556','Reparacion motor kaifa 1 hp 1500rpm 9917','0.00','0.00','0','N','0.0000','0','0','0','','0000-00-00 00:00:00','','0000-00-00 00:00:00','0.00'),('4503','557','Reparacion de eb ebara de 1hp 2900rpm (9918)','0.00','0.00','0','N','0.0000','0','0','0','','0000-00-00 00:00:00','','0000-00-00 00:00:00','0.00'),('4514','558','Valvula refrigeracion 5/4','0.00','0.00','0','N','0.0000','0','0','0','','0000-00-00 00:00:00','','0000-00-00 00:00:00','0.00'),('4515','559','Lanza pulverizadora','0.00','0.00','0','N','0.0000','0','0','0','','0000-00-00 00:00:00','','0000-00-00 00:00:00','0.00'),('4524','560','Kit ficha hembra y macho con cable p/solenoide','0.00','0.00','0','N','0.0000','0','0','0','','0000-00-00 00:00:00','','0000-00-00 00:00:00','0.00'),('4537','561','Aceite alimenticio p/compac','0.00','0.00','0','N','0.0000','0','0','0','','0000-00-00 00:00:00','','0000-00-00 00:00:00','0.00'),('4586','562','Tuerca de3/8','0.00','0.00','0','N','0.0000','0','0','0','','0000-00-00 00:00:00','','0000-00-00 00:00:00','0.00'),('4587','563','Varilla roscada 3/8','0.00','0.00','0','N','0.0000','0','0','0','','0000-00-00 00:00:00','','0000-00-00 00:00:00','0.00'),('4607','564','\"Mecha a/rapido 7','25.00','0.00','0','','0.0000','0','0','0','','0000-00-00 00:00:00','','0000-00-00 00:00:00','0.00'),('4608','565','\"Necha a/rapido 7','75.00','0.00','0','','0.0000','0','0','0','','0000-00-00 00:00:00','','0000-00-00 00:00:00','0.00'),('4609','566','Pistola p/cilicona','0.00','0.00','0','N','0.0000','0','0','0','','0000-00-00 00:00:00','','0000-00-00 00:00:00','0.00'),('4610','567','Alambre de roseta','0.00','0.00','0','N','0.0000','0','0','0','','0000-00-00 00:00:00','','0000-00-00 00:00:00','0.00'),('4611','568','Enluido','0.00','0.00','0','N','0.0000','0','0','0','','0000-00-00 00:00:00','','0000-00-00 00:00:00','0.00'),('4612','569','Menbrana','0.00','0.00','0','N','0.0000','0','0','0','','0000-00-00 00:00:00','','0000-00-00 00:00:00','0.00'),('4622','570','Mecha de copa n*35','0.00','0.00','0','N','0.0000','0','0','0','','0000-00-00 00:00:00','','0000-00-00 00:00:00','0.00'),('4673','571','Pintura amarillo vial','0.00','0.00','0','N','0.0000','0','0','0','','0000-00-00 00:00:00','','0000-00-00 00:00:00','0.00'),('4675','572','Pintura blanco vial','0.00','0.00','0','N','0.0000','0','0','0','','0000-00-00 00:00:00','','0000-00-00 00:00:00','0.00'),('4676','573','Dilullente P/pintura vial','0.00','0.00','0','N','0.0000','0','0','0','','0000-00-00 00:00:00','','0000-00-00 00:00:00','0.00'),('4683','574','Rodillo de 5 cm p/pintar','0.00','0.00','0','N','0.0000','0','0','0','','0000-00-00 00:00:00','','0000-00-00 00:00:00','0.00'),('4685','575','Rodillo de 10 cm p/pintar','0.00','0.00','0','N','0.0000','0','0','0','','0000-00-00 00:00:00','','0000-00-00 00:00:00','0.00'),('4712','576','Tapa siega P/luz','0.00','0.00','0','N','0.0000','0','0','0','','0000-00-00 00:00:00','','0000-00-00 00:00:00','0.00'),('4926','577','Cinta de emb','0.00','0.00','0','N','0.0000','0','0','0','','0000-00-00 00:00:00','','0000-00-00 00:00:00','0.00'),('4932','578','Brida p/reductor N*935 motor 1/2 HP','0.00','0.00','0','N','0.0000','0','0','0','','0000-00-00 00:00:00','','0000-00-00 00:00:00','0.00'),('4933','579','Rodamiento 6201 blindado','0.00','0.00','0','N','17.0000','0','0','0','','0000-00-00 00:00:00','','0000-00-00 00:00:00','0.00'),('4934','580','Reten 5672','0.00','0.00','0','N','0.0000','0','0','0','','0000-00-00 00:00:00','','0000-00-00 00:00:00','0.00'),('4935','581','Reten  6061','0.00','0.00','0','N','0.0000','0','0','0','','0000-00-00 00:00:00','','0000-00-00 00:00:00','0.00'),('4936','582','Reten 5087','0.00','0.00','0','N','0.0000','0','0','0','','0000-00-00 00:00:00','','0000-00-00 00:00:00','0.00'),('4937','583','Conjunto CYR FYTB-30','0.00','0.00','0','N','0.0000','0','0','0','','0000-00-00 00:00:00','','0000-00-00 00:00:00','0.00'),('4938','584','Eje acero 35 x1800 mm c/pris','0.00','0.00','0','N','0.0000','0','0','0','','0000-00-00 00:00:00','','0000-00-00 00:00:00','0.00'),('4939','585','Rodamiento 6202 blindado','0.00','0.00','0','N','17.0000','0','0','0','','0000-00-00 00:00:00','','0000-00-00 00:00:00','0.00'),('4949','586','Ejes acero 35x1800mm c/chv','0.00','0.00','0','N','0.0000','0','0','0','','0000-00-00 00:00:00','','0000-00-00 00:00:00','0.00'),('4950','587','Rodillos 60x490x20mm','0.00','0.00','0','N','0.0000','0','0','0','','0000-00-00 00:00:00','','0000-00-00 00:00:00','0.00'),('4951','588','Rodillo tensor C/rul 490x20','0.00','0.00','0','N','0.0000','0','0','0','','0000-00-00 00:00:00','','0000-00-00 00:00:00','0.00'),('4952','589','Planchuelas C/varra roscada','0.00','0.00','0','N','0.0000','0','0','0','','0000-00-00 00:00:00','','0000-00-00 00:00:00','0.00'),('4953','590','Puntera grilon P/caño aluminio 63 cm','0.00','0.00','0','N','0.0000','0','0','0','','0000-00-00 00:00:00','','0000-00-00 00:00:00','0.00'),('4954','591','Eje p/reductor MVFC 50','0.00','0.00','0','N','0.0000','0','0','0','','0000-00-00 00:00:00','','0000-00-00 00:00:00','0.00'),('4955','592','Eje pegadora de caja','0.00','0.00','0','N','0.0000','0','0','0','','0000-00-00 00:00:00','','0000-00-00 00:00:00','0.00'),('4956','593','Union  cadena asa 80','0.00','0.00','0','N','0.0000','0','0','0','','0000-00-00 00:00:00','','0000-00-00 00:00:00','0.00'),('4957','594','Rodillo carro enmalladora c/rul y ara seguro','0.00','0.00','0','N','0.0000','0','0','0','','0000-00-00 00:00:00','','0000-00-00 00:00:00','0.00'),('4958','595','Barra cuadrada p/regadora de caja','0.00','0.00','0','N','0.0000','0','0','0','','0000-00-00 00:00:00','','0000-00-00 00:00:00','0.00'),('4959','596','Rodillo caño 3/4 x2000mm','0.00','0.00','0','N','0.0000','0','0','0','','0000-00-00 00:00:00','','0000-00-00 00:00:00','0.00'),('5066','597','Protex al agua','0.00','0.00','0','N','0.0000','0','0','0','','0000-00-00 00:00:00','','0000-00-00 00:00:00','0.00'),('5067','598','Guantes paseo vaqueta','0.00','0.00','0','N','0.0000','0','0','0','','0000-00-00 00:00:00','','0000-00-00 00:00:00','0.00'),('5068','599','Guantes latex','0.00','0.00','0','N','0.0000','0','0','0','','0000-00-00 00:00:00','','0000-00-00 00:00:00','0.00'),('5069','600','Protector auditivo','0.00','0.00','0','N','0.0000','0','0','0','','0000-00-00 00:00:00','','0000-00-00 00:00:00','0.00'),('5083','601','Corona 16 dientes','0.00','0.00','0','N','0.0000','0','0','0','','0000-00-00 00:00:00','','0000-00-00 00:00:00','0.00'),('5208','602','Ferrite negro','0.00','0.00','0','N','0.0000','0','0','0','','0000-00-00 00:00:00','','0000-00-00 00:00:00','0.00'),('5209','603','Enduresedor no metalico','0.00','0.00','0','N','0.0000','0','0','0','','0000-00-00 00:00:00','','0000-00-00 00:00:00','0.00'),('5210','604','Sellaporos natural','0.00','0.00','0','N','0.0000','0','0','0','','0000-00-00 00:00:00','','0000-00-00 00:00:00','0.00'),('5216','605','\"Placa de durlox 12','5.00','20.00','40','','0.0000','0','0','0','','0000-00-00 00:00:00','','0000-00-00 00:00:00','0.00'),('5219','606','\"Solera 70x35 mm x1','20.00','0.00','0','','0.0000','0','0','0','','0000-00-00 00:00:00','','0000-00-00 00:00:00','0.00'),('5220','607','\"Montante 70x35 mm x2','60.00','0.00','0','','0.0000','0','0','0','','0000-00-00 00:00:00','','0000-00-00 00:00:00','0.00'),('5222','608','\"Chapa-cantonera 32 x 32 mm x 2','60.00','0.00','0','','0.0000','0','0','0','','0000-00-00 00:00:00','','0000-00-00 00:00:00','0.00'),('5223','609','Chapa T2 x100 unid p/agua 6x1','0.00','0.00','0','N','0.0000','0','0','0','','0000-00-00 00:00:00','','0000-00-00 00:00:00','0.00'),('5224','610','Tornillo-T1 x100 unid c/mecha 8x1/2','0.00','0.00','0','N','0.0000','0','0','0','','0000-00-00 00:00:00','','0000-00-00 00:00:00','0.00'),('5225','611','Tornillo T3 100 unid p/agua 6x11/2','0.00','0.00','0','N','0.0000','0','0','0','','0000-00-00 00:00:00','','0000-00-00 00:00:00','0.00'),('5226','612','Tarugos n* 6 s/tope x100 unid','0.00','0.00','0','N','0.0000','0','0','0','','0000-00-00 00:00:00','','0000-00-00 00:00:00','0.00'),('5227','613','Masilla x18 kgs','0.00','0.00','0','N','0.0000','0','0','0','','0000-00-00 00:00:00','','0000-00-00 00:00:00','0.00'),('5228','614','Cinta microperforada x75 mts','0.00','0.00','0','N','0.0000','0','0','0','','0000-00-00 00:00:00','','0000-00-00 00:00:00','0.00'),('5245','615','Carretilla grande  de chapa','0.00','0.00','0','N','0.0000','0','0','0','','0000-00-00 00:00:00','','0000-00-00 00:00:00','0.00'),('5246','616','Caño estructural 40x60 x6mts','0.00','0.00','0','N','0.0000','0','0','0','','0000-00-00 00:00:00','','0000-00-00 00:00:00','0.00'),('5247','617','Pala ancha','0.00','0.00','0','N','0.0000','0','0','0','','0000-00-00 00:00:00','','0000-00-00 00:00:00','0.00'),('5248','618','\"Malla de H 4','2.00','0.00','0','','0.0000','0','0','0','','0000-00-00 00:00:00','','0000-00-00 00:00:00','0.00'),('5261','619','\"Mecha A/R 5','25.00','0.00','0','','0.0000','0','0','0','','0000-00-00 00:00:00','','0000-00-00 00:00:00','0.00'),('5262','620','\"Mecha A/R 8','25.00','0.00','0','','0.0000','0','0','0','','0000-00-00 00:00:00','','0000-00-00 00:00:00','0.00'),('5263','621','Mecha A/R 10mm','0.00','0.00','0','N','0.0000','0','0','0','','0000-00-00 00:00:00','','0000-00-00 00:00:00','0.00'),('5268','622','Tergopol 1cm pacha 1mx1m','0.00','0.00','0','N','0.0000','0','0','0','','0000-00-00 00:00:00','','0000-00-00 00:00:00','0.00'),('5281','623','Aire acondicionadofebders 2500F/S','0.00','0.00','0','N','0.0000','0','0','0','','0000-00-00 00:00:00','','0000-00-00 00:00:00','0.00'),('5321','624','Barniz brillante','0.00','0.00','0','N','0.0000','0','0','0','','0000-00-00 00:00:00','','0000-00-00 00:00:00','0.00'),('5322','625','Tinta algarrobo P/barniz','0.00','0.00','0','N','0.0000','0','0','0','','0000-00-00 00:00:00','','0000-00-00 00:00:00','0.00'),('5323','626','Caño p.v.c rigido de7/8','0.00','0.00','0','N','0.0000','0','0','0','','0000-00-00 00:00:00','','0000-00-00 00:00:00','0.00'),('5415','627','Cabo / madera','0.00','0.00','0','N','0.0000','0','0','0','','0000-00-00 00:00:00','','0000-00-00 00:00:00','0.00'),('5470','628','\"Mecha p/acero inoxidable 5','25.00','0.00','0','','0.0000','0','0','0','','0000-00-00 00:00:00','','0000-00-00 00:00:00','0.00'),('5471','629','Mecha p/acero inoxidanle 6/25','0.00','0.00','0','N','0.0000','0','0','0','','0000-00-00 00:00:00','','0000-00-00 00:00:00','0.00'),('5472','630','\"Mecha p/acero inoxidable 7','25.00','0.00','0','','0.0000','0','0','0','','0000-00-00 00:00:00','','0000-00-00 00:00:00','0.00'),('5473','631','Mecha acero inoxidable 10','0.00','0.00','0','N','0.0000','0','0','0','','0000-00-00 00:00:00','','0000-00-00 00:00:00','0.00'),('5474','632','Mecha acero inoxidable 12','0.00','0.00','0','N','0.0000','0','0','0','','0000-00-00 00:00:00','','0000-00-00 00:00:00','0.00'),('5475','633','Mecha A/R 13','0.00','0.00','0','N','0.0000','0','0','0','','0000-00-00 00:00:00','','0000-00-00 00:00:00','0.00'),('5476','634','Adatador de boquilla p/gas-R-410-A','0.00','0.00','0','N','0.0000','0','0','0','','0000-00-00 00:00:00','','0000-00-00 00:00:00','0.00'),('5477','635','Caño cobre 1/4','0.00','0.00','0','N','0.0000','0','0','0','','0000-00-00 00:00:00','','0000-00-00 00:00:00','0.00'),('5478','636','Caño cobre 3/8','0.00','0.00','0','N','0.0000','0','0','0','','0000-00-00 00:00:00','','0000-00-00 00:00:00','0.00'),('5479','637','Aislantetermico 1/4 x2mtrs','0.00','0.00','0','N','0.0000','0','0','0','','0000-00-00 00:00:00','','0000-00-00 00:00:00','0.00'),('5480','638','Aislante termico 3/8  x2mtrs','0.00','0.00','0','N','0.0000','0','0','0','','0000-00-00 00:00:00','','0000-00-00 00:00:00','0.00'),('5481','639','Cinta plas blanca x5 mtrs','0.00','0.00','0','N','0.0000','0','0','0','','0000-00-00 00:00:00','','0000-00-00 00:00:00','0.00'),('5482','640','Manguera cristal 16x20','0.00','0.00','0','N','0.0000','0','0','0','','0000-00-00 00:00:00','','0000-00-00 00:00:00','0.00'),('5500','641','\"Mecha A/R 11','25.00','0.00','0','','0.0000','0','0','0','','0000-00-00 00:00:00','','0000-00-00 00:00:00','0.00'),('5501','642','\"Mecha A/R 12','25.00','0.00','0','','0.0000','0','0','0','','0000-00-00 00:00:00','','0000-00-00 00:00:00','0.00'),('5502','643','Ficha macho','0.00','0.00','0','N','0.0000','0','0','0','','0000-00-00 00:00:00','','0000-00-00 00:00:00','0.00'),('5522','644','Ficha embra','0.00','0.00','0','N','0.0000','0','0','0','','0000-00-00 00:00:00','','0000-00-00 00:00:00','0.00'),('5523','645','\"Cable T/Taller 2x2','25.00','0.00','0','','0.0000','0','0','0','','0000-00-00 00:00:00','','0000-00-00 00:00:00','0.00'),('5524','646','Mandril 13mm con llave rosca 12mm','0.00','0.00','0','N','0.0000','0','0','0','','0000-00-00 00:00:00','','0000-00-00 00:00:00','0.00'),('5560','647','Llave termica 10A','0.00','0.00','0','N','0.0000','0','0','0','','0000-00-00 00:00:00','','0000-00-00 00:00:00','0.00'),('5598','648','Aciete 4 Tiempo','0.00','0.00','0','N','0.0000','0','0','0','','0000-00-00 00:00:00','','0000-00-00 00:00:00','0.00'),('5606','649','Cadena 50 d.c xKgrs','0.00','0.00','0','N','0.0000','0','0','0','','0000-00-00 00:00:00','','0000-00-00 00:00:00','0.00'),('5607','650','Soga varias x mtrs','0.00','0.00','0','N','11.0000','0','0','0','','0000-00-00 00:00:00','','0000-00-00 00:00:00','0.00'),('5608','651','Poxilina','0.00','0.00','0','N','0.0000','0','0','0','','0000-00-00 00:00:00','','0000-00-00 00:00:00','0.00'),('5660','652','Anticorrosivo epoxi colorado x4 ltrs','0.00','0.00','0','N','0.0000','0','0','0','','0000-00-00 00:00:00','','0000-00-00 00:00:00','0.00'),('5661','653','Diluyente p/ epoxi','0.00','0.00','0','N','0.0000','0','0','0','','0000-00-00 00:00:00','','0000-00-00 00:00:00','0.00'),('5739','654','Pitura latex negro x 4 ltrs','0.00','0.00','0','N','0.0000','0','0','0','','0000-00-00 00:00:00','','0000-00-00 00:00:00','0.00'),('5748','655','Pinceleta','0.00','0.00','0','N','0.0000','0','0','0','','0000-00-00 00:00:00','','0000-00-00 00:00:00','0.00'),('5753','656','Llave combinada N*10','0.00','0.00','0','N','0.0000','0','0','0','','0000-00-00 00:00:00','','0000-00-00 00:00:00','0.00'),('5839','657','Llave p/ agua 1* metal','0.00','0.00','0','N','0.0000','0','0','0','','0000-00-00 00:00:00','','0000-00-00 00:00:00','0.00'),('5843','658','Pinza universal','0.00','0.00','0','N','0.0000','0','0','0','','0000-00-00 00:00:00','','0000-00-00 00:00:00','0.00'),('5867','659','Estantes 90x60 x80 kgs x 2 mtrs','0.00','0.00','0','N','0.0000','0','0','0','','0000-00-00 00:00:00','','0000-00-00 00:00:00','0.00'),('5960','660','Reten 5427 35-47-7','0.00','0.00','0','N','19.0000','0','0','0','','0000-00-00 00:00:00','','0000-00-00 00:00:00','0.00'),('5961','661','Corona motoreductor  n*70','0.00','0.00','0','N','0.0000','0','0','0','','0000-00-00 00:00:00','','0000-00-00 00:00:00','0.00'),('5982','662','Pantalla de quemadores','0.00','0.00','0','N','0.0000','0','0','0','','0000-00-00 00:00:00','','0000-00-00 00:00:00','0.00'),('5983','663','Juego amiento','0.00','0.00','0','N','0.0000','0','0','0','','0000-00-00 00:00:00','','0000-00-00 00:00:00','0.00'),('5984','664','Cilicona trasparente','0.00','0.00','0','N','0.0000','0','0','0','','0000-00-00 00:00:00','','0000-00-00 00:00:00','0.00'),('6119','665','Secadores','0.00','0.00','0','N','0.0000','0','0','0','','0000-00-00 00:00:00','','0000-00-00 00:00:00','0.00'),('6131','666','Reten P/M -carcasa N35','0.00','0.00','0','N','0.0000','0','0','0','','0000-00-00 00:00:00','','0000-00-00 00:00:00','0.00'),('6135','667','Capasitor de 35-mf','0.00','0.00','0','N','0.0000','0','0','0','','0000-00-00 00:00:00','','0000-00-00 00:00:00','0.00'),('6136','668','Capasitor de 60-mf','0.00','0.00','0','N','0.0000','0','0','0','','0000-00-00 00:00:00','','0000-00-00 00:00:00','0.00'),('6194','669','Acido muriatico','0.00','0.00','0','N','0.0000','0','0','0','','0000-00-00 00:00:00','','0000-00-00 00:00:00','0.00'),('6195','670','Llave cobinada N*11','0.00','0.00','0','N','0.0000','0','0','0','','0000-00-00 00:00:00','','0000-00-00 00:00:00','0.00'),('6196','671','Piñon z-16','0.00','0.00','0','N','0.0000','0','0','0','','0000-00-00 00:00:00','','0000-00-00 00:00:00','0.00'),('6210','672','Valvula c/tope de1/2 p/agua','0.00','0.00','0','N','0.0000','0','0','0','','0000-00-00 00:00:00','','0000-00-00 00:00:00','0.00'),('6211','673','Deoxi-m*cauchet','0.00','0.00','0','N','0.0000','0','0','0','','0000-00-00 00:00:00','','0000-00-00 00:00:00','0.00'),('6221','675','Pintura sintetico amarillo x 4ltrs','0.00','0.00','0','N','0.0000','0','0','0','','0000-00-00 00:00:00','','0000-00-00 00:00:00','0.00'),('6309','676','Hierro cudrado 3/8 p/guia cadena','0.00','0.00','0','N','0.0000','0','0','0','','0000-00-00 00:00:00','','0000-00-00 00:00:00','0.00'),('6314','677','\"Tela metalica rombo 1','80.00','0.00','0','','0.0000','0','0','0','','0000-00-00 00:00:00','','0000-00-00 00:00:00','0.00'),('6315','678','\"Alambre galvanizado 12','5.00','0.00','0','','0.0000','0','0','0','','0000-00-00 00:00:00','','0000-00-00 00:00:00','0.00'),('6316','679','Torniquetes p/alambrar','0.00','0.00','0','N','0.0000','0','0','0','','0000-00-00 00:00:00','','0000-00-00 00:00:00','0.00'),('6317','680','Tensores p/cerco 3/8','0.00','0.00','0','N','0.0000','0','0','0','','0000-00-00 00:00:00','','0000-00-00 00:00:00','0.00'),('6318','681','Planchuela 7/8x3/16 x 6 mtrs','0.00','0.00','0','N','0.0000','0','0','0','','0000-00-00 00:00:00','','0000-00-00 00:00:00','0.00'),('6319','682','\"Alambre galvanizado n*14','5.00','0.00','0','','0.0000','0','0','0','','0000-00-00 00:00:00','','0000-00-00 00:00:00','0.00'),('6339','683','Tornillo 6x50','0.00','0.00','0','N','0.0000','0','0','0','','0000-00-00 00:00:00','','0000-00-00 00:00:00','0.00'),('6340','684','Taco ficher n*10','0.00','0.00','0','N','0.0000','0','0','0','','0000-00-00 00:00:00','','0000-00-00 00:00:00','0.00'),('6345','685','Piñon 30 dientes mecanizado','0.00','0.00','0','N','0.0000','0','0','0','','0000-00-00 00:00:00','','0000-00-00 00:00:00','0.00'),('6346','686','Guia p/porton plegado  28x28x25  x300 cmts','0.00','0.00','0','N','0.0000','0','0','0','','0000-00-00 00:00:00','','0000-00-00 00:00:00','0.00'),('6354','687','Llave p/agua met de1/2','0.00','0.00','0','N','0.0000','0','0','0','','0000-00-00 00:00:00','','0000-00-00 00:00:00','0.00'),('6391','688','Entrerosca exp 1/2','0.00','0.00','0','N','0.0000','0','0','0','','0000-00-00 00:00:00','','0000-00-00 00:00:00','0.00'),('6421','689','Rodamiento 6204','0.00','0.00','0','N','17.0000','0','0','0','','0000-00-00 00:00:00','','0000-00-00 00:00:00','0.00'),('6428','690','Rodamiento 6205','0.00','0.00','0','N','17.0000','0','0','0','','0000-00-00 00:00:00','','0000-00-00 00:00:00','0.00'),('6445','691','Reten 5314','0.00','0.00','0','N','0.0000','0','0','0','','0000-00-00 00:00:00','','0000-00-00 00:00:00','0.00'),('6515','692','Aire acondisionado m / Coventry 3500w F/C','0.00','0.00','0','N','0.0000','0','0','0','','0000-00-00 00:00:00','','0000-00-00 00:00:00','0.00'),('6516','693','Maya electro soldada 50x50 cm x 260 cm','0.00','0.00','0','N','0.0000','0','0','0','','0000-00-00 00:00:00','','0000-00-00 00:00:00','0.00'),('6523','694','Punteras n* 22','0.00','0.00','0','N','0.0000','0','0','0','','0000-00-00 00:00:00','','0000-00-00 00:00:00','0.00'),('6524','695','Punteras n* 48','0.00','0.00','0','N','0.0000','0','0','0','','0000-00-00 00:00:00','','0000-00-00 00:00:00','0.00'),('6529','696','Rodamiento 30204','0.00','0.00','0','N','17.0000','0','0','0','','0000-00-00 00:00:00','','0000-00-00 00:00:00','0.00'),('6530','697','Union p/cadena 2060  c/ perno','0.00','0.00','0','N','0.0000','0','0','0','','0000-00-00 00:00:00','','0000-00-00 00:00:00','0.00'),('6665','698','Roto martillo KD1250K Black/ Decker','0.00','0.00','0','N','0.0000','0','0','0','','0000-00-00 00:00:00','','0000-00-00 00:00:00','0.00'),('6669','699','HidrolavadoraKRK 254 -110bar -(KACHERR)','0.00','0.00','0','N','0.0000','0','0','0','','0000-00-00 00:00:00','','0000-00-00 00:00:00','0.00'),('6688','700','Tapon macho de 3/4','0.00','0.00','0','N','0.0000','0','0','0','','0000-00-00 00:00:00','','0000-00-00 00:00:00','0.00'),('6689','701','Tapon hembra','0.00','0.00','0','N','0.0000','0','0','0','','0000-00-00 00:00:00','','0000-00-00 00:00:00','0.00'),('6720','702','Rack APS netshelter sv 42u','0.00','0.00','0','N','0.0000','0','0','0','','0000-00-00 00:00:00','','0000-00-00 00:00:00','0.00'),('6727','703','\"Madera de quina  5x4','5.00','0.00','0','','0.0000','0','0','0','','0000-00-00 00:00:00','','0000-00-00 00:00:00','0.00'),('6944','704','Maza acero diametro 25 mm','0.00','0.00','0','N','0.0000','0','0','0','','0000-00-00 00:00:00','','0000-00-00 00:00:00','0.00'),('7040','705','rifle aire comprimido','0.00','0.00','0','N','0.0000','0','0','0','','0000-00-00 00:00:00','','0000-00-00 00:00:00','0.00'),('7100','706','lampara 12v -5w-luz alta CTA','0.00','0.00','0','N','0.0000','0','0','0','','0000-00-00 00:00:00','','0000-00-00 00:00:00','0.00'),('7110','707','gabinete 231x164x115 9 modulos','0.00','0.00','0','N','0.0000','0','0','0','','0000-00-00 00:00:00','','0000-00-00 00:00:00','0.00'),('7200','708','tuerca 5/8','0.00','0.00','0','N','0.0000','0','0','0','','0000-00-00 00:00:00','','0000-00-00 00:00:00','0.00'),('7201','709','pintura sintetico blanco','0.00','0.00','0','N','0.0000','0','0','0','','0000-00-00 00:00:00','','0000-00-00 00:00:00','0.00'),('7202','710','tornillocab tanque 1/4 x3´´','0.00','0.00','0','N','0.0000','0','0','0','','0000-00-00 00:00:00','','0000-00-00 00:00:00','0.00'),('7237','711','Aceite de lino','0.00','0.00','0','N','0.0000','0','0','0','','0000-00-00 00:00:00','','0000-00-00 00:00:00','0.00'),('7238','712','Tuerca 1/4','0.00','0.00','0','N','0.0000','0','0','0','','0000-00-00 00:00:00','','0000-00-00 00:00:00','0.00'),('7239','713','Arandela 1/4','0.00','0.00','0','N','0.0000','0','0','0','','0000-00-00 00:00:00','','0000-00-00 00:00:00','0.00'),('7243','714','\"carton amiento 0','5.00','0.00','0','','0.0000','0','0','0','','0000-00-00 00:00:00','','0000-00-00 00:00:00','0.00'),('7244','715','valvula split 1/4','0.00','0.00','0','N','0.0000','0','0','0','','0000-00-00 00:00:00','','0000-00-00 00:00:00','0.00'),('7245','716','valvula split 1/2','0.00','0.00','0','N','0.0000','0','0','0','','0000-00-00 00:00:00','','0000-00-00 00:00:00','0.00'),('7246','717','union 1/2 en bronce','0.00','0.00','0','N','0.0000','0','0','0','','0000-00-00 00:00:00','','0000-00-00 00:00:00','0.00'),('7247','718','tuerca 1/2 bronce trfilada','0.00','0.00','0','N','0.0000','0','0','0','','0000-00-00 00:00:00','','0000-00-00 00:00:00','0.00'),('7248','719','flux p/ soldar 100 ml','0.00','0.00','0','N','0.0000','0','0','0','','0000-00-00 00:00:00','','0000-00-00 00:00:00','0.00'),('7249','720','tuerca 1/4 bronce trafilado','0.00','0.00','0','N','0.0000','0','0','0','','0000-00-00 00:00:00','','0000-00-00 00:00:00','0.00'),('7258','721','varilla plata Harris','0.00','0.00','0','N','0.0000','0','0','0','','0000-00-00 00:00:00','','0000-00-00 00:00:00','0.00'),('7261','722','bulones completo 5/16','0.00','0.00','0','N','0.0000','0','0','0','','0000-00-00 00:00:00','','0000-00-00 00:00:00','0.00'),('7278','723','bulones completo 3/8','0.00','0.00','0','N','0.0000','0','0','0','','0000-00-00 00:00:00','','0000-00-00 00:00:00','0.00'),('7293','724','cable tipo taller 2x4','0.00','0.00','0','N','0.0000','0','0','0','','0000-00-00 00:00:00','','0000-00-00 00:00:00','0.00'),('7294','725','formon 10-mm','0.00','0.00','0','N','0.0000','0','0','0','','0000-00-00 00:00:00','','0000-00-00 00:00:00','0.00'),('7295','726','estañolinen blister','0.00','0.00','0','N','0.0000','0','0','0','','0000-00-00 00:00:00','','0000-00-00 00:00:00','0.00'),('7305','727','Hierro trafilado de 13 mm','0.00','0.00','0','N','0.0000','0','0','0','','0000-00-00 00:00:00','','0000-00-00 00:00:00','0.00'),('7311','728','\"hierro estructural 30x50x1','6.00','0.00','0','','0.0000','0','0','0','','0000-00-00 00:00:00','','0000-00-00 00:00:00','0.00'),('7312','729','\"hierro estructural 30x30x1','6.00','0.00','0','','0.0000','0','0','0','','0000-00-00 00:00:00','','0000-00-00 00:00:00','0.00'),('7313','730','\"hierro estructural 40x40x1','6.00','0.00','0','','0.0000','0','0','0','','0000-00-00 00:00:00','','0000-00-00 00:00:00','0.00'),('7314','731','pintura verde oscuro N*1818','0.00','0.00','0','N','0.0000','0','0','0','','0000-00-00 00:00:00','','0000-00-00 00:00:00','0.00'),('7315','732','pintura verde claro  C N*1942','0.00','0.00','0','N','0.0000','0','0','0','','0000-00-00 00:00:00','','0000-00-00 00:00:00','0.00'),('7316','733','respuesto tricheta N*9','0.00','0.00','0','N','0.0000','0','0','0','','0000-00-00 00:00:00','','0000-00-00 00:00:00','0.00'),('7317','734','tuerca de 1/2','0.00','0.00','0','N','0.0000','0','0','0','','0000-00-00 00:00:00','','0000-00-00 00:00:00','0.00'),('7327','735','varilla roscada de 1p','0.00','0.00','0','N','0.0000','0','0','0','','0000-00-00 00:00:00','','0000-00-00 00:00:00','0.00'),('7328','736','varilla roscada de 1/2','0.00','0.00','0','N','0.0000','0','0','0','','0000-00-00 00:00:00','','0000-00-00 00:00:00','0.00'),('7329','737','tuerca de 1p','0.00','0.00','0','N','0.0000','0','0','0','','0000-00-00 00:00:00','','0000-00-00 00:00:00','0.00'),('7341','738','cadena n+ 50 ancla','0.00','0.00','0','N','0.0000','0','0','0','','0000-00-00 00:00:00','','0000-00-00 00:00:00','0.00'),('7342','739','angulo 1 1/4 x3/16','0.00','0.00','0','N','0.0000','0','0','0','','0000-00-00 00:00:00','','0000-00-00 00:00:00','0.00'),('7343','740','soporte A/AC 380x420','0.00','0.00','0','N','0.0000','0','0','0','','0000-00-00 00:00:00','','0000-00-00 00:00:00','0.00'),('7348','741','tirafondo 3/16 x21','0.00','0.00','0','N','0.0000','0','0','0','','0000-00-00 00:00:00','','0000-00-00 00:00:00','0.00'),('7349','742','tirafondo 1/4 x21','0.00','0.00','0','N','0.0000','0','0','0','','0000-00-00 00:00:00','','0000-00-00 00:00:00','0.00'),('7350','743','\"cable unipolar de 2','5.00','0.00','0','','0.0000','0','0','0','','0000-00-00 00:00:00','','0000-00-00 00:00:00','0.00'),('7377','744','antioxido vario','0.00','0.00','0','N','0.0000','0','0','0','','0000-00-00 00:00:00','','0000-00-00 00:00:00','0.00'),('7378','745','soldador p estaño','0.00','0.00','0','N','0.0000','0','0','0','','0000-00-00 00:00:00','','0000-00-00 00:00:00','0.00'),('7388','746','lectoraHoney Well 3310 N*1419B3122/3','0.00','0.00','0','N','0.0000','0','0','0','','0000-00-00 00:00:00','','0000-00-00 00:00:00','0.00'),('7390','747','impresora termica sato CG4 N*4F201357','0.00','0.00','0','N','0.0000','0','0','0','','0000-00-00 00:00:00','','0000-00-00 00:00:00','0.00'),('7391','748','Lokers usado  p/ finca','0.00','0.00','0','N','0.0000','0','0','0','','0000-00-00 00:00:00','','0000-00-00 00:00:00','0.00'),('7392','749','reten 5200 60-80-10','0.00','0.00','0','N','19.0000','0','0','0','','0000-00-00 00:00:00','','0000-00-00 00:00:00','0.00'),('7393','750','Reten 6703','0.00','0.00','0','N','0.0000','0','0','0','','0000-00-00 00:00:00','','0000-00-00 00:00:00','0.00'),('7394','751','Reten 7293','0.00','0.00','0','N','0.0000','0','0','0','','0000-00-00 00:00:00','','0000-00-00 00:00:00','0.00'),('7395','752','Reten 5031','0.00','0.00','0','N','0.0000','0','0','0','','0000-00-00 00:00:00','','0000-00-00 00:00:00','0.00'),('7396','753','Reten 5276','0.00','0.00','0','N','0.0000','0','0','0','','0000-00-00 00:00:00','','0000-00-00 00:00:00','0.00'),('7397','754','Reten 5282','0.00','0.00','0','N','0.0000','0','0','0','','0000-00-00 00:00:00','','0000-00-00 00:00:00','0.00'),('7398','755','Reten 5234','0.00','0.00','0','N','0.0000','0','0','0','','0000-00-00 00:00:00','','0000-00-00 00:00:00','0.00'),('7399','756','Reten 10393','0.00','0.00','0','N','0.0000','0','0','0','','0000-00-00 00:00:00','','0000-00-00 00:00:00','0.00'),('7400','757','Reten 5305','0.00','0.00','0','N','0.0000','0','0','0','','0000-00-00 00:00:00','','0000-00-00 00:00:00','0.00'),('7401','758','Reten 5029','0.00','0.00','0','N','0.0000','0','0','0','','0000-00-00 00:00:00','','0000-00-00 00:00:00','0.00'),('7402','759','reten 5234','0.00','0.00','0','N','0.0000','0','0','0','','0000-00-00 00:00:00','','0000-00-00 00:00:00','0.00'),('7445','760','recistencia C/m.m.30W 24 v','0.00','0.00','0','N','0.0000','0','0','0','','0000-00-00 00:00:00','','0000-00-00 00:00:00','0.00'),('7454','761','manijon de 30 cm  p/blindex','0.00','0.00','0','N','0.0000','0','0','0','','0000-00-00 00:00:00','','0000-00-00 00:00:00','0.00'),('7501','762','desangrasante forte','0.00','0.00','0','N','0.0000','0','0','0','','0000-00-00 00:00:00','','0000-00-00 00:00:00','0.00'),('7502','763','palas de plastica c/ cabo','0.00','0.00','0','N','0.0000','0','0','0','','0000-00-00 00:00:00','','0000-00-00 00:00:00','0.00'),('7516','764','ARGON X M3','0.00','0.00','0','N','6.0000','0','0','0','','0000-00-00 00:00:00','','0000-00-00 00:00:00','0.00'),('7521','765','RODAMIENTOS 30319','0.00','0.00','0','N','0.0000','0','0','0','','0000-00-00 00:00:00','','0000-00-00 00:00:00','0.00'),('7525','766','reten 5574','0.00','0.00','0','N','0.0000','0','0','0','','0000-00-00 00:00:00','','0000-00-00 00:00:00','0.00'),('7526','767','arandela MB-19','0.00','0.00','0','N','0.0000','0','0','0','','0000-00-00 00:00:00','','0000-00-00 00:00:00','0.00'),('7527','768','tuerca KM-19','0.00','0.00','0','N','0.0000','0','0','0','','0000-00-00 00:00:00','','0000-00-00 00:00:00','0.00'),('7534','769','separador de aceite XFB 5304 1 1/8','0.00','0.00','0','N','0.0000','0','0','0','','0000-00-00 00:00:00','','0000-00-00 00:00:00','0.00'),('7535','770','Filtro nucleo bluestar XF /xd48','0.00','0.00','0','N','0.0000','0','0','0','','0000-00-00 00:00:00','','0000-00-00 00:00:00','0.00'),('7536','771','inibidor corrosion x20 ltrs','0.00','0.00','0','N','0.0000','0','0','0','','0000-00-00 00:00:00','','0000-00-00 00:00:00','0.00'),('7537','772','Aceite P/R 404 A','0.00','0.00','0','N','0.0000','0','0','0','','0000-00-00 00:00:00','','0000-00-00 00:00:00','0.00'),('7538','773','Reel FF weg','0.00','0.00','0','N','0.0000','0','0','0','','0000-00-00 00:00:00','','0000-00-00 00:00:00','0.00'),('7539','774','Valbulas A3 C/doble union d/21','0.00','0.00','0','N','0.0000','0','0','0','','0000-00-00 00:00:00','','0000-00-00 00:00:00','0.00'),('7543','775','Antiescrutante NAT OR 12','0.00','0.00','0','N','0.0000','0','0','0','','0000-00-00 00:00:00','','0000-00-00 00:00:00','0.00'),('7544','776','Microfiltro INQ 10-45-50-E','0.00','0.00','0','N','0.0000','0','0','0','','0000-00-00 00:00:00','','0000-00-00 00:00:00','0.00'),('7568','777','Impresora termica sato CL4N M* 4F033245','0.00','0.00','0','N','0.0000','0','0','0','','0000-00-00 00:00:00','','0000-00-00 00:00:00','0.00'),('7577','778','garrafas r404 bluestar','0.00','0.00','0','N','0.0000','0','0','0','','0000-00-00 00:00:00','','0000-00-00 00:00:00','0.00'),('7578','779','ventilador emb 1570 w/685 rpm','0.00','0.00','0','N','0.0000','0','0','0','','0000-00-00 00:00:00','','0000-00-00 00:00:00','0.00'),('7582','780','bomba de vacio','0.00','0.00','0','N','0.0000','0','0','0','','0000-00-00 00:00:00','','0000-00-00 00:00:00','0.00'),('7598','781','escobillon 30 cm','0.00','0.00','0','N','0.0000','0','0','0','','0000-00-00 00:00:00','','0000-00-00 00:00:00','0.00'),('7600','782','cabo metalico p/ escobas','0.00','0.00','0','N','0.0000','0','0','0','','0000-00-00 00:00:00','','0000-00-00 00:00:00','0.00'),('7607','783','rodamiento 6306-2zr.c4','0.00','0.00','0','N','0.0000','0','0','0','','0000-00-00 00:00:00','','0000-00-00 00:00:00','0.00'),('7616','784','rodamiento 6307 2z','0.00','0.00','0','N','0.0000','0','0','0','','0000-00-00 00:00:00','','0000-00-00 00:00:00','0.00'),('7619','785','rodamiento 6308-2zr','0.00','0.00','0','N','0.0000','0','0','0','','0000-00-00 00:00:00','','0000-00-00 00:00:00','0.00'),('7624','786','rodamiento 6305','0.00','0.00','0','N','0.0000','0','0','0','','0000-00-00 00:00:00','','0000-00-00 00:00:00','0.00'),('7629','787','rodamiento 6305 2zc3','0.00','0.00','0','N','0.0000','0','0','0','','0000-00-00 00:00:00','','0000-00-00 00:00:00','0.00'),('7632','788','rodamiento 6304z','0.00','0.00','0','N','0.0000','0','0','0','','0000-00-00 00:00:00','','0000-00-00 00:00:00','0.00'),('7635','789','rodamiento 6305z','0.00','0.00','0','N','0.0000','0','0','0','','0000-00-00 00:00:00','','0000-00-00 00:00:00','0.00'),('7640','790','rodamiento 2207','0.00','0.00','0','N','0.0000','0','0','0','','0000-00-00 00:00:00','','0000-00-00 00:00:00','0.00'),('7643','791','rodamiento 22209','0.00','0.00','0','N','0.0000','0','0','0','','0000-00-00 00:00:00','','0000-00-00 00:00:00','0.00'),('7659','792','rodamiento 6209 2z/c3','0.00','0.00','0','N','0.0000','0','0','0','','0000-00-00 00:00:00','','0000-00-00 00:00:00','0.00'),('7662','793','rodamiento 1308  kc3','0.00','0.00','0','N','0.0000','0','0','0','','0000-00-00 00:00:00','','0000-00-00 00:00:00','0.00'),('7668','794','rodamiento posb 12 iko','0.00','0.00','0','N','0.0000','0','0','0','','0000-00-00 00:00:00','','0000-00-00 00:00:00','0.00'),('7671','795','rodamiento  nj  2208','0.00','0.00','0','N','0.0000','0','0','0','','0000-00-00 00:00:00','','0000-00-00 00:00:00','0.00'),('7674','796','rodillo 76x240 mm p/sujetar lata rodajalimon','0.00','0.00','0','N','0.0000','0','0','0','','0000-00-00 00:00:00','','0000-00-00 00:00:00','0.00'),('7677','797','fabricasion pata sujecion tapa lata','0.00','0.00','0','N','0.0000','0','0','0','','0000-00-00 00:00:00','','0000-00-00 00:00:00','0.00'),('7681','798','fabricasion planchuela sujeccion rodillo cerrador lata','0.00','0.00','0','N','0.0000','0','0','0','','0000-00-00 00:00:00','','0000-00-00 00:00:00','0.00'),('7684','799','co85 gy correas goodyear lisas','0.00','0.00','0','N','0.0000','0','0','0','','0000-00-00 00:00:00','','0000-00-00 00:00:00','0.00'),('7687','800','\"bo51m 4','0.00','0.00','0','','0.0000','0','0','0','','0000-00-00 00:00:00','','0000-00-00 00:00:00','0.00'),('7689','801','\"ao48m 1','0.00','0.00','0','','0.0000','0','0','0','','0000-00-00 00:00:00','','0000-00-00 00:00:00','0.00'),('7691','802','\"c064m 3','0.00','0.00','0','','0.0000','0','0','0','','0000-00-00 00:00:00','','0000-00-00 00:00:00','0.00'),('7693','803','\"b047m 4','0.00','0.00','0','','0.0000','0','0','0','','0000-00-00 00:00:00','','0000-00-00 00:00:00','0.00'),('7695','804','\"b056m 3','0.00','0.00','0','','0.0000','0','0','0','','0000-00-00 00:00:00','','0000-00-00 00:00:00','0.00'),('7697','805','\"b037m 2','0.00','0.00','0','','0.0000','0','0','0','','0000-00-00 00:00:00','','0000-00-00 00:00:00','0.00'),('7702','806','\"b046m 3','0.00','0.00','0','','0.0000','0','0','0','','0000-00-00 00:00:00','','0000-00-00 00:00:00','0.00'),('7709','807','rodamiento 32206 j2/q','0.00','0.00','0','N','0.0000','0','0','0','','0000-00-00 00:00:00','','0000-00-00 00:00:00','0.00'),('7712','808','rodamiento 32207 j2/q','0.00','0.00','0','N','0.0000','0','0','0','','0000-00-00 00:00:00','','0000-00-00 00:00:00','0.00'),('7716','809','rodamiento 6309-2rs1','0.00','0.00','0','N','0.0000','0','0','0','','0000-00-00 00:00:00','','0000-00-00 00:00:00','0.00'),('7766','810','propilenglicol grado alimenticio tambore p/200 lts','0.00','0.00','0','N','0.0000','0','0','0','','0000-00-00 00:00:00','','0000-00-00 00:00:00','0.00'),('7774','811','bulones inx 5/16 x 1*','0.00','0.00','0','N','0.0000','0','0','0','','0000-00-00 00:00:00','','0000-00-00 00:00:00','0.00'),('7775','812','arandelas plana inx 3/8','0.00','0.00','0','N','0.0000','0','0','0','','0000-00-00 00:00:00','','0000-00-00 00:00:00','0.00'),('7776','813','arandela grower 5/16','0.00','0.00','0','N','0.0000','0','0','0','','0000-00-00 00:00:00','','0000-00-00 00:00:00','0.00'),('7782','814','reten 6811','0.00','0.00','0','N','0.0000','0','0','0','','0000-00-00 00:00:00','','0000-00-00 00:00:00','0.00'),('7786','815','Maya resistencia ciliconada','0.00','0.00','0','N','0.0000','0','0','0','','0000-00-00 00:00:00','','0000-00-00 00:00:00','0.00'),('7787','816','','0.00','0.00','0','N','0.0000','0','0','0','','0000-00-00 00:00:00','','0000-00-00 00:00:00','0.00'),('7791','817','','0.00','0.00','0','N','0.0000','0','0','0','','0000-00-00 00:00:00','','0000-00-00 00:00:00','0.00'),('7792','818','','0.00','0.00','0','N','0.0000','0','0','0','','0000-00-00 00:00:00','','0000-00-00 00:00:00','0.00'),('7827','819','aceitera de P.V.C de 250cc','0.00','0.00','0','N','0.0000','0','0','0','','0000-00-00 00:00:00','','0000-00-00 00:00:00','0.00'),('7828','820','destornillador philips','0.00','0.00','0','N','0.0000','0','0','0','','0000-00-00 00:00:00','','0000-00-00 00:00:00','0.00'),('7836','821','mecha  A.R 5 mm','0.00','0.00','0','N','0.0000','0','0','0','','0000-00-00 00:00:00','','0000-00-00 00:00:00','0.00'),('7855','822','\"ELECTRODO INOX  2','60.00','0.00','0','','0.0000','0','0','0','','0000-00-00 00:00:00','','0000-00-00 00:00:00','0.00'),('7856','823','SEGURO SEGUER N* 95','0.00','0.00','0','N','0.0000','0','0','0','','0000-00-00 00:00:00','','0000-00-00 00:00:00','0.00'),('7860','824','BARRS P/CHAVETAS 10X 8 MM','0.00','0.00','0','N','0.0000','0','0','0','','0000-00-00 00:00:00','','0000-00-00 00:00:00','0.00'),('7868','825','PINTURA LATEX BLANCO X20 L','0.00','0.00','0','N','0.0000','0','0','0','','0000-00-00 00:00:00','','0000-00-00 00:00:00','0.00'),('7901','826','tapa hembra 2* inx','0.00','0.00','0','N','0.0000','0','0','0','','0000-00-00 00:00:00','','0000-00-00 00:00:00','0.00'),('7902','827','manguito roscado 75/90 x 2 jp inx','0.00','0.00','0','N','0.0000','0','0','0','','0000-00-00 00:00:00','','0000-00-00 00:00:00','0.00'),('7903','828','codo 90º 75 mm jp inx','0.00','0.00','0','N','0.0000','0','0','0','','0000-00-00 00:00:00','','0000-00-00 00:00:00','0.00'),('7908','829','bujes red corto 75x63mm jp inx','0.00','0.00','0','N','0.0000','0','0','0','','0000-00-00 00:00:00','','0000-00-00 00:00:00','0.00'),('7911','830','\"fusible hh reprel 12','2.00','0.00','0','','0.0000','0','0','0','','0000-00-00 00:00:00','','0000-00-00 00:00:00','0.00'),('7915','831','contactor trif 32A 1na+1nc','0.00','0.00','0','N','0.0000','0','0','0','','0000-00-00 00:00:00','','0000-00-00 00:00:00','0.00'),('7916','832','auxiliar contactor 1na+nc p/lc1d','0.00','0.00','0','N','0.0000','0','0','0','','0000-00-00 00:00:00','','0000-00-00 00:00:00','0.00'),('7922','833','lampara mercurio halg HQI x400','0.00','0.00','0','N','0.0000','0','0','0','','0000-00-00 00:00:00','','0000-00-00 00:00:00','0.00'),('7924','834','Codo 90º Hierro negro RL liviano 3p*','0.00','0.00','0','N','0.0000','0','0','0','','0000-00-00 00:00:00','','0000-00-00 00:00:00','0.00'),('7925','835','Brida hierro negro 3p*  4 agujero','0.00','0.00','0','N','0.0000','0','0','0','','0000-00-00 00:00:00','','0000-00-00 00:00:00','0.00'),('7946','836','Toallas Precort.Beige 20x36x2500u','0.00','0.00','0','N','0.0000','0','0','0','','0000-00-00 00:00:00','','0000-00-00 00:00:00','0.00'),('7949','837','Vering SFK','0.00','0.00','0','N','0.0000','0','0','0','','0000-00-00 00:00:00','','0000-00-00 00:00:00','0.00'),('7950','838','\"Guardamotor 2','8.00','0.00','0','','0.0000','0','0','0','','0000-00-00 00:00:00','','0000-00-00 00:00:00','0.00'),('7970','839','Guardamotor 7-10A 3RV1011-1JA10 siemens','0.00','0.00','0','N','0.0000','0','0','0','','0000-00-00 00:00:00','','0000-00-00 00:00:00','0.00'),('7971','840','Guardamotor 17-22A 3RV1021-4CA10 siemens','0.00','0.00','0','N','0.0000','0','0','0','','0000-00-00 00:00:00','','0000-00-00 00:00:00','0.00'),('7972','841','Lampara Sodio nav-t 400W E40 3y OSR','0.00','0.00','0','N','0.0000','0','0','0','','0000-00-00 00:00:00','','0000-00-00 00:00:00','0.00'),('7989','842','Cerradura 1020  TRABEX','0.00','0.00','0','N','0.0000','0','0','0','','0000-00-00 00:00:00','','0000-00-00 00:00:00','0.00'),('7993','843','Pintura Latex x10L Negro \"EXT\"Emapi','0.00','0.00','0','N','0.0000','0','0','0','','0000-00-00 00:00:00','','0000-00-00 00:00:00','0.00'),('8001','844','Bisagra Ficha P/Soldar 60A/C','0.00','0.00','0','N','0.0000','0','0','0','','0000-00-00 00:00:00','','0000-00-00 00:00:00','0.00'),('8002','845','Bisagra Ficha P/Soldar 80 A/C','0.00','0.00','0','N','0.0000','0','0','0','','0000-00-00 00:00:00','','0000-00-00 00:00:00','0.00'),('8006','846','Adhesivo de Cont.Fortex x 1L','0.00','0.00','0','N','0.0000','0','0','0','','0000-00-00 00:00:00','','0000-00-00 00:00:00','0.00'),('8010','847','Remachadora Gardex','0.00','0.00','0','N','0.0000','0','0','0','','0000-00-00 00:00:00','','0000-00-00 00:00:00','0.00'),('8011','848','Viruta Mediana','0.00','0.00','0','N','0.0000','0','0','0','','0000-00-00 00:00:00','','0000-00-00 00:00:00','0.00'),('8021','849','Poxi-ram','0.00','0.00','0','N','0.0000','0','0','0','','0000-00-00 00:00:00','','0000-00-00 00:00:00','0.00'),('8026','850','Convertidor Grisol ox Brillo 900cc','0.00','0.00','0','N','0.0000','0','0','0','','0000-00-00 00:00:00','','0000-00-00 00:00:00','0.00'),('8039','851','Tapon Macho 4\"','0.00','0.00','0','N','0.0000','0','0','0','','0000-00-00 00:00:00','','0000-00-00 00:00:00','0.00'),('8045','852','Carbon p/Amoladora','0.00','0.00','0','N','0.0000','0','0','0','','0000-00-00 00:00:00','','0000-00-00 00:00:00','0.00'),('8054','853','Grifo Sacamuestra RW 1/2\" 304L','0.00','0.00','0','N','0.0000','0','0','0','','0000-00-00 00:00:00','','0000-00-00 00:00:00','0.00'),('8055','854','Cupla Caño 1/2\" Serie 150304','0.00','0.00','0','N','0.0000','0','0','0','','0000-00-00 00:00:00','','0000-00-00 00:00:00','0.00'),('8071','855','Bolsa Residuo 90X120cm','0.00','0.00','0','N','0.0000','0','0','0','','0000-00-00 00:00:00','','0000-00-00 00:00:00','0.00'),('8076','856','Gab.Polip Color Azul 297x284x150','0.00','0.00','0','N','0.0000','0','0','0','','0000-00-00 00:00:00','','0000-00-00 00:00:00','0.00'),('8077','857','Int.Termomag K60 3x16A Curva C','0.00','0.00','0','N','0.0000','0','0','0','','0000-00-00 00:00:00','','0000-00-00 00:00:00','0.00'),('8078','858','Int Termomag K60 4X32A Curva C','0.00','0.00','0','N','0.0000','0','0','0','','0000-00-00 00:00:00','','0000-00-00 00:00:00','0.00'),('8079','859','Contactor 220VCA 50/60Hz 12A','0.00','0.00','0','N','0.0000','0','0','0','','0000-00-00 00:00:00','','0000-00-00 00:00:00','0.00'),('8080','860','Caja Capsulada p/base 32Amp','0.00','0.00','0','N','0.0000','0','0','0','','0000-00-00 00:00:00','','0000-00-00 00:00:00','0.00'),('8081','861','Lampara V  sodio 400w E40','0.00','0.00','0','N','0.0000','0','0','0','','0000-00-00 00:00:00','','0000-00-00 00:00:00','0.00'),('8082','862','Lampara B 65w865 E27','0.00','0.00','0','N','0.0000','0','0','0','','0000-00-00 00:00:00','','0000-00-00 00:00:00','0.00'),('8092','863','Caja Caps.Combinada c/Toma A t azul','0.00','0.00','0','N','0.0000','0','0','0','','0000-00-00 00:00:00','','0000-00-00 00:00:00','0.00'),('8093','864','Tubo Fluorecente Master TL-D 36w/865','0.00','0.00','0','N','0.0000','0','0','0','','0000-00-00 00:00:00','','0000-00-00 00:00:00','0.00'),('8094','865','Base Ind 3x32AMP+tierra','0.00','0.00','0','N','0.0000','0','0','0','','0000-00-00 00:00:00','','0000-00-00 00:00:00','0.00'),('8095','866','Borne p/Cable Flexible Rigido 4/6mm2/32A/800VAC','0.00','0.00','0','N','0.0000','0','0','0','','0000-00-00 00:00:00','','0000-00-00 00:00:00','0.00'),('8096','867','Gabinete Estanco 450x600x300','0.00','0.00','0','N','0.0000','0','0','0','','0000-00-00 00:00:00','','0000-00-00 00:00:00','0.00'),('8097','868','Contactor Trip 38A 1NA+1NC 220VCA 50/60Hz','0.00','0.00','0','N','0.0000','0','0','0','','0000-00-00 00:00:00','','0000-00-00 00:00:00','0.00'),('8109','869','Arg. Art. Marea 236','0.00','0.00','0','N','0.0000','0','0','0','','0000-00-00 00:00:00','','0000-00-00 00:00:00','0.00'),('8129','870','Tubo de PVC J/ Esltca 110 CL6','0.00','0.00','0','N','0.0000','0','0','0','','0000-00-00 00:00:00','','0000-00-00 00:00:00','0.00'),('8132','871','Bomba dosificsdoras mileniun 130 dasivac','0.00','0.00','0','N','0.0000','0','0','0','','0000-00-00 00:00:00','','0000-00-00 00:00:00','0.00'),('8139','872','Cal Hidratada','0.00','0.00','0','N','0.0000','0','0','0','','0000-00-00 00:00:00','','0000-00-00 00:00:00','0.00'),('8146','873','Manguera PVC cristal 8x12','0.00','0.00','0','N','0.0000','0','0','0','','0000-00-00 00:00:00','','0000-00-00 00:00:00','0.00'),('8154','874','Manguera Presion/roja 8 x mt','0.00','0.00','0','N','0.0000','0','0','0','','0000-00-00 00:00:00','','0000-00-00 00:00:00','0.00'),('8155','875','Tubo Plastico Pun 8x1 25','0.00','0.00','0','N','0.0000','0','0','0','','0000-00-00 00:00:00','','0000-00-00 00:00:00','0.00'),('8156','876','Union Doble p/Manguera 6MM','0.00','0.00','0','N','0.0000','0','0','0','','0000-00-00 00:00:00','','0000-00-00 00:00:00','0.00'),('8157','877','Maza Normal Gummi mod.A-35','0.00','0.00','0','N','0.0000','0','0','0','','0000-00-00 00:00:00','','0000-00-00 00:00:00','0.00'),('8177','878','Rodamiento n 6811 SAV','0.00','0.00','0','N','0.0000','0','0','0','','0000-00-00 00:00:00','','0000-00-00 00:00:00','0.00'),('8178','879','Rodamiento N 5177 SAV','0.00','0.00','0','N','0.0000','0','0','0','','0000-00-00 00:00:00','','0000-00-00 00:00:00','0.00'),('8184','880','Tornillo p/madera Fixer Dorado 5x45 c/u','0.00','0.00','0','N','0.0000','0','0','0','','0000-00-00 00:00:00','','0000-00-00 00:00:00','0.00'),('8191','881','\"Tirafondo Zinc Azul 5/16x2','1.00','0.00','0','','0.0000','0','0','0','','0000-00-00 00:00:00','','0000-00-00 00:00:00','0.00'),('8198','882','Grampa p/caño tipo omega 1 1/4','0.00','0.00','0','N','0.0000','0','0','0','','0000-00-00 00:00:00','','0000-00-00 00:00:00','0.00'),('8202','883','Union en T ost 6 festo','0.00','0.00','0','N','0.0000','0','0','0','','0000-00-00 00:00:00','','0000-00-00 00:00:00','0.00'),('8203','884','Sintetico Carrocerias Opticas','0.00','0.00','0','N','0.0000','0','0','0','','0000-00-00 00:00:00','','0000-00-00 00:00:00','0.00'),('8207','885','Compresor 100lts Monofasico Fema','0.00','0.00','0','N','0.0000','0','0','0','','0000-00-00 00:00:00','','0000-00-00 00:00:00','0.00'),('8209','886','Manguera Presion Roja 10xmt','0.00','0.00','0','N','0.0000','0','0','0','','0000-00-00 00:00:00','','0000-00-00 00:00:00','0.00'),('8212','887','Racord c/rosca Macho 3/8','0.00','0.00','0','N','0.0000','0','0','0','','0000-00-00 00:00:00','','0000-00-00 00:00:00','0.00'),('8213','888','Racord c/rosca Macho 1/2','0.00','0.00','0','N','0.0000','0','0','0','','0000-00-00 00:00:00','','0000-00-00 00:00:00','0.00'),('8214','889','Cupla Acero 1/2','0.00','0.00','0','N','0.0000','0','0','0','','0000-00-00 00:00:00','','0000-00-00 00:00:00','0.00'),('8222','890','\"Caño Redondo Pulido Exterior 50','8.00','5.00','4','','0.0000','0','0','0','','0000-00-00 00:00:00','','0000-00-00 00:00:00','0.00'),('8226','891','Manguito Roscado Para soldar Danesa 2\" 304L','0.00','0.00','0','N','0.0000','0','0','0','','0000-00-00 00:00:00','','0000-00-00 00:00:00','0.00'),('8227','892','Junta Danesa 2\" Acrilo Nit','0.00','0.00','0','N','0.0000','0','0','0','','0000-00-00 00:00:00','','0000-00-00 00:00:00','0.00'),('8228','893','Tuerca Danesa 2\" 304l','0.00','0.00','0','N','0.0000','0','0','0','','0000-00-00 00:00:00','','0000-00-00 00:00:00','0.00'),('8229','894','Valvula esferica Paso total 1 1/2\" 316','0.00','0.00','0','N','0.0000','0','0','0','','0000-00-00 00:00:00','','0000-00-00 00:00:00','0.00'),('8230','895','Niple con costura Rosca 2\"','0.00','0.00','0','N','0.0000','0','0','0','','0000-00-00 00:00:00','','0000-00-00 00:00:00','0.00'),('8245','896','Aguarras','0.00','0.00','0','N','0.0000','0','0','0','','0000-00-00 00:00:00','','0000-00-00 00:00:00','0.00'),('8248','897','Rodillos epoxi 8','0.00','0.00','0','N','0.0000','0','0','0','','0000-00-00 00:00:00','','0000-00-00 00:00:00','0.00'),('8255','898','manguera Yaco 25mm','0.00','0.00','0','N','0.0000','0','0','0','','0000-00-00 00:00:00','','0000-00-00 00:00:00','0.00'),('8266','899','franela 38x38','0.00','0.00','0','N','0.0000','0','0','0','','0000-00-00 00:00:00','','0000-00-00 00:00:00','0.00'),('8267','900','Rejillas L Coches','0.00','0.00','0','N','0.0000','0','0','0','','0000-00-00 00:00:00','','0000-00-00 00:00:00','0.00'),('8268','901','Alcohol Gel','0.00','0.00','0','N','0.0000','0','0','0','','0000-00-00 00:00:00','','0000-00-00 00:00:00','0.00'),('8269','902',' Paño ballerina','0.00','0.00','0','N','0.0000','0','0','0','','0000-00-00 00:00:00','','0000-00-00 00:00:00','0.00'),('8275','903','Espoja fibra','0.00','0.00','0','N','0.0000','0','0','0','','0000-00-00 00:00:00','','0000-00-00 00:00:00','0.00'),('8279','904',' LLave gancho 1 a 4','0.00','0.00','0','N','0.0000','0','0','0','','0000-00-00 00:00:00','','0000-00-00 00:00:00','0.00'),('8280','905','Llave Union Doble danesa 1\" a 4\" 304','0.00','0.00','0','N','0.0000','0','0','0','','0000-00-00 00:00:00','','0000-00-00 00:00:00','0.00'),('8281','906','Fuente GK420 p/ Maquina Zebra','0.00','0.00','0','N','0.0000','0','0','0','','0000-00-00 00:00:00','','0000-00-00 00:00:00','0.00'),('8288','907','Ronquera 1/4','0.00','0.00','0','N','0.0000','0','0','0','','0000-00-00 00:00:00','','0000-00-00 00:00:00','0.00'),('8293','908','Guias Acero Inox. 304','0.00','0.00','0','N','0.0000','0','0','0','','0000-00-00 00:00:00','','0000-00-00 00:00:00','0.00'),('8294','909','Chapas Perforadas de 785x510 Perforada ø 10mm','0.00','0.00','0','N','0.0000','0','0','0','','0000-00-00 00:00:00','','0000-00-00 00:00:00','0.00'),('8295','910','Chapas Perforadas de 785x510 Perforada ø 3mm','0.00','0.00','0','N','0.0000','0','0','0','','0000-00-00 00:00:00','','0000-00-00 00:00:00','0.00'),('8300','911','Adhesivo Inyecc Hit-re 500-sd','0.00','0.00','0','N','0.0000','0','0','0','','0000-00-00 00:00:00','','0000-00-00 00:00:00','0.00'),('8301','912','Portacartucho HIT-CB 330','0.00','0.00','0','N','0.0000','0','0','0','','0000-00-00 00:00:00','','0000-00-00 00:00:00','0.00'),('8302','913','Aplicador HDM330 caja','0.00','0.00','0','N','0.0000','0','0','0','','0000-00-00 00:00:00','','0000-00-00 00:00:00','0.00'),('8303','914','Mesclador HIT-RE-M','0.00','0.00','0','N','0.0000','0','0','0','','0000-00-00 00:00:00','','0000-00-00 00:00:00','0.00'),('8304','915','Broca p/taladro TE-CX 5/8\"-12\"','0.00','0.00','0','N','0.0000','0','0','0','','0000-00-00 00:00:00','','0000-00-00 00:00:00','0.00'),('8316','916','Aceite Lubrax Hydra xp 68Tambor 250l','0.00','0.00','0','N','0.0000','0','0','0','','0000-00-00 00:00:00','','0000-00-00 00:00:00','0.00'),('8317','917','Tenaza Carpintero Nª8-Gherardi','0.00','0.00','0','N','0.0000','0','0','0','','0000-00-00 00:00:00','','0000-00-00 00:00:00','0.00'),('8322','918','','0.00','0.00','0','N','0.0000','0','0','0','','0000-00-00 00:00:00','','0000-00-00 00:00:00','0.00'),('8323','919','Mochila Jacto x 16lt','0.00','0.00','0','N','0.0000','0','0','0','','0000-00-00 00:00:00','','0000-00-00 00:00:00','0.00'),('8324','920','Reducción 1/4 bsptMacho a 1/8 bspt Hembra d/ac','0.00','0.00','0','N','0.0000','0','0','0','','0000-00-00 00:00:00','','0000-00-00 00:00:00','0.00'),('8329','921','Racord rapido roscado qs1/8-6','0.00','0.00','0','N','0.0000','0','0','0','','0000-00-00 00:00:00','','0000-00-00 00:00:00','0.00'),('8332','922','Unidad de Filtro y Regulador lfr-1/4 d-5mini','0.00','0.00','0','N','0.0000','0','0','0','','0000-00-00 00:00:00','','0000-00-00 00:00:00','0.00'),('8380','923','Flete del Exterior','0.00','0.00','0','N','0.0000','0','0','0','','0000-00-00 00:00:00','','0000-00-00 00:00:00','0.00'),('8381','924','Indication F.LKLA ø85 With Prox.Switch','0.00','0.00','0','N','0.0000','0','0','0','','0000-00-00 00:00:00','','0000-00-00 00:00:00','0.00'),('8391','925','Pegamento PVC DURMAN100CC','0.00','0.00','0','N','0.0000','0','0','0','','0000-00-00 00:00:00','','0000-00-00 00:00:00','0.00'),('8395','926','\"Caudalimetro tipo Rotámetro','0.00','0.00','0','','0.0000','0','0','0','','0000-00-00 00:00:00','','0000-00-00 00:00:00','0.00'),('8396','927','\"Caudalimetro tipo Rotámetro','0.00','0.00','0','','0.0000','0','0','0','','0000-00-00 00:00:00','','0000-00-00 00:00:00','0.00'),('8407','928','Sopapa Goma p/Destranque Grande','0.00','0.00','0','N','0.0000','0','0','0','','0000-00-00 00:00:00','','0000-00-00 00:00:00','0.00'),('8424','929','Toalla Rollo Pak x 4 x200 mt','0.00','0.00','0','N','0.0000','0','0','0','','0000-00-00 00:00:00','','0000-00-00 00:00:00','0.00'),('8428','930','Dispenser p/ jabon liq','0.00','0.00','0','N','0.0000','0','0','0','','0000-00-00 00:00:00','','0000-00-00 00:00:00','0.00'),('8448','931','conect elec 22 led codigo 0200001217','0.00','0.00','0','N','0.0000','0','0','0','','0000-00-00 00:00:00','','0000-00-00 00:00:00','0.00'),('8449','932','bobina 22 gc-220 v 50/60 codigo-200001201','0.00','0.00','0','N','0.0000','0','0','0','','0000-00-00 00:00:00','','0000-00-00 00:00:00','0.00'),('8484','933','piñon z 15   ASA 60  (3/4)','0.00','0.00','0','N','0.0000','0','0','0','','0000-00-00 00:00:00','','0000-00-00 00:00:00','0.00'),('8485','934','pico p/grasera t/ cruzeta','0.00','0.00','0','N','0.0000','0','0','0','','0000-00-00 00:00:00','','0000-00-00 00:00:00','0.00'),('8511','935','Niple codo -alemita','0.00','0.00','0','N','0.0000','0','0','0','','0000-00-00 00:00:00','','0000-00-00 00:00:00','0.00'),('8512','936','bulon INX 3/8 x 2*','0.00','0.00','0','N','0.0000','0','0','0','','0000-00-00 00:00:00','','0000-00-00 00:00:00','0.00'),('8517','937','Gurdamotor 3P 1/1','0.00','0.00','0','N','0.0000','0','0','0','','0000-00-00 00:00:00','','0000-00-00 00:00:00','0.00'),('8518','938','\"Gurdamotor 3P 1','6.00','0.00','0','','0.0000','0','0','0','','0000-00-00 00:00:00','','0000-00-00 00:00:00','0.00'),('8528','939','Dispenser p/toalla','0.00','0.00','0','N','0.0000','0','0','0','','0000-00-00 00:00:00','','0000-00-00 00:00:00','0.00'),('8538','940','manguera p/grasera','0.00','0.00','0','N','0.0000','0','0','0','','0000-00-00 00:00:00','','0000-00-00 00:00:00','0.00'),('8544','941','cepillos plastico duro','0.00','0.00','0','N','0.0000','0','0','0','','0000-00-00 00:00:00','','0000-00-00 00:00:00','0.00'),('8559','942','amoladora 7 1/2','0.00','0.00','0','N','0.0000','0','0','0','','0000-00-00 00:00:00','','0000-00-00 00:00:00','0.00'),('8560','943','carbon p/ amoladora 4 1/2','0.00','0.00','0','N','0.0000','0','0','0','','0000-00-00 00:00:00','','0000-00-00 00:00:00','0.00'),('8561','944','carbon p/ amoladora 7 1/2','0.00','0.00','0','N','0.0000','0','0','0','','0000-00-00 00:00:00','','0000-00-00 00:00:00','0.00'),('8562','945','carbon p/taladro','0.00','0.00','0','N','0.0000','0','0','0','','0000-00-00 00:00:00','','0000-00-00 00:00:00','0.00'),('8574','946','sensor inductor cil m18x1 c/ conec.','0.00','0.00','0','N','0.0000','0','0','0','','0000-00-00 00:00:00','','0000-00-00 00:00:00','0.00'),('8575','947','sensor inductor cil m18x1 c/ cable','0.00','0.00','0','N','0.0000','0','0','0','','0000-00-00 00:00:00','','0000-00-00 00:00:00','0.00'),('8583','948','Reten 8828','0.00','0.00','0','N','0.0000','0','0','0','','0000-00-00 00:00:00','','0000-00-00 00:00:00','0.00'),('8593','949','alicate para corte','0.00','0.00','0','N','0.0000','0','0','0','','0000-00-00 00:00:00','','0000-00-00 00:00:00','0.00'),('8594','950','respuesto para trincheta','0.00','0.00','0','N','0.0000','0','0','0','','0000-00-00 00:00:00','','0000-00-00 00:00:00','0.00'),('8595','951','cadena comun','0.00','0.00','0','N','0.0000','0','0','0','','0000-00-00 00:00:00','','0000-00-00 00:00:00','0.00'),('8603','952','hiero del nº 8','0.00','0.00','0','N','0.0000','0','0','0','','0000-00-00 00:00:00','','0000-00-00 00:00:00','0.00'),('8604','953','\"hierro de 4','2.00','0.00','0','','0.0000','0','0','0','','0000-00-00 00:00:00','','0000-00-00 00:00:00','0.00'),('8605','954','puerta placa','0.00','0.00','0','N','0.0000','0','0','0','','0000-00-00 00:00:00','','0000-00-00 00:00:00','0.00'),('8610','955','Grasa LGHP 2/5 S K F','0.00','0.00','0','N','0.0000','0','0','0','','0000-00-00 00:00:00','','0000-00-00 00:00:00','0.00'),('8614','956','bulon inx 1/4 x 1','0.00','0.00','0','N','0.0000','0','0','0','','0000-00-00 00:00:00','','0000-00-00 00:00:00','0.00'),('8615','957','bulon  inx 1/4 x1 1/2','0.00','0.00','0','N','0.0000','0','0','0','','0000-00-00 00:00:00','','0000-00-00 00:00:00','0.00'),('8618','958','bulon inx  1/4 x 2','0.00','0.00','0','N','0.0000','0','0','0','','0000-00-00 00:00:00','','0000-00-00 00:00:00','0.00'),('8619','959','bulon inx 5/16 x 1 1/2','0.00','0.00','0','N','0.0000','0','0','0','','0000-00-00 00:00:00','','0000-00-00 00:00:00','0.00'),('8632','960',' reten 7506','0.00','0.00','0','N','0.0000','0','0','0','','0000-00-00 00:00:00','','0000-00-00 00:00:00','0.00'),('8635','961','Seguro seguer N* 22','0.00','0.00','0','N','0.0000','0','0','0','','0000-00-00 00:00:00','','0000-00-00 00:00:00','0.00'),('8640','962','balde plastico','0.00','0.00','0','N','0.0000','0','0','0','','0000-00-00 00:00:00','','0000-00-00 00:00:00','0.00'),('8646','963','ceramicol liquido','0.00','0.00','0','N','0.0000','0','0','0','','0000-00-00 00:00:00','','0000-00-00 00:00:00','0.00'),('8654','964','tela moskitera galvanizada','0.00','0.00','0','N','0.0000','0','0','0','','0000-00-00 00:00:00','','0000-00-00 00:00:00','0.00'),('8659','965','codo pp hh 1/2\"','0.00','0.00','0','N','0.0000','0','0','0','','0000-00-00 00:00:00','','0000-00-00 00:00:00','0.00'),('8660','966','niple pp 6 cm 1/2\"','0.00','0.00','0','N','0.0000','0','0','0','','0000-00-00 00:00:00','','0000-00-00 00:00:00','0.00'),('8661','967','niple pp 10 cm 1/2\"','0.00','0.00','0','N','0.0000','0','0','0','','0000-00-00 00:00:00','','0000-00-00 00:00:00','0.00'),('8662','968','niple pp 15 cm 1/2\"','0.00','0.00','0','N','0.0000','0','0','0','','0000-00-00 00:00:00','','0000-00-00 00:00:00','0.00'),('8663','969','niple pp 10 cm 3/4\"','0.00','0.00','0','N','0.0000','0','0','0','','0000-00-00 00:00:00','','0000-00-00 00:00:00','0.00'),('8664','970','niple pp 15 cm 3/4\"','0.00','0.00','0','N','0.0000','0','0','0','','0000-00-00 00:00:00','','0000-00-00 00:00:00','0.00'),('8665','971','union doble pp 1/2\"','0.00','0.00','0','N','0.0000','0','0','0','','0000-00-00 00:00:00','','0000-00-00 00:00:00','0.00'),('8666','972','union doble pp 3/4 \"','0.00','0.00','0','N','0.0000','0','0','0','','0000-00-00 00:00:00','','0000-00-00 00:00:00','0.00'),('8667','973','cable tipo taller2x1mm','0.00','0.00','0','N','0.0000','0','0','0','','0000-00-00 00:00:00','','0000-00-00 00:00:00','0.00'),('8707','974','paleta plasticas para motor','0.00','0.00','0','N','0.0000','0','0','0','','0000-00-00 00:00:00','','0000-00-00 00:00:00','0.00'),('8708','975','','0.00','0.00','0','N','0.0000','0','0','0','','0000-00-00 00:00:00','','0000-00-00 00:00:00','0.00'),('8720','976','ficha triple 2 pernos','0.00','0.00','0','N','0.0000','0','0','0','','0000-00-00 00:00:00','','0000-00-00 00:00:00','0.00'),('8721','977','ficha adactador (2 a 3 )','0.00','0.00','0','N','0.0000','0','0','0','','0000-00-00 00:00:00','','0000-00-00 00:00:00','0.00'),('8728','978','\"Reparacin de estrator 1','5.00','0.00','0','','0.0000','0','0','0','','0000-00-00 00:00:00','','0000-00-00 00:00:00','0.00'),('8729','979','Reparacion motor Weg 4hp-2880rpm-380v (12106)','0.00','0.00','0','N','0.0000','0','0','0','','0000-00-00 00:00:00','','0000-00-00 00:00:00','0.00'),('8730','980','\"Reparacion motor kaifa 1','5.00','0.00','0','','0.0000','0','0','0','','0000-00-00 00:00:00','','0000-00-00 00:00:00','0.00'),('8731','981','\"Reparacion motor Mez 0','75.00','0.00','0','','0.0000','0','0','0','','0000-00-00 00:00:00','','0000-00-00 00:00:00','0.00'),('8732','982','\"Reparacion EB Ebara0','75.00','0.00','0','','0.0000','0','0','0','','0000-00-00 00:00:00','','0000-00-00 00:00:00','0.00'),('8733','983','Reparacion estator Voges 1hp- 1500rpm- 380v(12112)','0.00','0.00','0','N','0.0000','0','0','0','','0000-00-00 00:00:00','','0000-00-00 00:00:00','0.00'),('8797','984','Gumin estrella . mod.A02-B - Rotular','0.00','0.00','0','N','0.0000','0','0','0','','0000-00-00 00:00:00','','0000-00-00 00:00:00','0.00'),('8800','985','cable tipo taller 4x2.5','0.00','0.00','0','N','0.0000','0','0','0','','0000-00-00 00:00:00','','0000-00-00 00:00:00','0.00'),('8807','986','Borne p/cable flexible/rigido','0.00','0.00','0','N','0.0000','0','0','0','','0000-00-00 00:00:00','','0000-00-00 00:00:00','0.00'),('8808','987','Prensa cable pvc 3/4 hp03','0.00','0.00','0','N','0.0000','0','0','0','','0000-00-00 00:00:00','','0000-00-00 00:00:00','0.00'),('8809','988','cinta helicoidal FH3  5/8','0.00','0.00','0','N','0.0000','0','0','0','','0000-00-00 00:00:00','','0000-00-00 00:00:00','0.00'),('8820','989','\"Reducion concentrica p/  soldar mate 76','2.00','0.00','0','','0.0000','0','0','0','','0000-00-00 00:00:00','','0000-00-00 00:00:00','0.00'),('8823','990','Reparacin motor siemens de 40 HP -2900 RPM-380 VOL-  11895','0.00','0.00','0','N','0.0000','0','0','0','','0000-00-00 00:00:00','','0000-00-00 00:00:00','0.00'),('8842','991','fatchera cat s e amp 248','0.00','0.00','0','N','0.0000','0','0','0','','0000-00-00 00:00:00','','0000-00-00 00:00:00','0.00'),('8859','992','llave p/ agua met 3/4\"','0.00','0.00','0','N','0.0000','0','0','0','','0000-00-00 00:00:00','','0000-00-00 00:00:00','0.00'),('8860','993','llave p/ agua met 1\"','0.00','0.00','0','N','0.0000','0','0','0','','0000-00-00 00:00:00','','0000-00-00 00:00:00','0.00'),('8861','994','niple pp 8 cm 1\"','0.00','0.00','0','N','0.0000','0','0','0','','0000-00-00 00:00:00','','0000-00-00 00:00:00','0.00'),('8862','995','entrerosca pp 3/4\"','0.00','0.00','0','N','0.0000','0','0','0','','0000-00-00 00:00:00','','0000-00-00 00:00:00','0.00'),('8863','996','entrerosca pp 1\"','0.00','0.00','0','N','0.0000','0','0','0','','0000-00-00 00:00:00','','0000-00-00 00:00:00','0.00'),('8864','997','union doble pp 1\"','0.00','0.00','0','N','0.0000','0','0','0','','0000-00-00 00:00:00','','0000-00-00 00:00:00','0.00'),('8873','998','wd 40','0.00','0.00','0','N','0.0000','0','0','0','','0000-00-00 00:00:00','','0000-00-00 00:00:00','0.00'),('8877','999','guante latex texten','0.00','0.00','0','N','0.0000','0','0','0','','0000-00-00 00:00:00','','0000-00-00 00:00:00','0.00'),('8881','1000','Pantalla jeg 142 c/policarbonato','0.00','0.00','0','N','0.0000','0','0','0','','0000-00-00 00:00:00','','0000-00-00 00:00:00','0.00'),('8882','1001','LAMP B cons turbo 105w','0.00','0.00','0','N','0.0000','0','0','0','','0000-00-00 00:00:00','','0000-00-00 00:00:00','0.00'),('8883','1002','Lamp B cons 23w','0.00','0.00','0','N','0.0000','0','0','0','','0000-00-00 00:00:00','','0000-00-00 00:00:00','0.00'),('8884','1003','Lamp B cons 12w','0.00','0.00','0','N','0.0000','0','0','0','','0000-00-00 00:00:00','','0000-00-00 00:00:00','0.00'),('8885','1004','Lamp pin 12v','0.00','0.00','0','N','0.0000','0','0','0','','0000-00-00 00:00:00','','0000-00-00 00:00:00','0.00'),('8896','1005','grasa G.Beslux GFG','0.00','0.00','0','N','0.0000','0','0','0','','0000-00-00 00:00:00','','0000-00-00 00:00:00','0.00'),('8912','1006','electrodos indura 308l x 2.40','0.00','0.00','0','N','0.0000','0','0','0','','0000-00-00 00:00:00','','0000-00-00 00:00:00','0.00'),('8917','1007','centro de gumin elastico a-45','0.00','0.00','0','N','0.0000','0','0','0','','0000-00-00 00:00:00','','0000-00-00 00:00:00','0.00'),('8923','1008','\"disco indura gold 180 x1','6.00','0.00','0','','0.0000','0','0','0','','0000-00-00 00:00:00','','0000-00-00 00:00:00','0.00'),('8924','1009','disco flap carborundun 115','0.00','0.00','0','N','0.0000','0','0','0','','0000-00-00 00:00:00','','0000-00-00 00:00:00','0.00'),('8933','1010','niple inx 1 1/2 \"','0.00','0.00','0','N','0.0000','0','0','0','','0000-00-00 00:00:00','','0000-00-00 00:00:00','0.00'),('8934','1011','\"curva inx 90 p/soldar 50','8.00','0.00','0','','0.0000','0','0','0','','0000-00-00 00:00:00','','0000-00-00 00:00:00','0.00'),('8935','1012','\"tee  inx  p/soldar 50','8.00','5.00','0','','0.0000','0','0','0','N','0000-00-00 00:00:00','','0000-00-00 00:00:00','0.00'),('8940','1013','bomba dosificadora 070 dosivac','0.00','0.00','0','N','0.0000','0','0','0','','0000-00-00 00:00:00','','0000-00-00 00:00:00','0.00'),('8943','1014','variador d/velocidad ATV312H75N4.7.5KW SCNEIDER','0.00','0.00','0','N','0.0000','0','0','0','','0000-00-00 00:00:00','','0000-00-00 00:00:00','0.00'),('8953','1015','V-RING V-A80','0.00','0.00','0','N','0.0000','0','0','0','','0000-00-00 00:00:00','','0000-00-00 00:00:00','0.00'),('8964','1016','manguera a/toxica  D 51','0.00','0.00','0','N','0.0000','0','0','0','','0000-00-00 00:00:00','','0000-00-00 00:00:00','0.00'),('8967','1017','luz de emergencia atomlux','0.00','0.00','0','N','0.0000','0','0','0','','0000-00-00 00:00:00','','0000-00-00 00:00:00','0.00'),('8979','1018','capas de luvia','0.00','0.00','0','N','0.0000','0','0','0','','0000-00-00 00:00:00','','0000-00-00 00:00:00','0.00'),('8980','1019','fajas lumbares','0.00','0.00','0','N','0.0000','0','0','0','','0000-00-00 00:00:00','','0000-00-00 00:00:00','0.00'),('8988','1020','perfiles p/cangilonera 35x25 x2 mm','0.00','0.00','0','N','0.0000','0','0','0','','0000-00-00 00:00:00','','0000-00-00 00:00:00','0.00'),('8990','1021','Modulo p/ultra filtro barro / centrifuga de jugo','0.00','0.00','0','N','0.0000','0','0','0','','0000-00-00 00:00:00','','0000-00-00 00:00:00','0.00'),('8993','1022','escoba barrehojas metal','0.00','0.00','0','N','0.0000','0','0','0','','0000-00-00 00:00:00','','0000-00-00 00:00:00','0.00'),('8994','1023','ruleta varias','0.00','0.00','0','N','0.0000','0','0','0','','0000-00-00 00:00:00','','0000-00-00 00:00:00','0.00'),('9001','1024','union p/caldera rod. simple asa 100 link belt','0.00','0.00','0','N','0.0000','0','0','0','','0000-00-00 00:00:00','','0000-00-00 00:00:00','0.00'),('9002','1025','centro c/acople mod.f-3-rotula','0.00','0.00','0','N','0.0000','0','0','0','','0000-00-00 00:00:00','','0000-00-00 00:00:00','0.00'),('9008','1026','\"Caño redondo pulido espejo 3\"\" x1','5.00','0.00','0','','0.0000','0','0','0','','0000-00-00 00:00:00','','0000-00-00 00:00:00','0.00'),('9009','1027','Manguitos lisa p/ soldar danesa 3\" inx','0.00','0.00','0','N','0.0000','0','0','0','','0000-00-00 00:00:00','','0000-00-00 00:00:00','0.00'),('9010','1028','Manguito roscado p/ soldar danesa 3\" inx','0.00','0.00','0','N','0.0000','0','0','0','','0000-00-00 00:00:00','','0000-00-00 00:00:00','0.00'),('9011','1029','Junta danesa 3\"  Acrilo nitrilo','0.00','0.00','0','N','0.0000','0','0','0','','0000-00-00 00:00:00','','0000-00-00 00:00:00','0.00'),('9012','1030','Tuerca danesa 3\" inx','0.00','0.00','0','N','0.0000','0','0','0','','0000-00-00 00:00:00','','0000-00-00 00:00:00','0.00'),('9013','1031','\"Valv 2 vias mariposa mecanizada p/sol maneta Inx','2.00','2.00','0','','0.0000','0','0','0','N','0000-00-00 00:00:00','','0000-00-00 00:00:00','0.00'),('9014','1032','\"Curva para Soldar 90* pulido inx 76','2.00','0.00','0','','0.0000','0','0','0','','0000-00-00 00:00:00','','0000-00-00 00:00:00','0.00'),('9023','1033','ARGON GAS','0.00','0.00','0','N','6.0000','0','0','0','','0000-00-00 00:00:00','','0000-00-00 00:00:00','0.00'),('9030','1034','niple enchu-rosca \"m\" red 1\" A3/4\"','0.00','0.00','0','N','0.0000','0','0','0','','0000-00-00 00:00:00','','0000-00-00 00:00:00','0.00'),('9034','1035','niple enchufe doble 1\"','0.00','0.00','0','N','0.0000','0','0','0','','0000-00-00 00:00:00','','0000-00-00 00:00:00','0.00'),('9037','1036','manguera riego mall vde 3/4\"x25mt','0.00','0.00','0','N','0.0000','0','0','0','','0000-00-00 00:00:00','','0000-00-00 00:00:00','0.00'),('9039','1037','llave luz p/ext 3x32amp c/t tierra','0.00','0.00','0','N','0.0000','0','0','0','','0000-00-00 00:00:00','','0000-00-00 00:00:00','0.00'),('9042','1038','\"estructura10*30x1','6.00','0.00','0','','0.0000','0','0','0','','0000-00-00 00:00:00','','0000-00-00 00:00:00','0.00'),('9043','1039','\"estructura 40*40x1','6.00','0.00','0','','0.0000','0','0','0','','0000-00-00 00:00:00','','0000-00-00 00:00:00','0.00'),('9044','1040','\"estructura 30*60x1','6.00','0.00','0','','0.0000','0','0','0','','0000-00-00 00:00:00','','0000-00-00 00:00:00','0.00'),('9049','1041','\"angulo 2\"\"x1/4(50','8.00','0.00','0','','0.0000','0','0','0','','0000-00-00 00:00:00','','0000-00-00 00:00:00','0.00'),('9050','1042','\"chapa estampada 1','22.00','44.00','0','','0.0000','0','0','0','N','0000-00-00 00:00:00','','0000-00-00 00:00:00','0.00'),('9051','1043','\"planchuela 1 1/2\"\"x3/16 (38','1.00','0.00','0','','0.0000','0','0','0','','0000-00-00 00:00:00','','0000-00-00 00:00:00','0.00'),('9052','1044','\"perfil \"\"c\"\" 120x50x15x1','60.00','0.00','0','','0.0000','0','0','0','','0000-00-00 00:00:00','','0000-00-00 00:00:00','0.00'),('9057','1045','\"estructura 30*60x1','6.00','0.00','0','','0.0000','0','0','0','','0000-00-00 00:00:00','','0000-00-00 00:00:00','0.00'),('9058','1046','\"angulo 1 1/2\"\" x1/4 (38','1.00','0.00','0','','0.0000','0','0','0','','0000-00-00 00:00:00','','0000-00-00 00:00:00','0.00'),('9059','1047','\"angulo 2\"\" x 1/4(50','8.00','0.00','0','','0.0000','0','0','0','','0000-00-00 00:00:00','','0000-00-00 00:00:00','0.00'),('9071','1048','metal desplegado 470 x 30x30 x3mt','0.00','0.00','0','N','0.0000','0','0','0','','0000-00-00 00:00:00','','0000-00-00 00:00:00','0.00'),('9073','1049','caño P:V:C  1/2','0.00','0.00','0','N','0.0000','0','0','0','','0000-00-00 00:00:00','','0000-00-00 00:00:00','0.00'),('9113','1050','codo 90* 40mm jp','0.00','0.00','0','N','0.0000','0','0','0','','0000-00-00 00:00:00','','0000-00-00 00:00:00','0.00'),('9118','1051','manguito liso p/soldar danesa 2\" 30 4L','0.00','0.00','0','N','0.0000','0','0','0','','0000-00-00 00:00:00','','0000-00-00 00:00:00','0.00'),('9119','1052','\"curva p/soldar 90*pulido 50','8.00','5.00','0','','0.0000','0','0','0','N','0000-00-00 00:00:00','','0000-00-00 00:00:00','0.00'),('9128','1053','Termometro inx R20 kgs s/inf de 1/4  63 cmt de ancho','0.00','0.00','0','N','0.0000','0','0','0','','0000-00-00 00:00:00','','0000-00-00 00:00:00','0.00'),('9143','1054','Termometro  inx rango 0-a- 100 s/ inf v/20 cmt','0.00','0.00','0','N','0.0000','0','0','0','','0000-00-00 00:00:00','','0000-00-00 00:00:00','0.00'),('9144','1055','Termometro inx rango 0 A 200 s/inf v / 20 cmt','0.00','0.00','0','N','0.0000','0','0','0','','0000-00-00 00:00:00','','0000-00-00 00:00:00','0.00'),('9145','1056','Termometro inx rango 0  A 600 S / inf v /20 cmt','0.00','0.00','0','N','0.0000','0','0','0','','0000-00-00 00:00:00','','0000-00-00 00:00:00','0.00'),('9152','1057','trampa T/dean stark x 5MLC/C/uniones','0.00','0.00','0','N','0.0000','0','0','0','','0000-00-00 00:00:00','','0000-00-00 00:00:00','0.00'),('9153','1058','\"trampa T/dean starkx12','5.00','0.00','0','','0.0000','0','0','0','','0000-00-00 00:00:00','','0000-00-00 00:00:00','0.00'),('9154','1059','balones de 1000ml boca 24/40','0.00','0.00','0','N','0.0000','0','0','0','','0000-00-00 00:00:00','','0000-00-00 00:00:00','0.00'),('9155','1060','balon destilacion x 2000ml c/24/40 iva','0.00','0.00','0','N','0.0000','0','0','0','','0000-00-00 00:00:00','','0000-00-00 00:00:00','0.00'),('9156','1061','balon destilacion x 5000ml 24/40 marca iva','0.00','0.00','0','N','0.0000','0','0','0','','0000-00-00 00:00:00','','0000-00-00 00:00:00','0.00'),('9157','1062','balones de 500ml boca 24/40','0.00','0.00','0','N','0.0000','0','0','0','','0000-00-00 00:00:00','','0000-00-00 00:00:00','0.00'),('9158','1063','tubo refrigerante extremo 24/40x30cm i','0.00','0.00','0','N','0.0000','0','0','0','','0000-00-00 00:00:00','','0000-00-00 00:00:00','0.00'),('9159','1064','tubo refrigerante de 400 MM long myh 24/40','0.00','0.00','0','N','0.0000','0','0','0','','0000-00-00 00:00:00','','0000-00-00 00:00:00','0.00'),('9169','1065','decapante gel p/ Inx x2 kgs','0.00','0.00','0','N','0.0000','0','0','0','','0000-00-00 00:00:00','','0000-00-00 00:00:00','0.00'),('9170','1066','pasivante gel p/ inx x2 kgs','0.00','0.00','0','N','0.0000','0','0','0','','0000-00-00 00:00:00','','0000-00-00 00:00:00','0.00'),('9176','1067','cupla de caño inox de 1/4 serie 150 304','0.00','0.00','0','N','0.0000','0','0','0','','0000-00-00 00:00:00','','0000-00-00 00:00:00','0.00'),('9177','1068','cupla de caño inox de 1/4 serie 150 316','0.00','0.00','0','N','0.0000','0','0','0','','0000-00-00 00:00:00','','0000-00-00 00:00:00','0.00'),('9188','1069','electrodo wt20 tungstenoL-175MM rojo -5/64\"','0.00','0.00','0','N','0.0000','0','0','0','','0000-00-00 00:00:00','','0000-00-00 00:00:00','0.00'),('9189','1070','\"disco plano abrasivo indura 178x1','6.00','0.00','0','','0.0000','0','0','0','','0000-00-00 00:00:00','','0000-00-00 00:00:00','0.00'),('9190','1071','escuadra','0.00','0.00','0','N','0.0000','0','0','0','','0000-00-00 00:00:00','','0000-00-00 00:00:00','0.00'),('9201','1072','medio niple c/costura rosca1 1/2\" x50 304L','0.00','0.00','0','N','0.0000','0','0','0','','0000-00-00 00:00:00','','0000-00-00 00:00:00','0.00'),('9202','1073','codo F/C 1/4\" serie 150 304','0.00','0.00','0','N','0.0000','0','0','0','','0000-00-00 00:00:00','','0000-00-00 00:00:00','0.00'),('9203','1074','oliva macho rosca  1/4\" oliva=9mm','0.00','0.00','0','N','0.0000','0','0','0','','0000-00-00 00:00:00','','0000-00-00 00:00:00','0.00'),('9204','1075','medio niple c/costura rosca 1/4\"x30 304L','0.00','0.00','0','N','0.0000','0','0','0','','0000-00-00 00:00:00','','0000-00-00 00:00:00','0.00'),('9213','1076','\"curva para soldar 90ª pulido 25','4.00','5.00','0','','0.0000','0','0','0','N','0000-00-00 00:00:00','','0000-00-00 00:00:00','0.00'),('9214','1077','manguito listo para soldar danesa 1\"','0.00','0.00','0','N','0.0000','0','0','0','','0000-00-00 00:00:00','','0000-00-00 00:00:00','0.00'),('9215','1078','manguito roscado para soldar danesa 1\"','0.00','0.00','0','N','0.0000','0','0','0','','0000-00-00 00:00:00','','0000-00-00 00:00:00','0.00'),('9216','1079','junta danesa1\"','0.00','0.00','0','N','0.0000','0','0','0','','0000-00-00 00:00:00','','0000-00-00 00:00:00','0.00'),('9217','1080','tuerca danesa 1\"','0.00','0.00','0','N','0.0000','0','0','0','','0000-00-00 00:00:00','','0000-00-00 00:00:00','0.00'),('9218','1081','valvula esferica paso total(din 2999) (A-351) 1\"','0.00','0.00','0','N','0.0000','0','0','0','','0000-00-00 00:00:00','','0000-00-00 00:00:00','0.00'),('9220','1082','\"caño redondo pilido exterior (A-554) 25','4.00','5.00','0','','0.0000','0','0','0','N','0000-00-00 00:00:00','','0000-00-00 00:00:00','0.00'),('9221','1083','niple con costura rosca withworth (DIN 2982) 1\" X 100','0.00','0.00','0','N','0.0000','0','0','0','','0000-00-00 00:00:00','','0000-00-00 00:00:00','0.00'),('9222','1084','\"tee para soldar con tramo pulido 50','8.00','5.00','0','','0.0000','0','0','0','N','0000-00-00 00:00:00','','0000-00-00 00:00:00','0.00'),('9234','1085','ficha industrial 3x32','0.00','0.00','0','N','0.0000','0','0','0','','0000-00-00 00:00:00','','0000-00-00 00:00:00','0.00'),('9235','1086','tornillo gal 1/4x1\"','0.00','0.00','0','N','0.0000','0','0','0','','0000-00-00 00:00:00','','0000-00-00 00:00:00','0.00'),('9236','1087','tornillo gal 1/4x2\"','0.00','0.00','0','N','0.0000','0','0','0','','0000-00-00 00:00:00','','0000-00-00 00:00:00','0.00'),('9247','1088','FrencesaN* 8','0.00','0.00','0','N','0.0000','0','0','0','','0000-00-00 00:00:00','','0000-00-00 00:00:00','0.00'),('9256','1089','junta danesa 1 1/2\" acrilo nit','0.00','0.00','0','N','0.0000','0','0','0','','0000-00-00 00:00:00','','0000-00-00 00:00:00','0.00'),('9259','1090','','0.00','0.00','0','N','0.0000','0','0','0','','0000-00-00 00:00:00','','0000-00-00 00:00:00','0.00'),('9260','1091','codo F/C (DIN 2999) (A-351/ANSI B 16.3) 1/4\"','0.00','0.00','0','N','0.0000','0','0','0','','0000-00-00 00:00:00','','0000-00-00 00:00:00','0.00'),('9261','1092','oliva macho rosca withworth (a-351/ansi b 16.3) 1/4\" oliva= 9mm','0.00','0.00','0','N','0.0000','0','0','0','','0000-00-00 00:00:00','','0000-00-00 00:00:00','0.00'),('9262','1093','medio niple con costura rosca withworth (din 2982) 1/4\"x 30','0.00','0.00','0','N','0.0000','0','0','0','','0000-00-00 00:00:00','','0000-00-00 00:00:00','0.00'),('9283','1094','tabla p/encofrar 6\"x1! x 3.05 MT','0.00','0.00','0','N','0.0000','0','0','0','','0000-00-00 00:00:00','','0000-00-00 00:00:00','0.00'),('9292','1095','foco buenomax 200 watt','0.00','0.00','0','N','0.0000','0','0','0','','0000-00-00 00:00:00','','0000-00-00 00:00:00','0.00'),('9296','1096','portatilx 5mts c/ficha macho','0.00','0.00','0','N','0.0000','0','0','0','','0000-00-00 00:00:00','','0000-00-00 00:00:00','0.00'),('9298','1097','ficha duplicadora dual c/2 toma de tierra','0.00','0.00','0','N','0.0000','0','0','0','','0000-00-00 00:00:00','','0000-00-00 00:00:00','0.00'),('9307','1098','\"cable t/taller 2x1','5.00','0.00','0','','0.0000','0','0','0','','0000-00-00 00:00:00','','0000-00-00 00:00:00','0.00'),('9315','1099',' Toma capsulado 3x32','0.00','0.00','0','N','0.0000','0','0','0','','0000-00-00 00:00:00','','0000-00-00 00:00:00','0.00'),('9318','1100',' precintos metalicos L-C','0.00','0.00','0','N','0.0000','0','0','0','','0000-00-00 00:00:00','','0000-00-00 00:00:00','0.00'),('9319','1101','medias cancan L-C','0.00','0.00','0','N','0.0000','0','0','0','','0000-00-00 00:00:00','','0000-00-00 00:00:00','0.00'),('9320','1102','\"bulon 3/8x4','1.00','0.00','0','','0.0000','0','0','0','','0000-00-00 00:00:00','','0000-00-00 00:00:00','0.00'),('9321','1103','tuerca 1/4 p/tambores de jugo L-C','0.00','0.00','0','N','0.0000','0','0','0','','0000-00-00 00:00:00','','0000-00-00 00:00:00','0.00'),('9322','1104','bolsas s/tapa para jugo L-C','0.00','0.00','0','N','0.0000','0','0','0','','0000-00-00 00:00:00','','0000-00-00 00:00:00','0.00'),('9323','1105','piñon doble para nea L-C','0.00','0.00','0','N','0.0000','0','0','0','','0000-00-00 00:00:00','','0000-00-00 00:00:00','0.00'),('9324','1106','pistola de silicona L-C','0.00','0.00','0','N','0.0000','0','0','0','','0000-00-00 00:00:00','','0000-00-00 00:00:00','0.00'),('9325','1107','pala ancha (L-C)','0.00','0.00','0','N','0.0000','0','0','0','','0000-00-00 00:00:00','','0000-00-00 00:00:00','0.00'),('9326','1108','francesa #18 L-C','0.00','0.00','0','N','0.0000','0','0','0','','0000-00-00 00:00:00','','0000-00-00 00:00:00','0.00'),('9327','1109','llave combinada #7 L-C','0.00','0.00','0','N','0.0000','0','0','0','','0000-00-00 00:00:00','','0000-00-00 00:00:00','0.00'),('9328','1110','llave combinada #10 L-C','0.00','0.00','0','N','0.0000','0','0','0','','0000-00-00 00:00:00','','0000-00-00 00:00:00','0.00'),('9329','1111','llave combinada #11 L-C','0.00','0.00','0','N','0.0000','0','0','0','','0000-00-00 00:00:00','','0000-00-00 00:00:00','0.00'),('9330','1112','llave combinada #12 L-C','0.00','0.00','0','N','0.0000','0','0','0','','0000-00-00 00:00:00','','0000-00-00 00:00:00','0.00'),('9331','1113','llave combinada #13 L-C','0.00','0.00','0','N','0.0000','0','0','0','','0000-00-00 00:00:00','','0000-00-00 00:00:00','0.00'),('9333','1114','llave combinada #14 L-C','0.00','0.00','0','N','0.0000','0','0','0','','0000-00-00 00:00:00','','0000-00-00 00:00:00','0.00'),('9334','1115','llave combinada #15 L-C','0.00','0.00','0','N','0.0000','0','0','0','','0000-00-00 00:00:00','','0000-00-00 00:00:00','0.00'),('9335','1116','llave combinada #16 L-C','0.00','0.00','0','N','0.0000','0','0','0','','0000-00-00 00:00:00','','0000-00-00 00:00:00','0.00'),('9336','1117','llave combinada #17 L-C','0.00','0.00','0','N','0.0000','0','0','0','','0000-00-00 00:00:00','','0000-00-00 00:00:00','0.00'),('9337','1118','llave combinada #18 L-C','0.00','0.00','0','N','0.0000','0','0','0','','0000-00-00 00:00:00','','0000-00-00 00:00:00','0.00'),('9338','1119','llave combinada #19 L-C','0.00','0.00','0','N','0.0000','0','0','0','','0000-00-00 00:00:00','','0000-00-00 00:00:00','0.00'),('9339','1120','llave combinada #20 L-C','0.00','0.00','0','N','0.0000','0','0','0','','0000-00-00 00:00:00','','0000-00-00 00:00:00','0.00'),('9340','1121','llave combinada #21 L-C','0.00','0.00','0','N','0.0000','0','0','0','','0000-00-00 00:00:00','','0000-00-00 00:00:00','0.00'),('9341','1122','llave combinada #22 L-C','0.00','0.00','0','N','0.0000','0','0','0','','0000-00-00 00:00:00','','0000-00-00 00:00:00','0.00'),('9342','1123','llave combinada #23 L-C','0.00','0.00','0','N','0.0000','0','0','0','','0000-00-00 00:00:00','','0000-00-00 00:00:00','0.00'),('9343','1124','llave combinada #24 L-C','0.00','0.00','0','N','0.0000','0','0','0','','0000-00-00 00:00:00','','0000-00-00 00:00:00','0.00'),('9344','1125','llave combinada #25 L-C','0.00','0.00','0','N','0.0000','0','0','0','','0000-00-00 00:00:00','','0000-00-00 00:00:00','0.00'),('9345','1126','llave combinada #26 L-C','0.00','0.00','0','N','0.0000','0','0','0','','0000-00-00 00:00:00','','0000-00-00 00:00:00','0.00'),('9346','1127','llave combinada #27 L-C','0.00','0.00','0','N','0.0000','0','0','0','','0000-00-00 00:00:00','','0000-00-00 00:00:00','0.00'),('9347','1128','llave combinada #28 L-C','0.00','0.00','0','N','0.0000','0','0','0','','0000-00-00 00:00:00','','0000-00-00 00:00:00','0.00'),('9348','1129','llave combinada #29 L-C','0.00','0.00','0','N','0.0000','0','0','0','','0000-00-00 00:00:00','','0000-00-00 00:00:00','0.00'),('9349','1130','llave combinada #30 L-C','0.00','0.00','0','N','0.0000','0','0','0','','0000-00-00 00:00:00','','0000-00-00 00:00:00','0.00'),('9350','1131','llave combinada #31 L-C','0.00','0.00','0','N','0.0000','0','0','0','','0000-00-00 00:00:00','','0000-00-00 00:00:00','0.00'),('9351','1132','llave combinada #32 L-C','0.00','0.00','0','N','0.0000','0','0','0','','0000-00-00 00:00:00','','0000-00-00 00:00:00','0.00'),('9352','1133','llave combinada #33 L-C','0.00','0.00','0','N','0.0000','0','0','0','','0000-00-00 00:00:00','','0000-00-00 00:00:00','0.00'),('9353','1134','llave combinada #34 L-C','0.00','0.00','0','N','0.0000','0','0','0','','0000-00-00 00:00:00','','0000-00-00 00:00:00','0.00'),('9354','1135','llave combinada #35 L-C','0.00','0.00','0','N','0.0000','0','0','0','','0000-00-00 00:00:00','','0000-00-00 00:00:00','0.00'),('9355','1136','llave combinada #36 L-C','0.00','0.00','0','N','0.0000','0','0','0','','0000-00-00 00:00:00','','0000-00-00 00:00:00','0.00'),('9356','1137','llave combinada de 1/2 L-C','0.00','0.00','0','N','0.0000','0','0','0','','0000-00-00 00:00:00','','0000-00-00 00:00:00','0.00'),('9357','1138','llave combinada 9/16 L-C','0.00','0.00','0','N','0.0000','0','0','0','','0000-00-00 00:00:00','','0000-00-00 00:00:00','0.00'),('9358','1139','llave combinada 5/16 L-C','0.00','0.00','0','N','0.0000','0','0','0','','0000-00-00 00:00:00','','0000-00-00 00:00:00','0.00'),('9359','1140','llave combinada 3/4 L-C','0.00','0.00','0','N','0.0000','0','0','0','','0000-00-00 00:00:00','','0000-00-00 00:00:00','0.00'),('9360','1141','francesa #8 L-C','0.00','0.00','0','N','0.0000','0','0','0','','0000-00-00 00:00:00','','0000-00-00 00:00:00','0.00'),('9361','1142','martillo bola x500gr L-C','0.00','0.00','0','N','0.0000','0','0','0','','0000-00-00 00:00:00','','0000-00-00 00:00:00','0.00'),('9362','1143','pinza de corte L-C','0.00','0.00','0','N','0.0000','0','0','0','','0000-00-00 00:00:00','','0000-00-00 00:00:00','0.00'),('9365','1144','llave estilzon L-C','0.00','0.00','0','N','0.0000','0','0','0','','0000-00-00 00:00:00','','0000-00-00 00:00:00','0.00'),('9366','1145','destornillador  phillip L-C','0.00','0.00','0','N','0.0000','0','0','0','','0000-00-00 00:00:00','','0000-00-00 00:00:00','0.00'),('9367','1146','destornillador plano L-C','0.00','0.00','0','N','0.0000','0','0','0','','0000-00-00 00:00:00','','0000-00-00 00:00:00','0.00'),('9368','1147','regulador de aire L-C','0.00','0.00','0','N','0.0000','0','0','0','','0000-00-00 00:00:00','','0000-00-00 00:00:00','0.00'),('9369','1148','grasera 5kg L-C','0.00','0.00','0','N','0.0000','0','0','0','','0000-00-00 00:00:00','','0000-00-00 00:00:00','0.00'),('9370','1149','calibre stainless hardened  L-C','0.00','0.00','0','N','0.0000','0','0','0','','0000-00-00 00:00:00','','0000-00-00 00:00:00','0.00'),('9371','1150','llave gancho L-C','0.00','0.00','0','N','0.0000','0','0','0','','0000-00-00 00:00:00','','0000-00-00 00:00:00','0.00'),('9372','1151','maquina de soldar L-C','0.00','0.00','0','N','0.0000','0','0','0','','0000-00-00 00:00:00','','0000-00-00 00:00:00','0.00'),('9373','1152','maza de 1kg L-C','0.00','0.00','0','N','0.0000','0','0','0','','0000-00-00 00:00:00','','0000-00-00 00:00:00','0.00'),('9374','1153','maza de 5 kg L-C','0.00','0.00','0','N','0.0000','0','0','0','','0000-00-00 00:00:00','','0000-00-00 00:00:00','0.00'),('9375','1154','amoladora #7 L-C','0.00','0.00','0','N','0.0000','0','0','0','','0000-00-00 00:00:00','','0000-00-00 00:00:00','0.00'),('9376','1155','amoladora #4 L-C','0.00','0.00','0','N','0.0000','0','0','0','','0000-00-00 00:00:00','','0000-00-00 00:00:00','0.00'),('9377','1156','taladro chico L-C','0.00','0.00','0','N','0.0000','0','0','0','','0000-00-00 00:00:00','','0000-00-00 00:00:00','0.00'),('9383','1157','lustra mueble','0.00','0.00','0','N','0.0000','0','0','0','','0000-00-00 00:00:00','','0000-00-00 00:00:00','0.00'),('9387','1158','llave termica 1x25','0.00','0.00','0','N','0.0000','0','0','0','','0000-00-00 00:00:00','','0000-00-00 00:00:00','0.00'),('9401','1159','manguera pvc cristal 6x9','0.00','0.00','0','N','0.0000','0','0','0','','0000-00-00 00:00:00','','0000-00-00 00:00:00','0.00'),('9402','1160','racor rapido roscado qs-1/8-8','0.00','0.00','0','N','0.0000','0','0','0','','0000-00-00 00:00:00','','0000-00-00 00:00:00','0.00'),('9407','1161','destornillador perillero L-C','0.00','0.00','0','N','0.0000','0','0','0','','0000-00-00 00:00:00','','0000-00-00 00:00:00','0.00'),('9408','1162','pinza universal L-C','0.00','0.00','0','N','0.0000','0','0','0','','0000-00-00 00:00:00','','0000-00-00 00:00:00','0.00'),('9409','1163','juego de o-ring x caja L-C','0.00','0.00','0','N','0.0000','0','0','0','','0000-00-00 00:00:00','','0000-00-00 00:00:00','0.00'),('9410','1164','machete L-C','0.00','0.00','0','N','0.0000','0','0','0','','0000-00-00 00:00:00','','0000-00-00 00:00:00','0.00'),('9411','1165','extractora de rulemanes L-C','0.00','0.00','0','N','0.0000','0','0','0','','0000-00-00 00:00:00','','0000-00-00 00:00:00','0.00'),('9412','1166','aceitera L-C','0.00','0.00','0','N','0.0000','0','0','0','','0000-00-00 00:00:00','','0000-00-00 00:00:00','0.00'),('9413','1167','arco de cierra L-C','0.00','0.00','0','N','0.0000','0','0','0','','0000-00-00 00:00:00','','0000-00-00 00:00:00','0.00'),('9414','1168','varilla de tungsteno de 2 mm L-C','0.00','0.00','0','N','0.0000','0','0','0','','0000-00-00 00:00:00','','0000-00-00 00:00:00','0.00'),('9415','1169','\"varilla de tungsteno de 3','2.00','0.00','0','','0.0000','0','0','0','','0000-00-00 00:00:00','','0000-00-00 00:00:00','0.00'),('9416','1170','punta L-C','0.00','0.00','0','N','0.0000','0','0','0','','0000-00-00 00:00:00','','0000-00-00 00:00:00','0.00'),('9417','1171','pala de punta L-C','0.00','0.00','0','N','0.0000','0','0','0','','0000-00-00 00:00:00','','0000-00-00 00:00:00','0.00'),('9418','1172','rotu percutor L-C','0.00','0.00','0','N','0.0000','0','0','0','','0000-00-00 00:00:00','','0000-00-00 00:00:00','0.00'),('9419','1173','remachadora L-C','0.00','0.00','0','N','0.0000','0','0','0','','0000-00-00 00:00:00','','0000-00-00 00:00:00','0.00'),('9420','1174','gumi estrella L-C','0.00','0.00','0','N','0.0000','0','0','0','','0000-00-00 00:00:00','','0000-00-00 00:00:00','0.00'),('9421','1175','mascara facial L-C','0.00','0.00','0','N','0.0000','0','0','0','','0000-00-00 00:00:00','','0000-00-00 00:00:00','0.00'),('9422','1176','nivel de mano L-C','0.00','0.00','0','N','0.0000','0','0','0','','0000-00-00 00:00:00','','0000-00-00 00:00:00','0.00'),('9423','1177','pistola para pintar L-C','0.00','0.00','0','N','0.0000','0','0','0','','0000-00-00 00:00:00','','0000-00-00 00:00:00','0.00'),('9424','1178','tijera corta lata L-C','0.00','0.00','0','N','0.0000','0','0','0','','0000-00-00 00:00:00','','0000-00-00 00:00:00','0.00'),('9425','1179','pinza portamasa L-C','0.00','0.00','0','N','0.0000','0','0','0','','0000-00-00 00:00:00','','0000-00-00 00:00:00','0.00'),('9426','1180','flejadora L-C','0.00','0.00','0','N','0.0000','0','0','0','','0000-00-00 00:00:00','','0000-00-00 00:00:00','0.00'),('9427','1181','soldador azul L-C','0.00','0.00','0','N','0.0000','0','0','0','','0000-00-00 00:00:00','','0000-00-00 00:00:00','0.00'),('9428','1182','soldador amarillo L-C','0.00','0.00','0','N','0.0000','0','0','0','','0000-00-00 00:00:00','','0000-00-00 00:00:00','0.00'),('9429','1183','pico L-C','0.00','0.00','0','N','0.0000','0','0','0','','0000-00-00 00:00:00','','0000-00-00 00:00:00','0.00'),('9430','1184','tubo 1x1/16 L-C','0.00','0.00','0','N','0.0000','0','0','0','','0000-00-00 00:00:00','','0000-00-00 00:00:00','0.00'),('9431','1185','tubo 1x 1/4 L-C','0.00','0.00','0','N','0.0000','0','0','0','','0000-00-00 00:00:00','','0000-00-00 00:00:00','0.00'),('9432','1186','tubo 1 x1/16 L-C','0.00','0.00','0','N','0.0000','0','0','0','','0000-00-00 00:00:00','','0000-00-00 00:00:00','0.00'),('9433','1187','tubo 11 L-C','0.00','0.00','0','N','0.0000','0','0','0','','0000-00-00 00:00:00','','0000-00-00 00:00:00','0.00'),('9434','1188','tubo 12 L-C','0.00','0.00','0','N','0.0000','0','0','0','','0000-00-00 00:00:00','','0000-00-00 00:00:00','0.00'),('9435','1189','tubo 21 L-C','0.00','0.00','0','N','0.0000','0','0','0','','0000-00-00 00:00:00','','0000-00-00 00:00:00','0.00'),('9436','1190','tubo 22 L-C','0.00','0.00','0','N','0.0000','0','0','0','','0000-00-00 00:00:00','','0000-00-00 00:00:00','0.00'),('9437','1191','tubo 24 L-C','0.00','0.00','0','N','0.0000','0','0','0','','0000-00-00 00:00:00','','0000-00-00 00:00:00','0.00'),('9438','1192','tubo 26 L-C','0.00','0.00','0','N','0.0000','0','0','0','','0000-00-00 00:00:00','','0000-00-00 00:00:00','0.00'),('9439','1193','tubo 27 L-C','0.00','0.00','0','N','0.0000','0','0','0','','0000-00-00 00:00:00','','0000-00-00 00:00:00','0.00'),('9440','1194','tubo 28L-C','0.00','0.00','0','N','0.0000','0','0','0','','0000-00-00 00:00:00','','0000-00-00 00:00:00','0.00'),('9441','1195','tubo 30 L-C','0.00','0.00','0','N','0.0000','0','0','0','','0000-00-00 00:00:00','','0000-00-00 00:00:00','0.00'),('9442','1196','tubo 5/8 L-C','0.00','0.00','0','N','0.0000','0','0','0','','0000-00-00 00:00:00','','0000-00-00 00:00:00','0.00'),('9443','1197','tubo 7/8 L-C','0.00','0.00','0','N','0.0000','0','0','0','','0000-00-00 00:00:00','','0000-00-00 00:00:00','0.00'),('9444','1198','tubo 8 L-C','0.00','0.00','0','N','0.0000','0','0','0','','0000-00-00 00:00:00','','0000-00-00 00:00:00','0.00'),('9445','1199','tubo 1 3/16 L-C','0.00','0.00','0','N','0.0000','0','0','0','','0000-00-00 00:00:00','','0000-00-00 00:00:00','0.00'),('9446','1200','tubo 9/16 L-C','0.00','0.00','0','N','0.0000','0','0','0','','0000-00-00 00:00:00','','0000-00-00 00:00:00','0.00'),('9447','1201','crique p/tubo L-C','0.00','0.00','0','N','0.0000','0','0','0','','0000-00-00 00:00:00','','0000-00-00 00:00:00','0.00'),('9448','1202','pinza de seguro seguer L-C','0.00','0.00','0','N','0.0000','0','0','0','','0000-00-00 00:00:00','','0000-00-00 00:00:00','0.00'),('9449','1203','pistola neumatica L-C','0.00','0.00','0','N','0.0000','0','0','0','','0000-00-00 00:00:00','','0000-00-00 00:00:00','0.00'),('9450','1204','turbineta L-C','0.00','0.00','0','N','0.0000','0','0','0','','0000-00-00 00:00:00','','0000-00-00 00:00:00','0.00'),('9451','1205','pistola de calor L-C','0.00','0.00','0','N','0.0000','0','0','0','','0000-00-00 00:00:00','','0000-00-00 00:00:00','0.00'),('9452','1206','escuadra L-C','0.00','0.00','0','N','0.0000','0','0','0','','0000-00-00 00:00:00','','0000-00-00 00:00:00','0.00'),('9453','1207','morza L-C','0.00','0.00','0','N','0.0000','0','0','0','','0000-00-00 00:00:00','','0000-00-00 00:00:00','0.00'),('9454','1208','gracera de 1 kg L-C','0.00','0.00','0','N','0.0000','0','0','0','','0000-00-00 00:00:00','','0000-00-00 00:00:00','0.00'),('9455','1209','tubo 32 L-C','0.00','0.00','0','N','0.0000','0','0','0','','0000-00-00 00:00:00','','0000-00-00 00:00:00','0.00'),('9525','1210','Juego de rolo p/ extractora de jugo','0.00','0.00','0','N','0.0000','0','0','0','','0000-00-00 00:00:00','','0000-00-00 00:00:00','0.00'),('9526','1211','Maya prensa a cinta','0.00','0.00','0','N','0.0000','0','0','0','','0000-00-00 00:00:00','','0000-00-00 00:00:00','0.00'),('9530','1212','Cabezal compresor fema 5hp','0.00','0.00','0','N','0.0000','0','0','0','','0000-00-00 00:00:00','','0000-00-00 00:00:00','0.00'),('9575','1213','niple inx de 1/4\"x100 304L','0.00','0.00','0','N','0.0000','0','0','0','','0000-00-00 00:00:00','','0000-00-00 00:00:00','0.00'),('9576','1214','junda danesa 1\" silicona','0.00','0.00','0','N','0.0000','0','0','0','','0000-00-00 00:00:00','','0000-00-00 00:00:00','0.00'),('9583','1215','timer electronico B72','0.00','0.00','0','N','0.0000','0','0','0','','0000-00-00 00:00:00','','0000-00-00 00:00:00','0.00'),('9586','1216','reten 6972 (48x62x7)','0.00','0.00','0','N','0.0000','0','0','0','','0000-00-00 00:00:00','','0000-00-00 00:00:00','0.00'),('9587','1217','reten 6904L-C','0.00','0.00','0','N','0.0000','0','0','0','','0000-00-00 00:00:00','','0000-00-00 00:00:00','0.00'),('9588','1218','reten 7918 L-C','0.00','0.00','0','N','0.0000','0','0','0','','0000-00-00 00:00:00','','0000-00-00 00:00:00','0.00'),('9589','1219','reten 5468L-C','0.00','0.00','0','N','0.0000','0','0','0','','0000-00-00 00:00:00','','0000-00-00 00:00:00','0.00'),('9590','1220','reten 8476 (65x95x10)L-C','0.00','0.00','0','N','0.0000','0','0','0','','0000-00-00 00:00:00','','0000-00-00 00:00:00','0.00'),('9591','1221','reten8456 (35x62x10) L-C','0.00','0.00','0','N','0.0000','0','0','0','','0000-00-00 00:00:00','','0000-00-00 00:00:00','0.00'),('9592','1222','reten8234 (35x58x12) L-C','0.00','0.00','0','N','0.0000','0','0','0','','0000-00-00 00:00:00','','0000-00-00 00:00:00','0.00'),('9593','1223','reten 9375','0.00','0.00','0','N','12.0000','0','0','0','','0000-00-00 00:00:00','','0000-00-00 00:00:00','0.00'),('9594','1224','reten 9642 (65x85x8) L-C','0.00','0.00','0','N','0.0000','0','0','0','','0000-00-00 00:00:00','','0000-00-00 00:00:00','0.00'),('9595','1225',' Reten 9148 (25x62x7) L-C','0.00','0.00','0','N','0.0000','0','0','0','','0000-00-00 00:00:00','','0000-00-00 00:00:00','0.00'),('9596','1226','Reten 5278 (60x90x10) L-C','0.00','0.00','0','N','0.0000','0','0','0','','0000-00-00 00:00:00','','0000-00-00 00:00:00','0.00'),('9597','1227',' Reten 6948 (45x60x7) L-C','0.00','0.00','0','N','0.0000','0','0','0','','0000-00-00 00:00:00','','0000-00-00 00:00:00','0.00'),('9598','1228','Reten 5612 (20x35x6) L-C','0.00','0.00','0','N','0.0000','0','0','0','','0000-00-00 00:00:00','','0000-00-00 00:00:00','0.00'),('9599','1229','\"Reten 6811 (40','5.00','0.00','0','','0.0000','0','0','0','','0000-00-00 00:00:00','','0000-00-00 00:00:00','0.00'),('9600','1230','Reten 7224 (35x50x8) L-C','0.00','0.00','0','N','0.0000','0','0','0','','0000-00-00 00:00:00','','0000-00-00 00:00:00','0.00'),('9601','1231','V-ring 130 va L-C','0.00','0.00','0','N','0.0000','0','0','0','','0000-00-00 00:00:00','','0000-00-00 00:00:00','0.00'),('9602','1232','V-ring 80 va L-C','0.00','0.00','0','N','0.0000','0','0','0','','0000-00-00 00:00:00','','0000-00-00 00:00:00','0.00'),('9603','1233','Reten 10217 (55x90x10) L-C','0.00','0.00','0','N','0.0000','0','0','0','','0000-00-00 00:00:00','','0000-00-00 00:00:00','0.00'),('9604','1234','Reten  4503 (40x47x4 L-C','0.00','0.00','0','N','0.0000','0','0','0','','0000-00-00 00:00:00','','0000-00-00 00:00:00','0.00'),('9605','1235','Reten 5177 (40x55x10) L-C','0.00','0.00','0','N','0.0000','0','0','0','','0000-00-00 00:00:00','','0000-00-00 00:00:00','0.00'),('9606','1236','Reten 5353 (52x75x12) L-C','0.00','0.00','0','N','0.0000','0','0','0','','0000-00-00 00:00:00','','0000-00-00 00:00:00','0.00'),('9607','1237','\"Reten 8398 (55x72x7','5.00','0.00','0','','0.0000','0','0','0','','0000-00-00 00:00:00','','0000-00-00 00:00:00','0.00'),('9608','1238','Reten 1126 (40x62x7) L-C','0.00','0.00','0','N','0.0000','0','0','0','','0000-00-00 00:00:00','','0000-00-00 00:00:00','0.00'),('9609','1239','Reten 5031 (28x40x7) L-C','0.00','0.00','0','N','0.0000','0','0','0','','0000-00-00 00:00:00','','0000-00-00 00:00:00','0.00'),('9610','1240','Reten 8985 (85x120x12) L-C','0.00','0.00','0','N','0.0000','0','0','0','','0000-00-00 00:00:00','','0000-00-00 00:00:00','0.00'),('9611','1241','Reten 8990 (85x130x12) L-C','0.00','0.00','0','N','0.0000','0','0','0','','0000-00-00 00:00:00','','0000-00-00 00:00:00','0.00'),('9612','1242','Reten 5141 (50x72x10) L-C','0.00','0.00','0','N','0.0000','0','0','0','','0000-00-00 00:00:00','','0000-00-00 00:00:00','0.00'),('9613','1243','\"Reten 7662 (40x80','1.00','0.00','0','','0.0000','0','0','0','','0000-00-00 00:00:00','','0000-00-00 00:00:00','0.00'),('9614','1244','Reten 10385 (55x90x6) L-C','0.00','0.00','0','N','0.0000','0','0','0','','0000-00-00 00:00:00','','0000-00-00 00:00:00','0.00'),('9615','1245','Reten 5467 (95x125x13 ) L-C','0.00','0.00','0','N','0.0000','0','0','0','','0000-00-00 00:00:00','','0000-00-00 00:00:00','0.00'),('9616','1246','Reten 10659 (85x105x11) L-C','0.00','0.00','0','N','0.0000','0','0','0','','0000-00-00 00:00:00','','0000-00-00 00:00:00','0.00'),('9617','1247','Reten 10487 (62-8) L-C','0.00','0.00','0','N','0.0000','0','0','0','','0000-00-00 00:00:00','','0000-00-00 00:00:00','0.00'),('9618','1248','Reten 7715 (45x62x7) L-C','0.00','0.00','0','N','0.0000','0','0','0','','0000-00-00 00:00:00','','0000-00-00 00:00:00','0.00'),('9619','1249','\" Reten 6643 (17','5.00','5.00','0','','0.0000','0','0','0','N','0000-00-00 00:00:00','','0000-00-00 00:00:00','0.00'),('9620','1250','Reten 692305 (25x35x7) L-C','0.00','0.00','0','N','0.0000','0','0','0','','0000-00-00 00:00:00','','0000-00-00 00:00:00','0.00'),('9621','1251','Reten 8456 (35x62x10) L-C','0.00','0.00','0','N','0.0000','0','0','0','','0000-00-00 00:00:00','','0000-00-00 00:00:00','0.00'),('9622','1252',' V-ring  va 18 L-C','0.00','0.00','0','N','0.0000','0','0','0','','0000-00-00 00:00:00','','0000-00-00 00:00:00','0.00'),('9623','1253','V-ring va 20 L-C','0.00','0.00','0','N','0.0000','0','0','0','','0000-00-00 00:00:00','','0000-00-00 00:00:00','0.00'),('9624','1254','V-ring va 22 L-C','0.00','0.00','0','N','0.0000','0','0','0','','0000-00-00 00:00:00','','0000-00-00 00:00:00','0.00'),('9625','1255','V-ring va 45 L-C','0.00','0.00','0','N','18.0000','0','0','0','','0000-00-00 00:00:00','','0000-00-00 00:00:00','0.00'),('9626','1256','\"Reten 5461 (53','5.00','0.00','0','','0.0000','0','0','0','','0000-00-00 00:00:00','','0000-00-00 00:00:00','0.00'),('9627','1257','Reten 9369 (40-80-10) L-C','0.00','0.00','0','N','0.0000','0','0','0','','0000-00-00 00:00:00','','0000-00-00 00:00:00','0.00'),('9628','1258','Reten 8902 (45-62-7) L-C','0.00','0.00','0','N','0.0000','0','0','0','','0000-00-00 00:00:00','','0000-00-00 00:00:00','0.00'),('9637','1259','aceite lubrax essencial sf 30','0.00','0.00','0','N','0.0000','0','0','0','','0000-00-00 00:00:00','','0000-00-00 00:00:00','0.00'),('9639','1260','grasa lubrax lith ep 2 balde 18 k','0.00','0.00','0','N','0.0000','0','0','0','','0000-00-00 00:00:00','','0000-00-00 00:00:00','0.00'),('9642','1261','cilindro normalizado dsnu 25-40 p-a fest','0.00','0.00','0','N','0.0000','0','0','0','','0000-00-00 00:00:00','','0000-00-00 00:00:00','0.00'),('9645','1262','Electro bomba cent mltietapa PS2N','0.00','0.00','0','N','0.0000','0','0','0','','0000-00-00 00:00:00','','0000-00-00 00:00:00','0.00'),('9656','1263','Plastico negro 200 micrones x 8 mtrs','0.00','0.00','0','N','0.0000','0','0','0','','0000-00-00 00:00:00','','0000-00-00 00:00:00','0.00'),('9667','1264','Manometro vajo - 20 a + 20  s/inf  roca 1/4','0.00','0.00','0','N','0.0000','0','0','0','','0000-00-00 00:00:00','','0000-00-00 00:00:00','0.00'),('9668','1265','Electro valvulas jefferson 1327 BA 522 de 1/4 = 220 vca','0.00','0.00','0','N','0.0000','0','0','0','','0000-00-00 00:00:00','','0000-00-00 00:00:00','0.00'),('9669','1266','Termometro   0 a 60 s/posterior1/2','0.00','0.00','0','N','0.0000','0','0','0','','0000-00-00 00:00:00','','0000-00-00 00:00:00','0.00'),('9695','1267','\"curva para soldar 90º A403 ANSI B 16.9 SCH 5S 11','3.00','0.00','0','','0.0000','0','0','0','','0000-00-00 00:00:00','','0000-00-00 00:00:00','0.00'),('9697','1268','valvula de retencion de bronce','0.00','0.00','0','N','0.0000','0','0','0','','0000-00-00 00:00:00','','0000-00-00 00:00:00','0.00'),('9726','1269','Maza gumi N*50','0.00','0.00','0','N','0.0000','0','0','0','','0000-00-00 00:00:00','','0000-00-00 00:00:00','0.00'),('9727','1270',' Gumi N*50','0.00','0.00','0','N','0.0000','0','0','0','','0000-00-00 00:00:00','','0000-00-00 00:00:00','0.00'),('9728','1271','Maza para gumi N*50','0.00','0.00','0','N','0.0000','0','0','0','','0000-00-00 00:00:00','','0000-00-00 00:00:00','0.00'),('9731','1272','terminal preaislado cu b4','0.00','0.00','0','N','0.0000','0','0','0','','0000-00-00 00:00:00','','0000-00-00 00:00:00','0.00'),('9732','1273','terminal preaislada cu b5','0.00','0.00','0','N','0.0000','0','0','0','','0000-00-00 00:00:00','','0000-00-00 00:00:00','0.00'),('9733','1274','terminal preaislado cu b24-160214-0','0.00','0.00','0','N','0.0000','0','0','0','','0000-00-00 00:00:00','','0000-00-00 00:00:00','0.00'),('9734','1275','terminal preaislado cu b30','0.00','0.00','0','N','0.0000','0','0','0','','0000-00-00 00:00:00','','0000-00-00 00:00:00','0.00'),('9735','1276','terminal preaislado cu c4-160294','0.00','0.00','0','N','0.0000','0','0','0','','0000-00-00 00:00:00','','0000-00-00 00:00:00','0.00'),('9742','1277','mangera negra de 1/2','0.00','0.00','0','N','0.0000','0','0','0','','0000-00-00 00:00:00','','0000-00-00 00:00:00','0.00'),('9747','1278','rodamiento 6211/c3 L-C','0.00','0.00','0','N','0.0000','0','0','0','','0000-00-00 00:00:00','','0000-00-00 00:00:00','0.00'),('9748','1279','\"rodamiento 22207-E','0.00','0.00','0','','0.0000','0','0','0','','0000-00-00 00:00:00','','0000-00-00 00:00:00','0.00'),('9749','1280','\"rodamiento 6304_ZNR','0.00','0.00','0','','0.0000','0','0','0','','0000-00-00 00:00:00','','0000-00-00 00:00:00','0.00'),('9750','1281','rodamiento 6305 L-C','0.00','0.00','0','N','0.0000','0','0','0','','0000-00-00 00:00:00','','0000-00-00 00:00:00','0.00'),('9751','1282','\"rodamiento 6206 ZZNR-215','0.00','0.00','0','','0.0000','0','0','0','','0000-00-00 00:00:00','','0000-00-00 00:00:00','0.00'),('9752','1283','rodamiento 7306 B-2RS.L-C','0.00','0.00','0','N','0.0000','0','0','0','','0000-00-00 00:00:00','','0000-00-00 00:00:00','0.00'),('9753','1284','\"rodamiento 6207_2z','0.00','0.00','0','','0.0000','0','0','0','','0000-00-00 00:00:00','','0000-00-00 00:00:00','0.00'),('9754','1285','\"rodamiento 6205-2Z','0.00','0.00','0','','0.0000','0','0','0','','0000-00-00 00:00:00','','0000-00-00 00:00:00','0.00'),('9755','1286','\"rodamiento 6205 -2z/c3','0.00','0.00','0','','0.0000','0','0','0','','0000-00-00 00:00:00','','0000-00-00 00:00:00','0.00'),('9756','1287','\"rodamiento 2207-ETNQ','0.00','0.00','0','','0.0000','0','0','0','','0000-00-00 00:00:00','','0000-00-00 00:00:00','0.00'),('9757','1288','\"rodamiento 6004 -2RSH','0.00','0.00','0','','0.0000','0','0','0','','0000-00-00 00:00:00','','0000-00-00 00:00:00','0.00'),('9758','1289','\"rodamiento 6207-2ZR','0.00','0.00','0','','0.0000','0','0','0','','0000-00-00 00:00:00','','0000-00-00 00:00:00','0.00'),('9759','1290','\"rodamiento 6208-2ZR','0.00','0.00','0','','0.0000','0','0','0','','0000-00-00 00:00:00','','0000-00-00 00:00:00','0.00'),('9760','1291','\"rodamiento 6310-2ZR/C3','0.00','0.00','0','','0.0000','0','0','0','','0000-00-00 00:00:00','','0000-00-00 00:00:00','0.00'),('9761','1292','\"rodamiento 6310-2z/c3','0.00','0.00','0','','0.0000','0','0','0','','0000-00-00 00:00:00','','0000-00-00 00:00:00','0.00'),('9762','1293','\"rodamiento 6309/C3','0.00','0.00','0','','0.0000','0','0','0','','0000-00-00 00:00:00','','0000-00-00 00:00:00','0.00'),('9763','1294','\"rodamiento 6211-2Z/C3','0.00','0.00','0','','0.0000','0','0','0','','0000-00-00 00:00:00','','0000-00-00 00:00:00','0.00'),('9764','1295','\"rodamiento 7306-BEP','0.00','0.00','0','','0.0000','0','0','0','','0000-00-00 00:00:00','','0000-00-00 00:00:00','0.00'),('9765','1296','\"rodamiento 6305-2RS1/C3','0.00','0.00','0','','0.0000','0','0','0','','0000-00-00 00:00:00','','0000-00-00 00:00:00','0.00'),('9766','1297','\"rodamiento 6012-2R51','0.00','0.00','0','','0.0000','0','0','0','','0000-00-00 00:00:00','','0000-00-00 00:00:00','0.00'),('9767','1298','\"rodamiento 22212-E','0.00','0.00','0','','0.0000','0','0','0','','0000-00-00 00:00:00','','0000-00-00 00:00:00','0.00'),('9768','1299','\"rodamiento 6306-2Z/C4','0.00','0.00','0','','0.0000','0','0','0','','0000-00-00 00:00:00','','0000-00-00 00:00:00','0.00'),('9769','1300','\"rodamiento 30212-J2/Q','0.00','0.00','0','','0.0000','0','0','0','','0000-00-00 00:00:00','','0000-00-00 00:00:00','0.00'),('9770','1301','\"rodamiento NJ-208-EM-C3','0.00','0.00','0','','0.0000','0','0','0','','0000-00-00 00:00:00','','0000-00-00 00:00:00','0.00'),('9771','1302','\"rodamiento NUP 2205-EM/C3','0.00','0.00','0','','0.0000','0','0','0','','0000-00-00 00:00:00','','0000-00-00 00:00:00','0.00'),('9772','1303','\"rodamiento NJ-301EM/C3','0.00','0.00','0','','0.0000','0','0','0','','0000-00-00 00:00:00','','0000-00-00 00:00:00','0.00'),('9773','1304','\"rodamiento NJ-305-M/C3','0.00','0.00','0','','0.0000','0','0','0','','0000-00-00 00:00:00','','0000-00-00 00:00:00','0.00'),('9774','1305','\"rodamiento 30205-4T','0.00','0.00','0','','0.0000','0','0','0','','0000-00-00 00:00:00','','0000-00-00 00:00:00','0.00'),('9775','1306','\"rodamiento 6202-2Z','0.00','0.00','0','','0.0000','0','0','0','','0000-00-00 00:00:00','','0000-00-00 00:00:00','0.00'),('9776','1307','\"rodamiento 6201-28/C3','0.00','0.00','0','','0.0000','0','0','0','','0000-00-00 00:00:00','','0000-00-00 00:00:00','0.00'),('9777','1308','\"cadena PHC-40-1X10FT(N47)','0.00','0.00','0','','0.0000','0','0','0','','0000-00-00 00:00:00','','0000-00-00 00:00:00','0.00'),('9780','1309','\"rodamiento YAR 209-2F','0.00','0.00','0','','0.0000','0','0','0','','0000-00-00 00:00:00','','0000-00-00 00:00:00','0.00'),('9781','1310','\"rodamiento UC212D1','0.00','0.00','0','','0.0000','0','0','0','','0000-00-00 00:00:00','','0000-00-00 00:00:00','0.00'),('9782','1311','\"rodamiento UC207G','0.00','0.00','0','','0.0000','0','0','0','','0000-00-00 00:00:00','','0000-00-00 00:00:00','0.00'),('9783','1312','\"rodamiento uc206 D1','0.00','0.00','0','','0.0000','0','0','0','','0000-00-00 00:00:00','','0000-00-00 00:00:00','0.00'),('9784','1313','\"rodamiento UC208 D1','0.00','0.00','0','','0.0000','0','0','0','','0000-00-00 00:00:00','','0000-00-00 00:00:00','0.00'),('9785','1314','\"rodamiento YAR 205-2F','0.00','0.00','0','','0.0000','0','0','0','','0000-00-00 00:00:00','','0000-00-00 00:00:00','0.00'),('9786','1315','\"rodamiento YAR 210-2F','0.00','0.00','0','','0.0000','0','0','0','','0000-00-00 00:00:00','','0000-00-00 00:00:00','0.00'),('9787','1316','rodamiento 6011-2RS1 L-C','0.00','0.00','0','N','0.0000','0','0','0','','0000-00-00 00:00:00','','0000-00-00 00:00:00','0.00'),('9788','1317','\"rodamiento 6011-2Z','0.00','0.00','0','','0.0000','0','0','0','','0000-00-00 00:00:00','','0000-00-00 00:00:00','0.00'),('9789','1318','\"rodamiento 7309-B3-MI','0.00','0.00','0','','0.0000','0','0','0','','0000-00-00 00:00:00','','0000-00-00 00:00:00','0.00'),('9790','1319','\"rodamiento 22209CA/W33','0.00','0.00','0','','0.0000','0','0','0','','0000-00-00 00:00:00','','0000-00-00 00:00:00','0.00'),('9791','1320','\"rodamiento 6009-2ZR/C3/J22R','0.00','0.00','0','','0.0000','0','0','0','','0000-00-00 00:00:00','','0000-00-00 00:00:00','0.00'),('9792','1321','\"rodamiento 6309 -2R51','0.00','0.00','0','','0.0000','0','0','0','','0000-00-00 00:00:00','','0000-00-00 00:00:00','0.00'),('9793','1322','\"rodamiento 22317E','0.00','0.00','0','','0.0000','0','0','0','','0000-00-00 00:00:00','','0000-00-00 00:00:00','0.00'),('9794','1323','\"rodamiento 6313/C3','0.00','0.00','0','','0.0000','0','0','0','','0000-00-00 00:00:00','','0000-00-00 00:00:00','0.00'),('9795','1324','\"rodamiento 6312/C3','0.00','0.00','0','','0.0000','0','0','0','','0000-00-00 00:00:00','','0000-00-00 00:00:00','0.00'),('9796','1325','\"rodamiento 6208-2Z/C3','0.00','0.00','0','','0.0000','0','0','0','','0000-00-00 00:00:00','','0000-00-00 00:00:00','0.00'),('9797','1326','\"rodamiento 6315 M/C350UQ335','0.00','0.00','0','','0.0000','0','0','0','','0000-00-00 00:00:00','','0000-00-00 00:00:00','0.00'),('9798','1327','\"rodamiento 7214-BEM1/VQ335','0.00','0.00','0','','0.0000','0','0','0','','0000-00-00 00:00:00','','0000-00-00 00:00:00','0.00'),('9799','1328','\"rodamiento 2309-M/VQ335','0.00','0.00','0','','0.0000','0','0','0','','0000-00-00 00:00:00','','0000-00-00 00:00:00','0.00'),('9800','1329','\"rodamiento 6314-2Z/C3','0.00','0.00','0','','0.0000','0','0','0','','0000-00-00 00:00:00','','0000-00-00 00:00:00','0.00'),('9801','1330','\"rodamiento 7213-BEM1','0.00','0.00','0','','0.0000','0','0','0','','0000-00-00 00:00:00','','0000-00-00 00:00:00','0.00'),('9802','1331','\"rodamiento 2309-M-VQ335','0.00','0.00','0','','0.0000','0','0','0','','0000-00-00 00:00:00','','0000-00-00 00:00:00','0.00'),('9803','1332','\"rodamiento 7315 -BEM1/50VQ335','0.00','0.00','0','','0.0000','0','0','0','','0000-00-00 00:00:00','','0000-00-00 00:00:00','0.00'),('9804','1333','\"rodamiento CF3/45 CAM-FO','0.00','0.00','0','','0.0000','0','0','0','','0000-00-00 00:00:00','','0000-00-00 00:00:00','0.00'),('9805','1334','\"rodamiento POSB-12(2)','0.00','0.00','0','','0.0000','0','0','0','','0000-00-00 00:00:00','','0000-00-00 00:00:00','0.00'),('9806','1335','\"rodamiento 32207-12/Q','0.00','0.00','0','','0.0000','0','0','0','','0000-00-00 00:00:00','','0000-00-00 00:00:00','0.00'),('9807','1336','\"rodamiento 32007-X/Q','0.00','0.00','0','','0.0000','0','0','0','','0000-00-00 00:00:00','','0000-00-00 00:00:00','0.00'),('9808','1337','\"rodamiento 61907-2RZ','0.00','0.00','0','','0.0000','0','0','0','','0000-00-00 00:00:00','','0000-00-00 00:00:00','0.00'),('9809','1338','\"rodamiento 6306 -2ZR-J22R','0.00','0.00','0','','0.0000','0','0','0','','0000-00-00 00:00:00','','0000-00-00 00:00:00','0.00'),('9810','1339','\"rodamiento 1308 K-TV/C3','0.00','0.00','0','','0.0000','0','0','0','','0000-00-00 00:00:00','','0000-00-00 00:00:00','0.00'),('9811','1340','\"rodamiento 1308 SKC3','0.00','0.00','0','','0.0000','0','0','0','','0000-00-00 00:00:00','','0000-00-00 00:00:00','0.00'),('9812','1341','\"rodamiento 6010 -2RS1','0.00','0.00','0','','0.0000','0','0','0','','0000-00-00 00:00:00','','0000-00-00 00:00:00','0.00'),('9813','1342','rodamiento 30206-J2/Q','0.00','0.00','0','N','0.0000','0','0','0','','0000-00-00 00:00:00','','0000-00-00 00:00:00','0.00'),('9814','1343','\"rodamiento 6907 ZL/2AS','0.00','0.00','0','','0.0000','0','0','0','','0000-00-00 00:00:00','','0000-00-00 00:00:00','0.00'),('9815','1344','\"rodamiento 62/2 /C3','0.00','0.00','0','','0.0000','0','0','0','','0000-00-00 00:00:00','','0000-00-00 00:00:00','0.00'),('9816','1345','\"rodamiento NJ221 0 E','0.00','0.00','0','','0.0000','0','0','0','','0000-00-00 00:00:00','','0000-00-00 00:00:00','0.00'),('9817','1346','\"rodamiento 62/0ZZNR','0.00','0.00','0','','0.0000','0','0','0','','0000-00-00 00:00:00','','0000-00-00 00:00:00','0.00'),('9819','1347','\"rodamiento 62/0/3C','0.00','0.00','0','','0.0000','0','0','0','','0000-00-00 00:00:00','','0000-00-00 00:00:00','0.00'),('9820','1348','\"rodamiento 60/4/2ZR','0.00','0.00','0','','0.0000','0','0','0','','0000-00-00 00:00:00','','0000-00-00 00:00:00','0.00'),('9821','1349','\"rodamiento 60/4-M/C350','0.00','0.00','0','','0.0000','0','0','0','','0000-00-00 00:00:00','','0000-00-00 00:00:00','0.00'),('9822','1350','\"rodamiento 7313-BEP','0.00','0.00','0','','0.0000','0','0','0','','0000-00-00 00:00:00','','0000-00-00 00:00:00','0.00'),('9823','1351','\"rodamiento NV2313 ECP','0.00','0.00','0','','0.0000','0','0','0','','0000-00-00 00:00:00','','0000-00-00 00:00:00','0.00'),('9824','1352','\"cadena ANSI 80-2R','0.00','0.00','0','','0.0000','0','0','0','','0000-00-00 00:00:00','','0000-00-00 00:00:00','0.00'),('9825','1353','\"rodamiento 6004LLUC 3/2AS','0.00','0.00','0','','0.0000','0','0','0','','0000-00-00 00:00:00','','0000-00-00 00:00:00','0.00'),('9826','1354','varilla de aporte p/argon L-C','0.00','0.00','0','N','0.0000','0','0','0','','0000-00-00 00:00:00','','0000-00-00 00:00:00','0.00'),('9828','1355','varilla de aporte de cobre L-C','0.00','0.00','0','N','0.0000','0','0','0','','0000-00-00 00:00:00','','0000-00-00 00:00:00','0.00'),('9850','1356','separadores p / NEA','0.00','0.00','0','N','0.0000','0','0','0','','0000-00-00 00:00:00','','0000-00-00 00:00:00','0.00'),('9852','1357','limpiadores p/ NEA','0.00','0.00','0','N','0.0000','0','0','0','','0000-00-00 00:00:00','','0000-00-00 00:00:00','0.00'),('9878','1358','llave combinada # 8 L-C','0.00','0.00','0','N','0.0000','0','0','0','','0000-00-00 00:00:00','','0000-00-00 00:00:00','0.00'),('9881','1359','tubo 3/4','0.00','0.00','0','N','0.0000','0','0','0','','0000-00-00 00:00:00','','0000-00-00 00:00:00','0.00'),('9882','1360','tubo 14','0.00','0.00','0','N','0.0000','0','0','0','','0000-00-00 00:00:00','','0000-00-00 00:00:00','0.00'),('9883','1361','tubo 1/2','0.00','0.00','0','N','0.0000','0','0','0','','0000-00-00 00:00:00','','0000-00-00 00:00:00','0.00'),('9884','1362','tubo 10','0.00','0.00','0','N','0.0000','0','0','0','','0000-00-00 00:00:00','','0000-00-00 00:00:00','0.00'),('9885','1363','tubo 9/16','0.00','0.00','0','N','0.0000','0','0','0','','0000-00-00 00:00:00','','0000-00-00 00:00:00','0.00'),('9886','1364','tubo 19','0.00','0.00','0','N','0.0000','0','0','0','','0000-00-00 00:00:00','','0000-00-00 00:00:00','0.00'),('9887','1365','tubo 18','0.00','0.00','0','N','0.0000','0','0','0','','0000-00-00 00:00:00','','0000-00-00 00:00:00','0.00'),('9902','1366','pinza punta media caña','0.00','0.00','0','N','0.0000','0','0','0','','0000-00-00 00:00:00','','0000-00-00 00:00:00','0.00'),('9903','1367','francesa # 10','0.00','0.00','0','N','0.0000','0','0','0','','0000-00-00 00:00:00','','0000-00-00 00:00:00','0.00'),('9904','1368','pinza c/oblic','0.00','0.00','0','N','0.0000','0','0','0','','0000-00-00 00:00:00','','0000-00-00 00:00:00','0.00'),('9905','1369','destornillador aislado','0.00','0.00','0','N','0.0000','0','0','0','','0000-00-00 00:00:00','','0000-00-00 00:00:00','0.00'),('9906','1370','llave T de 8mm','0.00','0.00','0','N','0.0000','0','0','0','','0000-00-00 00:00:00','','0000-00-00 00:00:00','0.00'),('9920','1371','maza gumi estrella mod 2-B','0.00','0.00','0','N','0.0000','0','0','0','','0000-00-00 00:00:00','','0000-00-00 00:00:00','0.00'),('9925','1372','\"tubo de pvc 0','50.00','0.00','0','','0.0000','0','0','0','','0000-00-00 00:00:00','','0000-00-00 00:00:00','0.00'),('9936','1373','juego de llaves allen x 11','0.00','0.00','0','N','0.0000','0','0','0','','0000-00-00 00:00:00','','0000-00-00 00:00:00','0.00'),('9937','1374','juego de llaves torx x9','0.00','0.00','0','N','0.0000','0','0','0','','0000-00-00 00:00:00','','0000-00-00 00:00:00','0.00'),('9944','1375','valvula galvanizada  esferica de 1-tripodi','0.00','0.00','0','N','0.0000','0','0','0','','0000-00-00 00:00:00','','0000-00-00 00:00:00','0.00'),('9945','1376','centro elastico gummi  mod A-50','0.00','0.00','0','N','0.0000','0','0','0','','0000-00-00 00:00:00','','0000-00-00 00:00:00','0.00'),('10013','1377','Tubo conico S/graduar  de10 / 15 ml','0.00','0.00','0','N','0.0000','0','0','0','','0000-00-00 00:00:00','','0000-00-00 00:00:00','0.00'),('10014','1378','desmalezadoro STIHL FS 450','0.00','0.00','0','N','0.0000','0','0','0','','0000-00-00 00:00:00','','0000-00-00 00:00:00','0.00'),('10015','1379','Electro bomba cent.Horiz  Roto Pump PS2N','0.00','0.00','0','N','0.0000','0','0','0','','0000-00-00 00:00:00','','0000-00-00 00:00:00','0.00'),('10016','1380','Valvulas agujas de bloqueo  ros 3/4','0.00','0.00','0','N','0.0000','0','0','0','','0000-00-00 00:00:00','','0000-00-00 00:00:00','0.00'),('10017','1381','Contra vaina de 200 mm  inx  roz 1/2 x1/2','0.00','0.00','0','N','0.0000','0','0','0','','0000-00-00 00:00:00','','0000-00-00 00:00:00','0.00'),('10029','1382','cuchillas p tractor','0.00','0.00','0','N','0.0000','0','0','0','','0000-00-00 00:00:00','','0000-00-00 00:00:00','0.00'),('10046','1383','Tornillo cabeza fresada 3/8 x3/4','0.00','0.00','0','N','0.0000','0','0','0','','0000-00-00 00:00:00','','0000-00-00 00:00:00','0.00'),('10054','1384','Rodamiento 2313 ECP','0.00','0.00','0','N','17.0000','0','0','0','','0000-00-00 00:00:00','','0000-00-00 00:00:00','0.00'),('10055','1385','Reten 5951','0.00','0.00','0','N','0.0000','0','0','0','','0000-00-00 00:00:00','','0000-00-00 00:00:00','0.00'),('10058','1386','Cartel seg  de 28 x22','0.00','0.00','0','N','0.0000','0','0','0','','0000-00-00 00:00:00','','0000-00-00 00:00:00','0.00'),('10063','1387','Manija de bronce p puerta','0.00','0.00','0','N','0.0000','0','0','0','','0000-00-00 00:00:00','','0000-00-00 00:00:00','0.00'),('10074','1388','Valvula P.V.C 50mm valfwx','0.00','0.00','0','N','0.0000','0','0','0','','0000-00-00 00:00:00','','0000-00-00 00:00:00','0.00'),('10075','1389','codo inx de 3/4','0.00','0.00','0','N','0.0000','0','0','0','','0000-00-00 00:00:00','','0000-00-00 00:00:00','0.00'),('10079','1390','bulon inx de 3/8 x1/2\"','0.00','0.00','0','N','0.0000','0','0','0','','0000-00-00 00:00:00','','0000-00-00 00:00:00','0.00'),('10083','1391','bulon inxde 3/8 x 1\"','0.00','0.00','0','N','0.0000','0','0','0','','0000-00-00 00:00:00','','0000-00-00 00:00:00','0.00'),('10093','1392','Impusor CR20 bomba grunfo (9778969)','0.00','0.00','0','N','0.0000','0','0','0','','0000-00-00 00:00:00','','0000-00-00 00:00:00','0.00'),('10094','1393','Espaciador inf bomba grunfo (9798241)','0.00','0.00','0','N','0.0000','0','0','0','','0000-00-00 00:00:00','','0000-00-00 00:00:00','0.00'),('10095','1394','cepillos esp redondos p / compac','0.00','0.00','0','N','0.0000','0','0','0','','0000-00-00 00:00:00','','0000-00-00 00:00:00','0.00'),('10116','1395','Reducion concentrica p/ soldar de 1\"','0.00','0.00','0','N','0.0000','0','0','0','','0000-00-00 00:00:00','','0000-00-00 00:00:00','0.00'),('10119','1396','Cable lectora Hneywll 3310g','0.00','0.00','0','N','0.0000','0','0','0','','0000-00-00 00:00:00','','0000-00-00 00:00:00','0.00'),('10131','1397','Bidones plastico X 5 Ls','0.00','0.00','0','N','0.0000','0','0','0','','0000-00-00 00:00:00','','0000-00-00 00:00:00','0.00'),('10135','1398','Junta 1\" ciliconada  p/ valvula mariposa','0.00','0.00','0','N','0.0000','0','0','0','','0000-00-00 00:00:00','','0000-00-00 00:00:00','0.00'),('10139','1399','codo 90º x 10mm','0.00','0.00','0','N','0.0000','0','0','0','','0000-00-00 00:00:00','','0000-00-00 00:00:00','0.00'),('10140','1400','codo 45ºx50mm','0.00','0.00','0','N','0.0000','0','0','0','','0000-00-00 00:00:00','','0000-00-00 00:00:00','0.00'),('10146','1401','Reduccion ecosentricap/ soldar de2\" a 3/4 inx','0.00','0.00','0','N','0.0000','0','0','0','','0000-00-00 00:00:00','','0000-00-00 00:00:00','0.00'),('10147','1402','niples 3/4 x 8cm inx','0.00','0.00','0','N','0.0000','0','0','0','','0000-00-00 00:00:00','','0000-00-00 00:00:00','0.00'),('10148','1403','Cuplas 3/8 inx','0.00','0.00','0','N','0.0000','0','0','0','','0000-00-00 00:00:00','','0000-00-00 00:00:00','0.00'),('10160','1404','Inpulsor bomba EBARA 400','0.00','0.00','0','N','0.0000','0','0','0','','0000-00-00 00:00:00','','0000-00-00 00:00:00','0.00'),('10161','1405','Sello mecanico bomba EBARA 400','0.00','0.00','0','N','0.0000','0','0','0','','0000-00-00 00:00:00','','0000-00-00 00:00:00','0.00'),('10162','1406','Rodamiento 22214 E','0.00','0.00','0','N','0.0000','0','0','0','','0000-00-00 00:00:00','','0000-00-00 00:00:00','0.00'),('10163','1407','Electrovalvula neumatica  t/namur 5/2','0.00','0.00','0','N','0.0000','0','0','0','','0000-00-00 00:00:00','','0000-00-00 00:00:00','0.00'),('10164','1408','Linga pol amarilla 75mm x 2 mts','0.00','0.00','0','N','0.0000','0','0','0','','0000-00-00 00:00:00','','0000-00-00 00:00:00','0.00'),('10165','1409','Bidon  x 30 lts','0.00','0.00','0','N','0.0000','0','0','0','','0000-00-00 00:00:00','','0000-00-00 00:00:00','0.00'),('10166','1410','Bidon x 20 lts','0.00','0.00','0','N','0.0000','0','0','0','','0000-00-00 00:00:00','','0000-00-00 00:00:00','0.00'),('10167','1411',' Bidon x 10 lts','0.00','0.00','0','N','0.0000','0','0','0','','0000-00-00 00:00:00','','0000-00-00 00:00:00','0.00'),('10168','1412','Taladro de banco de 16 mm','0.00','0.00','0','N','0.0000','0','0','0','','0000-00-00 00:00:00','','0000-00-00 00:00:00','0.00'),('10169','1413',' Amoladora de banco 6 -1/2 HP','0.00','0.00','0','N','0.0000','0','0','0','','0000-00-00 00:00:00','','0000-00-00 00:00:00','0.00'),('10170','1414','Impresora brother DCPL2540 DW','0.00','0.00','0','N','0.0000','0','0','0','','0000-00-00 00:00:00','','0000-00-00 00:00:00','0.00'),('10171','1415','punta p/ centrar','0.00','0.00','0','N','0.0000','0','0','0','','0000-00-00 00:00:00','','0000-00-00 00:00:00','0.00'),('10179','1416','bidon x 10lt','0.00','0.00','0','N','0.0000','0','0','0','','0000-00-00 00:00:00','','0000-00-00 00:00:00','0.00'),('10186','1417','Señalizador salida','0.00','0.00','0','N','0.0000','0','0','0','','0000-00-00 00:00:00','','0000-00-00 00:00:00','0.00'),('10187','1418','Borneras universal UKH N*50','0.00','0.00','0','N','0.0000','0','0','0','','0000-00-00 00:00:00','','0000-00-00 00:00:00','0.00'),('10188','1419','Pulsador  doble NA + nc verde rojo','0.00','0.00','0','N','0.0000','0','0','0','','0000-00-00 00:00:00','','0000-00-00 00:00:00','0.00'),('10207','1420','electrovalvula neumatica tipo NAMUR 5/2 bobina 220 vca','0.00','0.00','0','N','0.0000','0','0','0','','0000-00-00 00:00:00','','0000-00-00 00:00:00','0.00'),('10213','1421','punta moteada w-178','0.00','0.00','0','N','0.0000','0','0','0','','0000-00-00 00:00:00','','0000-00-00 00:00:00','0.00'),('10214','1422','\"bulon cab. exag. gb ma. dorado 12x1','75.00','0.00','0','','0.0000','0','0','0','','0000-00-00 00:00:00','','0000-00-00 00:00:00','0.00'),('10220','1423','morsa plana fija mod.','0.00','0.00','0','N','0.0000','0','0','0','','0000-00-00 00:00:00','','0000-00-00 00:00:00','0.00'),('10225','1424','punta moteada A-6','0.00','0.00','0','N','0.0000','0','0','0','','0000-00-00 00:00:00','','0000-00-00 00:00:00','0.00'),('10228','1425','punta moteada A-12','0.00','0.00','0','N','0.0000','0','0','0','','0000-00-00 00:00:00','','0000-00-00 00:00:00','0.00'),('10229','1426','punta moteada A 16','0.00','0.00','0','N','0.0000','0','0','0','','0000-00-00 00:00:00','','0000-00-00 00:00:00','0.00'),('10230','1427','punta moteada A-26','0.00','0.00','0','N','0.0000','0','0','0','','0000-00-00 00:00:00','','0000-00-00 00:00:00','0.00'),('10231','1428','punta moteada w-194','0.00','0.00','0','N','0.0000','0','0','0','','0000-00-00 00:00:00','','0000-00-00 00:00:00','0.00'),('10240','1429','Rodamiento 6017','0.00','0.00','0','N','17.0000','0','0','0','','0000-00-00 00:00:00','','0000-00-00 00:00:00','0.00'),('10243','1430','abrasadera N* 50 p /riego','0.00','0.00','0','N','0.0000','0','0','0','','0000-00-00 00:00:00','','0000-00-00 00:00:00','0.00'),('10244','1431','Bujes red 1 a 1/2','0.00','0.00','0','N','0.0000','0','0','0','','0000-00-00 00:00:00','','0000-00-00 00:00:00','0.00'),('10262','1432',' BOTAS DE GOMA','0.00','0.00','0','N','0.0000','0','0','0','','0000-00-00 00:00:00','','0000-00-00 00:00:00','0.00'),('10286','1433','ANTEOJO COLOR','0.00','0.00','0','N','0.0000','0','0','0','','0000-00-00 00:00:00','','0000-00-00 00:00:00','0.00'),('10287','1434','ANTEOJO TRANSP','0.00','0.00','0','N','0.0000','0','0','0','','0000-00-00 00:00:00','','0000-00-00 00:00:00','0.00'),('10292','1435','cable puente p / bateria','0.00','0.00','0','N','0.0000','0','0','0','','0000-00-00 00:00:00','','0000-00-00 00:00:00','0.00'),('10307','1436','Caja con ruleman  UGP-205','0.00','0.00','0','N','0.0000','0','0','0','','0000-00-00 00:00:00','','0000-00-00 00:00:00','0.00'),('10317','1437','\"pintura sint gris perla x 3','60.00','0.00','0','','0.0000','0','0','0','','0000-00-00 00:00:00','','0000-00-00 00:00:00','0.00'),('10328','1438','\"electrodo punta azul 3','25.00','0.00','0','','0.0000','0','0','0','','0000-00-00 00:00:00','','0000-00-00 00:00:00','0.00'),('10335','1439','Bulon inx 3/16 x 2','0.00','0.00','0','N','0.0000','0','0','0','','0000-00-00 00:00:00','','0000-00-00 00:00:00','0.00'),('10336','1440','tuerca inx  3/16','0.00','0.00','0','N','0.0000','0','0','0','','0000-00-00 00:00:00','','0000-00-00 00:00:00','0.00'),('10342','1441','Galgotrin x 1 lt','0.00','0.00','0','N','0.0000','0','0','0','','0000-00-00 00:00:00','','0000-00-00 00:00:00','0.00'),('10346','1442','Placa pegamentosa','0.00','0.00','0','N','0.0000','0','0','0','','0000-00-00 00:00:00','','0000-00-00 00:00:00','0.00'),('10348','1443','Rodilon estrusado x 1 kg','0.00','0.00','0','N','0.0000','0','0','0','','0000-00-00 00:00:00','','0000-00-00 00:00:00','0.00'),('10371','1444','guante p soda','0.00','0.00','0','N','0.0000','0','0','0','','0000-00-00 00:00:00','','0000-00-00 00:00:00','0.00'),('10380','1445','cable unipolar de 1x4mm','0.00','0.00','0','N','0.0000','0','0','0','','0000-00-00 00:00:00','','0000-00-00 00:00:00','0.00'),('10381','1446','\"estructural 40x80 x1','2.00','0.00','0','','0.0000','0','0','0','','0000-00-00 00:00:00','','0000-00-00 00:00:00','0.00'),('10385','1447','bateria moura UE p/tractor','0.00','0.00','0','N','0.0000','0','0','0','','0000-00-00 00:00:00','','0000-00-00 00:00:00','0.00'),('10424','1448','filtro de aire 22 hp briggs&st','0.00','0.00','0','N','0.0000','0','0','0','','0000-00-00 00:00:00','','0000-00-00 00:00:00','0.00'),('10425','1449','pre-filtro aire 22 hp B & S','0.00','0.00','0','N','0.0000','0','0','0','','0000-00-00 00:00:00','','0000-00-00 00:00:00','0.00'),('10426','1450','filtro de combustible B & S','0.00','0.00','0','N','0.0000','0','0','0','','0000-00-00 00:00:00','','0000-00-00 00:00:00','0.00'),('10427','1451','Casquillo p/ bordeadora','0.00','0.00','0','N','0.0000','0','0','0','','0000-00-00 00:00:00','','0000-00-00 00:00:00','0.00'),('10467','1452','Moto bomba Honda','0.00','0.00','0','N','0.0000','0','0','0','','0000-00-00 00:00:00','','0000-00-00 00:00:00','0.00'),('10486','1453',' MEDIA  sombra negra','0.00','0.00','0','N','16.0000','0','0','0','','0000-00-00 00:00:00','','0000-00-00 00:00:00','0.00'),('10497','1454','\"plastico negro 2','0.00','0.00','0','','0.0000','0','0','0','','0000-00-00 00:00:00','','0000-00-00 00:00:00','0.00'),('10504','1455','pegamento sintetico fortex','0.00','0.00','0','N','0.0000','0','0','0','','0000-00-00 00:00:00','','0000-00-00 00:00:00','0.00'),('10511','1456','sellos varios','0.00','0.00','0','N','0.0000','0','0','0','','0000-00-00 00:00:00','','0000-00-00 00:00:00','0.00'),('10516','1457','aceite F30','0.00','0.00','0','N','0.0000','0','0','0','','0000-00-00 00:00:00','','0000-00-00 00:00:00','0.00'),('10533','1458','tela mosquitera pvc','0.00','0.00','0','N','0.0000','0','0','0','','0000-00-00 00:00:00','','0000-00-00 00:00:00','0.00'),('10540','1459','manguera transparente 9x11','0.00','0.00','0','N','0.0000','0','0','0','','0000-00-00 00:00:00','','0000-00-00 00:00:00','0.00'),('10546','1460','V-RING VA-25','0.00','0.00','0','N','0.0000','0','0','0','','0000-00-00 00:00:00','','0000-00-00 00:00:00','0.00'),('10549','1461','reten 5189 40-60-10','0.00','0.00','0','N','0.0000','0','0','0','','0000-00-00 00:00:00','','0000-00-00 00:00:00','0.00'),('10552','1462','reten 5069 40-62-10','0.00','0.00','0','N','0.0000','0','0','0','','0000-00-00 00:00:00','','0000-00-00 00:00:00','0.00'),('10577','1463','cepillo sin mango 6x19 mm','0.00','0.00','0','N','5.0000','0','0','0','','0000-00-00 00:00:00','','0000-00-00 00:00:00','0.00'),('10579','1464','cepillo acero s/mango','0.00','0.00','0','N','0.0000','0','0','0','','0000-00-00 00:00:00','','0000-00-00 00:00:00','0.00'),('10608','1465','kit intermediate service 18784','0.00','0.00','0','N','0.0000','0','0','0','','0000-00-00 00:00:00','','0000-00-00 00:00:00','0.00'),('10609','1466','kit intermediate service 18785','0.00','0.00','0','N','0.0000','0','0','0','','0000-00-00 00:00:00','','0000-00-00 00:00:00','0.00'),('10610','1467','kit intermediate service 18786','0.00','0.00','0','N','0.0000','0','0','0','','0000-00-00 00:00:00','','0000-00-00 00:00:00','0.00'),('10616','1468','Glifosfato panzer gold x 20 lt','0.00','0.00','0','N','0.0000','0','0','0','','0000-00-00 00:00:00','','0000-00-00 00:00:00','0.00'),('10617','1469','Briac 5000 x 20 lt','0.00','0.00','0','N','0.0000','0','0','0','','0000-00-00 00:00:00','','0000-00-00 00:00:00','0.00'),('10627','1470','MECHA WIDIA','0.00','0.00','0','N','5.0000','0','0','0','','0000-00-00 00:00:00','','0000-00-00 00:00:00','0.00'),('10628','1471','LLAVE LUZ P/EXT 3X32 AMP','0.00','0.00','0','N','0.0000','0','0','0','','0000-00-00 00:00:00','','0000-00-00 00:00:00','0.00'),('10636','1472','hierro nº10','0.00','0.00','0','N','0.0000','0','0','0','','0000-00-00 00:00:00','','0000-00-00 00:00:00','0.00'),('10637','1473','hierro nº12','0.00','0.00','0','N','0.0000','0','0','0','','0000-00-00 00:00:00','','0000-00-00 00:00:00','0.00'),('10638','1474','perfil C','0.00','0.00','0','N','0.0000','0','0','0','','0000-00-00 00:00:00','','0000-00-00 00:00:00','0.00'),('10654','1475','manguera cristal','0.00','0.00','0','N','0.0000','0','0','0','','0000-00-00 00:00:00','','0000-00-00 00:00:00','0.00'),('10672','1476','policarbonato transp','0.00','0.00','0','N','0.0000','0','0','0','','0000-00-00 00:00:00','','0000-00-00 00:00:00','0.00'),('10680','1477','delantal de jean','0.00','0.00','0','N','0.0000','0','0','0','','0000-00-00 00:00:00','','0000-00-00 00:00:00','0.00'),('10712','1478','Mango p / tubo de 1/2','0.00','0.00','0','N','0.0000','0','0','0','','0000-00-00 00:00:00','','0000-00-00 00:00:00','0.00'),('10729','1479','reten 5175 40x55x8','0.00','0.00','0','N','0.0000','0','0','0','','0000-00-00 00:00:00','','0000-00-00 00:00:00','0.00'),('10734','1480','cadena 70 DC','0.00','0.00','0','N','0.0000','0','0','0','','0000-00-00 00:00:00','','0000-00-00 00:00:00','0.00'),('10737','1481','cable de acero 5mm x metro','0.00','0.00','0','N','0.0000','0','0','0','','0000-00-00 00:00:00','','0000-00-00 00:00:00','0.00'),('10750','1482','bota s/puntera','0.00','0.00','0','N','0.0000','0','0','0','','0000-00-00 00:00:00','','0000-00-00 00:00:00','0.00'),('10791','1483','cofias','0.00','0.00','0','N','0.0000','0','0','0','','0000-00-00 00:00:00','','0000-00-00 00:00:00','0.00'),('10819','1484','junta danesa 2 1/2\" acrilo nit','0.00','0.00','0','N','0.0000','0','0','0','','0000-00-00 00:00:00','','0000-00-00 00:00:00','0.00'),('10824','1485','valvula esferica 3/4\" inx','0.00','0.00','0','N','0.0000','0','0','0','','0000-00-00 00:00:00','','0000-00-00 00:00:00','0.00'),('10825','1486','niple inx 3/4\" x 60','0.00','0.00','0','N','0.0000','0','0','0','','0000-00-00 00:00:00','','0000-00-00 00:00:00','0.00'),('10847','1487','arandela 1/2\"','0.00','0.00','0','N','0.0000','0','0','0','','0000-00-00 00:00:00','','0000-00-00 00:00:00','0.00'),('10850','1488','alambre galvanizado nº20','0.00','0.00','0','N','0.0000','0','0','0','','0000-00-00 00:00:00','','0000-00-00 00:00:00','0.00'),('10867','1489','\"estructural 40 x 80 x 1','6.00','0.00','0','','0.0000','0','0','0','','0000-00-00 00:00:00','','0000-00-00 00:00:00','0.00'),('10882','1490','aceite aerosol W80','0.00','0.00','0','N','0.0000','0','0','0','','0000-00-00 00:00:00','','0000-00-00 00:00:00','0.00'),('10890','1491','grifo pvc 3/4','0.00','0.00','0','N','0.0000','0','0','0','','0000-00-00 00:00:00','','0000-00-00 00:00:00','0.00'),('10897','1492','bulon inx 5/16\" x 2\"','0.00','0.00','0','N','0.0000','0','0','0','','0000-00-00 00:00:00','','0000-00-00 00:00:00','0.00'),('10898','1493','tuerca inx 1/4\"','0.00','0.00','0','N','0.0000','0','0','0','','0000-00-00 00:00:00','','0000-00-00 00:00:00','0.00'),('10899','1494','tuerca inx autofrenante 1/4\"','0.00','0.00','0','N','0.0000','0','0','0','','0000-00-00 00:00:00','','0000-00-00 00:00:00','0.00'),('10900','1495','arandela plana inx 1/4\"','0.00','0.00','0','N','0.0000','0','0','0','','0000-00-00 00:00:00','','0000-00-00 00:00:00','0.00'),('10906','1496','\"acople diam 8','5.00','5.00','0','','0.0000','0','0','0','N','0000-00-00 00:00:00','','0000-00-00 00:00:00','0.00'),('10907','1497','desengrasante para NEA','0.00','0.00','0','N','0.0000','0','0','0','','0000-00-00 00:00:00','','0000-00-00 00:00:00','0.00'),('10910','1498','piñon Z19 ASA40','0.00','0.00','0','N','0.0000','0','0','0','','0000-00-00 00:00:00','','0000-00-00 00:00:00','0.00'),('10917','1499','Reten','0.00','0.00','0','N','19.0000','0','0','0','','0000-00-00 00:00:00','','0000-00-00 00:00:00','0.00'),('10937','1500','tuerca inx 5/16\"','0.00','0.00','0','N','0.0000','0','0','0','','0000-00-00 00:00:00','','0000-00-00 00:00:00','0.00'),('10938','1501','tuerca inx autofrenante 5/16\"','0.00','0.00','0','N','0.0000','0','0','0','','0000-00-00 00:00:00','','0000-00-00 00:00:00','0.00'),('10939','1502','arandela plana inx 5/16\"','0.00','0.00','0','N','0.0000','0','0','0','','0000-00-00 00:00:00','','0000-00-00 00:00:00','0.00'),('10940','1503','bulon inx 1/2\" x 1\"','0.00','0.00','0','N','0.0000','0','0','0','','0000-00-00 00:00:00','','0000-00-00 00:00:00','0.00'),('10941','1504','bulon inx 1/2\" x 1 1/2\"','0.00','0.00','0','N','0.0000','0','0','0','','0000-00-00 00:00:00','','0000-00-00 00:00:00','0.00'),('10942','1505','tuerca inx 1/2\"','0.00','0.00','0','N','0.0000','0','0','0','','0000-00-00 00:00:00','','0000-00-00 00:00:00','0.00'),('10943','1506','tuerca inx autofrenante 1/2\"','0.00','0.00','0','N','0.0000','0','0','0','','0000-00-00 00:00:00','','0000-00-00 00:00:00','0.00'),('10944','1507','arandela plana inx 1/2\"','0.00','0.00','0','N','0.0000','0','0','0','','0000-00-00 00:00:00','','0000-00-00 00:00:00','0.00'),('10945','1508','bulon inx 5/8\" x 1\"','0.00','0.00','0','N','0.0000','0','0','0','','0000-00-00 00:00:00','','0000-00-00 00:00:00','0.00'),('10946','1509','bulon inx 5/8\" x 1 3/4\"','0.00','0.00','0','N','0.0000','0','0','0','','0000-00-00 00:00:00','','0000-00-00 00:00:00','0.00'),('10947','1510','bulon inx 5/8\" x 2 1/2','0.00','0.00','0','N','0.0000','0','0','0','','0000-00-00 00:00:00','','0000-00-00 00:00:00','0.00'),('10948','1511','arandela plana inx 5/8\"','0.00','0.00','0','N','0.0000','0','0','0','','0000-00-00 00:00:00','','0000-00-00 00:00:00','0.00'),('10949','1512','turca inx 5/8\"','0.00','0.00','0','N','0.0000','0','0','0','','0000-00-00 00:00:00','','0000-00-00 00:00:00','0.00'),('10979','1513','barras para chavetas 6 x 6mm','0.00','0.00','0','N','0.0000','0','0','0','','0000-00-00 00:00:00','','0000-00-00 00:00:00','0.00'),('10983','1514','cabo para lima','0.00','0.00','0','N','0.0000','0','0','0','','0000-00-00 00:00:00','','0000-00-00 00:00:00','0.00'),('10997','1515','Reten 5270 (30/40/7)','0.00','0.00','0','N','0.0000','0','0','0','','0000-00-00 00:00:00','','0000-00-00 00:00:00','0.00'),('11029','1516','kit llave allen 25 piezas','0.00','0.00','0','N','0.0000','0','0','0','','0000-00-00 00:00:00','','0000-00-00 00:00:00','0.00'),('11038','1517','sierra copa bimetalica','0.00','0.00','0','N','0.0000','0','0','0','','0000-00-00 00:00:00','','0000-00-00 00:00:00','0.00'),('11052','1518','\"mecha acero rapido 4','0.00','0.00','0','','0.0000','0','0','0','','0000-00-00 00:00:00','','0000-00-00 00:00:00','0.00'),('11056','1519','base para sierra copa 33 a 103mm','0.00','0.00','0','N','0.0000','0','0','0','','0000-00-00 00:00:00','','0000-00-00 00:00:00','0.00'),('11071','1520','CEPILLO DE CERDA Nº3 ONDULADO','0.00','0.00','0','N','0.0000','0','0','0','','0000-00-00 00:00:00','','0000-00-00 00:00:00','0.00'),('11072','1521','CEPILLO DE NYLON ONDULADO','0.00','0.00','0','N','0.0000','0','0','0','','0000-00-00 00:00:00','','0000-00-00 00:00:00','0.00'),('11077','1522','cepillos  singulador de  nylon','0.00','0.00','0','N','0.0000','0','0','0','','0000-00-00 00:00:00','','0000-00-00 00:00:00','0.00'),('11097','1523','angulo 2\" x 6mts','0.00','0.00','0','N','0.0000','0','0','0','','0000-00-00 00:00:00','','0000-00-00 00:00:00','0.00'),('11098','1524','perfil T 2\" x 6mts','0.00','0.00','0','N','0.0000','0','0','0','','0000-00-00 00:00:00','','0000-00-00 00:00:00','0.00'),('11099','1525','planchuela 1 1/2\" x 6mts','0.00','0.00','0','N','0.0000','0','0','0','','0000-00-00 00:00:00','','0000-00-00 00:00:00','0.00'),('11100','1526','angulo 1 1/2\" x 6mts','0.00','0.00','0','N','0.0000','0','0','0','','0000-00-00 00:00:00','','0000-00-00 00:00:00','0.00'),('11101','1527','planchuela 1 1/4\" x 6mts','0.00','0.00','0','N','0.0000','0','0','0','','0000-00-00 00:00:00','','0000-00-00 00:00:00','0.00'),('11102','1528','\"hierro U','120.00','0.00','0','','0.0000','0','0','0','','0000-00-00 00:00:00','','0000-00-00 00:00:00','0.00'),('11103','1529','hierro redondo 20mm x 12mts','0.00','0.00','0','N','0.0000','0','0','0','','0000-00-00 00:00:00','','0000-00-00 00:00:00','0.00'),('11105','1530','\"malla 2','6.00','6.00','0','','0.0000','0','0','0','N','0000-00-00 00:00:00','','0000-00-00 00:00:00','0.00'),('11115','1531','angulo 1 1/4\" x 6mts','0.00','0.00','0','N','0.0000','0','0','0','','0000-00-00 00:00:00','','0000-00-00 00:00:00','0.00'),('11120','1532','planchuela 2 1/2\" x 6mts','0.00','0.00','0','N','0.0000','0','0','0','','0000-00-00 00:00:00','','0000-00-00 00:00:00','0.00'),('11125','1533','\"tubos estructurales 40x40x 1','60.00','0.00','0','','0.0000','0','0','0','','0000-00-00 00:00:00','','0000-00-00 00:00:00','0.00'),('11126','1534','\"tubos estructurales 3x1','60.00','0.00','0','','0.0000','0','0','0','','0000-00-00 00:00:00','','0000-00-00 00:00:00','0.00'),('11127','1535','\"tubos estructurales 2x1','60.00','0.00','0','','0.0000','0','0','0','','0000-00-00 00:00:00','','0000-00-00 00:00:00','0.00'),('11160','1536','bulon pulido completo 3/8\" x1 1/2\"','0.00','0.00','0','N','0.0000','0','0','0','','0000-00-00 00:00:00','','0000-00-00 00:00:00','0.00'),('11166','1537','tornillo L','0.00','0.00','0','N','0.0000','0','0','0','','0000-00-00 00:00:00','','0000-00-00 00:00:00','0.00'),('11169','1538','arandelas grower 1 1/4\"','0.00','0.00','0','N','0.0000','0','0','0','','0000-00-00 00:00:00','','0000-00-00 00:00:00','0.00'),('11170','1539','barras para chavetas 6 x 6','0.00','0.00','0','N','0.0000','0','0','0','','0000-00-00 00:00:00','','0000-00-00 00:00:00','0.00'),('11186','1540','presa plato alfa laval 714','0.00','0.00','0','N','0.0000','0','0','0','','0000-00-00 00:00:00','','0000-00-00 00:00:00','0.00'),('11196','1541','RODAMIENTO YAR 212','0.00','0.00','0','N','0.0000','0','0','0','','0000-00-00 00:00:00','','0000-00-00 00:00:00','0.00'),('11215','1542','rodamiento 6311 C3','0.00','0.00','0','N','0.0000','0','0','0','','0000-00-00 00:00:00','','0000-00-00 00:00:00','0.00'),('11227','1543','reten 6654 25-40-7','0.00','0.00','0','N','0.0000','0','0','0','','0000-00-00 00:00:00','','0000-00-00 00:00:00','0.00'),('11228','1544','reten 7696 18-37-8','0.00','0.00','0','N','0.0000','0','0','0','','0000-00-00 00:00:00','','0000-00-00 00:00:00','0.00'),('11229','1545','reten 7354 35-52-7','0.00','0.00','0','N','0.0000','0','0','0','','0000-00-00 00:00:00','','0000-00-00 00:00:00','0.00'),('11230','1546','reten 5316 30-42-7','0.00','0.00','0','N','0.0000','0','0','0','','0000-00-00 00:00:00','','0000-00-00 00:00:00','0.00'),('11231','1547','reten 8954 62-90-10','0.00','0.00','0','N','0.0000','0','0','0','','0000-00-00 00:00:00','','0000-00-00 00:00:00','0.00'),('11232','1548','reten 10659 85-105-11','0.00','0.00','0','N','0.0000','0','0','0','','0000-00-00 00:00:00','','0000-00-00 00:00:00','0.00'),('11251','1549','reten 7506','0.00','0.00','0','N','0.0000','0','0','0','','0000-00-00 00:00:00','','0000-00-00 00:00:00','0.00'),('11252','1550','reten 8325','0.00','0.00','0','N','0.0000','0','0','0','','0000-00-00 00:00:00','','0000-00-00 00:00:00','0.00'),('11253','1551','reten 7147','0.00','0.00','0','N','0.0000','0','0','0','','0000-00-00 00:00:00','','0000-00-00 00:00:00','0.00'),('11265','1552','botines de trabajo c/ punta de acero','0.00','0.00','0','N','0.0000','0','0','0','','0000-00-00 00:00:00','','0000-00-00 00:00:00','0.00'),('11270','1553','guante descarne','0.00','0.00','0','N','0.0000','0','0','0','','0000-00-00 00:00:00','','0000-00-00 00:00:00','0.00'),('11274','1554','CABLE UNIPOLAR DE 6MM','0.00','0.00','0','N','0.0000','0','0','0','','0000-00-00 00:00:00','','0000-00-00 00:00:00','0.00'),('11284','1555','CARETA P/ SOLDAR','0.00','0.00','0','N','0.0000','0','0','0','','0000-00-00 00:00:00','','0000-00-00 00:00:00','0.00'),('11293','1556','PIÑON EJE 30 P/  COMPAC PRE','0.00','0.00','0','N','12.0000','0','0','0','','0000-00-00 00:00:00','','0000-00-00 00:00:00','0.00'),('11300','1557','PROGRAMADOR','0.00','0.00','0','N','0.0000','0','0','0','','0000-00-00 00:00:00','','0000-00-00 00:00:00','0.00'),('11315','1558','Correa PHG SPB4500','0.00','0.00','0','N','0.0000','0','0','0','','0000-00-00 00:00:00','','0000-00-00 00:00:00','0.00'),('11322','1559','reten 8105 45-60-7','0.00','0.00','0','N','0.0000','0','0','0','','0000-00-00 00:00:00','','0000-00-00 00:00:00','0.00'),('11323','1560','reten 6863-5 85-105-12','0.00','0.00','0','N','0.0000','0','0','0','','0000-00-00 00:00:00','','0000-00-00 00:00:00','0.00'),('11324','1561','reten 6738 110-130-13','0.00','0.00','0','N','0.0000','0','0','0','','0000-00-00 00:00:00','','0000-00-00 00:00:00','0.00'),('11325','1562','reten 5317 30-42-8','0.00','0.00','0','N','0.0000','0','0','0','','0000-00-00 00:00:00','','0000-00-00 00:00:00','0.00'),('11326','1563','reten 7068 45-62-10','0.00','0.00','0','N','0.0000','0','0','0','','0000-00-00 00:00:00','','0000-00-00 00:00:00','0.00'),('11341','1564','rodamiento 6316 C3','0.00','0.00','0','N','0.0000','0','0','0','','0000-00-00 00:00:00','','0000-00-00 00:00:00','0.00'),('11342','1565','rodamiento 2206 ETN9','0.00','0.00','0','N','0.0000','0','0','0','','0000-00-00 00:00:00','','0000-00-00 00:00:00','0.00'),('11343','1566','rodamiento 6210 2Z','0.00','0.00','0','N','0.0000','0','0','0','','0000-00-00 00:00:00','','0000-00-00 00:00:00','0.00'),('11344','1567','rodamiento 61908 2Z/C3','0.00','0.00','0','N','0.0000','0','0','0','','0000-00-00 00:00:00','','0000-00-00 00:00:00','0.00'),('11358','1568','rodamiento 61908 2RS1','0.00','0.00','0','N','0.0000','0','0','0','','0000-00-00 00:00:00','','0000-00-00 00:00:00','0.00'),('11360','1569','rodamiento 6004','0.00','0.00','0','N','0.0000','0','0','0','','0000-00-00 00:00:00','','0000-00-00 00:00:00','0.00'),('11361','1570','rodamiento 6212 C3','0.00','0.00','0','N','0.0000','0','0','0','','0000-00-00 00:00:00','','0000-00-00 00:00:00','0.00'),('11362','1571','rodamiento 6319 C3','0.00','0.00','0','N','12.0000','0','0','0','','0000-00-00 00:00:00','','0000-00-00 00:00:00','0.00'),('11364','1572','rodamiento 6204 2Z','0.00','0.00','0','N','0.0000','0','0','0','','0000-00-00 00:00:00','','0000-00-00 00:00:00','0.00'),('11380','1573','rodamiento 6306 2Z','0.00','0.00','0','N','0.0000','0','0','0','','0000-00-00 00:00:00','','0000-00-00 00:00:00','0.00'),('11381','1574','rodamiento 6308 2Z','0.00','0.00','0','N','0.0000','0','0','0','','0000-00-00 00:00:00','','0000-00-00 00:00:00','0.00'),('11382','1575','rodamiento 22205 E','0.00','0.00','0','N','0.0000','0','0','0','','0000-00-00 00:00:00','','0000-00-00 00:00:00','0.00'),('11383','1576','rodamiento 6308 2RS1','0.00','0.00','0','N','0.0000','0','0','0','','0000-00-00 00:00:00','','0000-00-00 00:00:00','0.00'),('11384','1577','rodamiento 6314 2Z','0.00','0.00','0','N','0.0000','0','0','0','','0000-00-00 00:00:00','','0000-00-00 00:00:00','0.00'),('11385','1578','rodamiento 7308 BECBM','0.00','0.00','0','N','0.0000','0','0','0','','0000-00-00 00:00:00','','0000-00-00 00:00:00','0.00'),('11394','1579','rodamiento 6310 2RS1','0.00','0.00','0','N','0.0000','0','0','0','','0000-00-00 00:00:00','','0000-00-00 00:00:00','0.00'),('11400','1580','caja p/ rodamiento FYT 505 M','0.00','0.00','0','N','0.0000','0','0','0','','0000-00-00 00:00:00','','0000-00-00 00:00:00','0.00'),('11401','1581','caja p/ rodamiento SY 509 M','0.00','0.00','0','N','0.0000','0','0','0','','0000-00-00 00:00:00','','0000-00-00 00:00:00','0.00'),('11402','1582','caja p/ rodamiento SY 507 M','0.00','0.00','0','N','0.0000','0','0','0','','0000-00-00 00:00:00','','0000-00-00 00:00:00','0.00'),('11403','1583','caja p/ rodamiento FY 509 M','0.00','0.00','0','N','0.0000','0','0','0','','0000-00-00 00:00:00','','0000-00-00 00:00:00','0.00'),('11404','1584','caja p/ rodamiento FYTB 509 M','0.00','0.00','0','N','0.0000','0','0','0','','0000-00-00 00:00:00','','0000-00-00 00:00:00','0.00'),('11413','1585','v-ring VA 50','0.00','0.00','0','N','0.0000','0','0','0','','0000-00-00 00:00:00','','0000-00-00 00:00:00','0.00'),('11419','1586','correa  PHG B46','0.00','0.00','0','N','12.0000','0','0','0','','0000-00-00 00:00:00','','0000-00-00 00:00:00','0.00'),('11420','1587','correa PHG B47','0.00','0.00','0','N','0.0000','0','0','0','','0000-00-00 00:00:00','','0000-00-00 00:00:00','0.00'),('11421','1588','correa PHG C64','0.00','0.00','0','N','0.0000','0','0','0','','0000-00-00 00:00:00','','0000-00-00 00:00:00','0.00'),('11422','1589','correa PHG B38','0.00','0.00','0','N','0.0000','0','0','0','','0000-00-00 00:00:00','','0000-00-00 00:00:00','0.00'),('11423','1590','correa PHG C85','0.00','0.00','0','N','0.0000','0','0','0','','0000-00-00 00:00:00','','0000-00-00 00:00:00','0.00'),('11430','1591','reten 65-85-10 HMSA10RG','0.00','0.00','0','N','0.0000','0','0','0','','0000-00-00 00:00:00','','0000-00-00 00:00:00','0.00'),('11444','1592','sin fin carcasa 80','0.00','0.00','0','N','0.0000','0','0','0','','0000-00-00 00:00:00','','0000-00-00 00:00:00','0.00'),('11452','1593','corona con bujes','0.00','0.00','0','N','13.0000','0','0','0','','0000-00-00 00:00:00','','0000-00-00 00:00:00','0.00'),('11460','1594','SOLDADOR A /  GAS','0.00','0.00','0','N','0.0000','0','0','0','','0000-00-00 00:00:00','','0000-00-00 00:00:00','0.00'),('11464','1595','RODAJA DE GOMA','0.00','0.00','0','N','0.0000','0','0','0','','0000-00-00 00:00:00','','0000-00-00 00:00:00','0.00'),('11469','1596','EJE CINTA CADENA EMP','0.00','0.00','0','N','13.0000','0','0','0','','0000-00-00 00:00:00','','0000-00-00 00:00:00','0.00'),('11470','1597','PIÑON DOBLE P/  ENCERADORA','0.00','0.00','0','N','0.0000','0','0','0','','0000-00-00 00:00:00','','0000-00-00 00:00:00','0.00'),('11501','1598','GUMI Nº30','0.00','0.00','0','N','0.0000','0','0','0','','0000-00-00 00:00:00','','0000-00-00 00:00:00','0.00'),('11502','1599','MAZA GUMI Nº30','0.00','0.00','0','N','0.0000','0','0','0','','0000-00-00 00:00:00','','0000-00-00 00:00:00','0.00'),('11507','1600','GUMI F A -3','0.00','0.00','0','N','16.0000','0','0','0','','0000-00-00 00:00:00','','0000-00-00 00:00:00','0.00'),('11508','1601','MAZA GUMI F A -3','0.00','0.00','0','N','0.0000','0','0','0','','0000-00-00 00:00:00','','0000-00-00 00:00:00','0.00'),('11514','1602','RETEN 9118 (30-47-7)','0.00','0.00','0','N','0.0000','0','0','0','','0000-00-00 00:00:00','','0000-00-00 00:00:00','0.00'),('11527','1603','pintura asfaltica','0.00','0.00','0','N','0.0000','0','0','0','','0000-00-00 00:00:00','','0000-00-00 00:00:00','0.00'),('11563','1604','reten 5168 100-125-13','0.00','0.00','0','N','0.0000','0','0','0','','0000-00-00 00:00:00','','0000-00-00 00:00:00','0.00'),('11564','1605','reten 80-100-10','0.00','0.00','0','N','0.0000','0','0','0','','0000-00-00 00:00:00','','0000-00-00 00:00:00','0.00'),('11565','1606','reten 25-40-7','0.00','0.00','0','N','0.0000','0','0','0','','0000-00-00 00:00:00','','0000-00-00 00:00:00','0.00'),('11583','1607','Rodamiento 6210 C3','0.00','0.00','0','N','0.0000','0','0','0','','0000-00-00 00:00:00','','0000-00-00 00:00:00','0.00'),('11597','1608','reten 5230 50-65-10','0.00','0.00','0','N','0.0000','0','0','0','','0000-00-00 00:00:00','','0000-00-00 00:00:00','0.00'),('11616','1609',' TAPA INF DE CABEZAL/BORDEADORA','0.00','0.00','0','N','0.0000','0','0','0','','0000-00-00 00:00:00','','0000-00-00 00:00:00','0.00'),('11623','1610','V-RING VA 28','0.00','0.00','0','N','0.0000','0','0','0','','0000-00-00 00:00:00','','0000-00-00 00:00:00','0.00'),('11633','1611','gummi 70','0.00','0.00','0','N','0.0000','0','0','0','','0000-00-00 00:00:00','','0000-00-00 00:00:00','0.00'),('11643','1612','llave termica 16 A','0.00','0.00','0','N','0.0000','0','0','0','','0000-00-00 00:00:00','','0000-00-00 00:00:00','0.00'),('11684','1613','protector vitelast acuoso','0.00','0.00','0','N','0.0000','0','0','0','','0000-00-00 00:00:00','','0000-00-00 00:00:00','0.00'),('11701','1614','taladro de 13 mm','0.00','0.00','0','N','0.0000','0','0','0','','0000-00-00 00:00:00','','0000-00-00 00:00:00','0.00'),('11710','1615','ladrillo ref cuchilla nº1 fara 45','0.00','0.00','0','N','0.0000','0','0','0','','0000-00-00 00:00:00','','0000-00-00 00:00:00','0.00'),('11711','1616','ladrillo ref cuchilla nº 2 fara 45','0.00','0.00','0','N','0.0000','0','0','0','','0000-00-00 00:00:00','','0000-00-00 00:00:00','0.00'),('11712','1617','ladrillo ref recto x 63 mm fara 45','0.00','0.00','0','N','0.0000','0','0','0','','0000-00-00 00:00:00','','0000-00-00 00:00:00','0.00'),('11713','1618','plastico ref tipo II 32 1/2 fara 45','0.00','0.00','0','N','0.0000','0','0','0','','0000-00-00 00:00:00','','0000-00-00 00:00:00','0.00'),('11714','1619','plastico ref 1-34 - 55%','0.00','0.00','0','N','0.0000','0','0','0','','0000-00-00 00:00:00','','0000-00-00 00:00:00','0.00'),('11721','1620','adoquin de 8cm uni gris','0.00','0.00','0','N','0.0000','0','0','0','','0000-00-00 00:00:00','','0000-00-00 00:00:00','0.00'),('11725','1621','Hhidro acero INX','0.00','0.00','0','N','0.0000','0','0','0','','0000-00-00 00:00:00','','0000-00-00 00:00:00','0.00'),('11736','1622','Boquilla Aspersor','0.00','0.00','0','N','0.0000','0','0','0','','0000-00-00 00:00:00','','0000-00-00 00:00:00','0.00');

/*Table structure for table `insumos_proveedores` */

DROP TABLE IF EXISTS `insumos_proveedores`;

CREATE TABLE `insumos_proveedores` (
  `id` decimal(10,0) NOT NULL,
  `id_proveedor` decimal(10,0) NOT NULL,
  `id_insumo` decimal(10,0) NOT NULL,
  `nombre` varchar(40) NOT NULL,
  PRIMARY KEY (`id`),
  KEY `insumos_proveedores_id_insumo` (`id_insumo`),
  CONSTRAINT `insumos_proveedores_ibfk_1` FOREIGN KEY (`id_insumo`) REFERENCES `insumos` (`id`) ON DELETE CASCADE
) ENGINE=InnoDB DEFAULT CHARSET=latin1;

/*Data for the table `insumos_proveedores` */

insert  into `insumos_proveedores`(`id`,`id_proveedor`,`id_insumo`,`nombre`) values ('10468','10466','10467','Moto bomba Honda'),('10487','10127','10486','1/2 som ne'),('10498','10127','10497','\"pl. ne 2'),('10505','10319','10504','cola sintetica A=20 v 125gr - fortex'),('10512','10510','10511','sello mec grundfos chi-12-D16'),('10517','908','10516','ELAION F30 (SEMISINTETICO) 10W-40'),('10534','210','10533','tela mosquitera'),('10541','210','10540','manguera');

/*Table structure for table `maquinas` */

DROP TABLE IF EXISTS `maquinas`;

CREATE TABLE `maquinas` (
  `id` decimal(10,0) NOT NULL,
  `codigo` varchar(10) DEFAULT NULL,
  `descripcion` varchar(50) DEFAULT NULL,
  `modelo` varchar(50) DEFAULT NULL,
  `dominio` varchar(15) DEFAULT NULL,
  `id_modulo` decimal(10,0) DEFAULT NULL,
  `id_sector` decimal(10,0) DEFAULT NULL,
  PRIMARY KEY (`id`),
  UNIQUE KEY `maquinas_id` (`id`),
  UNIQUE KEY `maquinas_codigo` (`codigo`),
  KEY `maquinas_descripcion` (`descripcion`),
  KEY `maquinas_id_modulo` (`id_modulo`),
  KEY `maquinas_id_sector` (`id_sector`)
) ENGINE=InnoDB DEFAULT CHARSET=latin1;

/*Data for the table `maquinas` */

insert  into `maquinas`(`id`,`codigo`,`descripcion`,`modelo`,`dominio`,`id_modulo`,`id_sector`) values ('1','031','Unidad de Poder Pre','','','1','1'),('2','28','Volcadora Nº 1 Pre (prodol)','','','1','1'),('3','29','Volcadora Nº 2 Pre','','','1','1'),('4','27','Hidro-Inmersor Pre','','','1','1'),('5','26','Elevador del Hidro Pre','','','1','1'),('7','032','Recirculación de agua Pre','','','1','1'),('9','25','Cinta saca-hojas Nº 2 Pre','','','1','1'),('10','23','Mesa Inspección Pre','','','1','1'),('11','22','Lavadora de Frutas Pre','','','1','1'),('12','21','Tunel de Secado Pre','','','1','1'),('13','033','Mesa Ancha Pulmón Pre','','','1','1'),('14','034','Calibrador Compac 6 vías Pre','Invision 7000 C','','1','1'),('15','1','Tolvas de Fabrica ','','','6','6'),('16','56','Compac 3 Vias Emp.','','','2','2'),('17','201','Sistema electrico de Preselección','','','7','7'),('18','203','Sistema electrico de Empaque','','','7','7'),('19','202','Luminarias de Preselección','','','7','7'),('20','204','Luminarias de Empaque','','','7','7'),('21','205','Luminaria exterior','','','7','7'),('22','2','Cinta de Transferencia','','','6','6'),('23','3','Cinta Larga a Fabrica (1)','','','6','6'),('24','4','Cinta Larga a Fabrica (2)','','','6','6'),('25','5','Silos ','','','6','6'),('26','6','Cintas sobre silos ','','','6','6'),('27','7','Cinta Transportadora a Silo ','','','6','6'),('28','8','Elevador de Tacos a Silo (1)','','','6','6'),('29','9','Elevador de Tacos a Silo (2)','','','6','6'),('30','10','Cinta Larga Descarte fabrica ','','','6','6'),('31','11','Elevador Corto de Descarte ','','','6','6'),('32','12 ','Cinta bajo Compac ','','','6','6'),('33','13','Cinta Angosta de Descarte Manual ','','','6','6'),('34','14','Cinta de Distribucion (1) Pre','','','1','1'),('35','15','Cinta de Distribucion (2) Pre','','','1','1'),('36','16','Mesa de Aplicacion de Quimicos (6)Pre','','','1','1'),('37','17','Tambores y Aplicadores de Qcos (3) Pre ','','','1','1'),('38','18','Mesa de Producto (3) Pre','','','1','1'),('39','19','Aplicador de Productos (6) Pre','','','1','1'),('40','20','Cinta Ancha Antes de Calibrador Pre','','','1','1'),('41','24','Mesa Saca Hojas Pre','','','1','1'),('42','30','Eletricidad Gral Pre','','','1','1'),('43','31','Volcadora Emp.','','','2','2'),('44','32','Unidad de Poder Emp.','','','2','2'),('45','33','Hidro-Inmersor Emp.','','','2','2'),('46','34','Elevador del Hidro Emp.','','','2','2'),('47','35','Mesa de Inspeccion Emp.','','','2','2'),('48','36','Cintas Descartes Fabrica (2) Emp.','','','2','2'),('49','37','Lavadora Emp.','','','2','2'),('50','38','Mesa de Aplic.Funguicida Emp.','','','2','2'),('51','39','Aplicador de Fungicida Emp.','','','2','2'),('52','40','Pre Tunel de Secado Emp.','','','2','2'),('53','41','Enceradora Emp.','','','2','2'),('54','42','Aplicador de Cera Emp.','','','2','2'),('55','43','Tunel de Secado Emp. ','','','2','2'),('56','44','Mesa de Descarte Emp.','','','2','2'),('57','45','Cintas Escalonadas (2) Emp.','','','2','2'),('58','46','Cinta Ancha Pulmon Emp.','','','2','2'),('59','47','Cintas de Salidas Compac (2) Emp.','','','2','2'),('60','48','Cinta Alimientacion a Calibrado Volumetrico Emp.','','','2','2'),('61','49','Elevador a Calibrador Volumentrico Emp. ','','','2','2'),('62','50','Calibrador Volumetrico Emp.','','','2','2'),('63','51','Transportadores de Cajas (3) Emp.','','','2','2'),('64','52','Cajoneras (26) Emp.','','','2','2'),('65','53','Transportadora de Cajas Emp.','','','2','2'),('66','54','Armadora de Cajas (3) Emp.','','','2','2'),('67','55','Carretillas ','','','2','2'),('68','126','Bins','','','8','8'),('69','100','Empaque ','','','9','9'),('70','101','Preseleccion ','','','9','9'),('71','110','Camara de Frio ','','','3','3'),('72','121','Tractor','','','10','10'),('75','128','Bordeadora','','','10','10'),('76','125','Pre Tunel Pre','','','1','1'),('77','127','Porton de Entrada ','','','2','2'),('78','130','Jardineria','','','10','10'),('81','133','Cinta de Pre a Empaque','','','1','1'),('82','134','Elevador Descarte de Pre','','','1','1'),('83','131','Laboratorio','','','2','2'),('84','218','Llenadora (prodol)','','','1','1'),('85','0125','Volcadora Prodol Pre ','','','1','1'),('86','','','','','11','11'),('87','0127','Volcadora de Empaque ','','','2','2');

/*Table structure for table `maquinas_mant` */

DROP TABLE IF EXISTS `maquinas_mant`;

CREATE TABLE `maquinas_mant` (
  `id` decimal(10,0) NOT NULL,
  `id_maquina` decimal(10,0) DEFAULT NULL,
  `mantenimiento` varchar(40) DEFAULT NULL,
  `horas` decimal(6,0) DEFAULT NULL,
  `horas_aviso` decimal(6,0) DEFAULT NULL,
  `kilometros` decimal(6,0) DEFAULT NULL,
  `kilometros_aviso` decimal(6,0) DEFAULT NULL,
  `fecha_aviso` date DEFAULT NULL,
  PRIMARY KEY (`id`),
  UNIQUE KEY `maquinas_mant_id` (`id`),
  KEY `maquinas_mant_id_maquina` (`id_maquina`),
  CONSTRAINT `maquinas_mant_ibfk_1` FOREIGN KEY (`id_maquina`) REFERENCES `maquinas` (`id`) ON DELETE CASCADE
) ENGINE=InnoDB DEFAULT CHARSET=latin1;

/*Data for the table `maquinas_mant` */

insert  into `maquinas_mant`(`id`,`id_maquina`,`mantenimiento`,`horas`,`horas_aviso`,`kilometros`,`kilometros_aviso`,`fecha_aviso`) values ('1','12','Sistema de traslacion ','0','0','0','0','0000-00-00'),('2','1','Cambio aceite hidráulico','100','8','0','0','0000-00-00'),('3','1','Revisión del motor','0','0','0','0','0000-00-00'),('4','14','Cinta Larga de Retorno ','0','0','0','0','0000-00-00'),('5','14','Elevador de Retorno','0','0','0','0','0000-00-00'),('6','14','Cinta Corta de  Retorno','0','0','0','0','0000-00-00'),('7','14','Seccion Load Belt','0','0','0','0','0000-00-00'),('8','14','Seccion de Singulacion  ','0','0','0','0','0000-00-00'),('9','16','seccion load belt','0','0','0','0','0000-00-00'),('10','2','Pernos y bujes','0','0','0','0','0000-00-00'),('11','2','Acolchado de tapa','0','0','0','0','0000-00-00'),('12','2','General','0','0','0','0','0000-00-00'),('13','3','Pernos y bujes','0','0','0','0','0000-00-00'),('14','3','Placa de tapa','0','0','0','0','0000-00-00'),('15','3','Acolchado de tapa','100','90','0','0','0000-00-00'),('16','3','General','0','0','0','0','0000-00-00'),('17','4','Limpieza desoxidado','0','0','0','0','0000-00-00'),('18','4','Burletes','0','0','0','0','0000-00-00'),('19','4','Bombas de agua','0','0','0','0','0000-00-00'),('20','4','Cañería','0','0','0','0','0000-00-00'),('21','4','Placas de filtrado','0','0','0','0','0000-00-00'),('22','5','Chasis de inoxidable','0','0','0','0','0000-00-00'),('23','5','Cadenas','0','0','0','0','0000-00-00'),('24','5','Tensores','0','0','0','0','0000-00-00'),('25','5','Coronas','0','0','0','0','0000-00-00'),('26','5','Rolos metálicos y bujes','4','0','0','0','0000-00-00'),('27','5','Moto-reductor de 2 HP','0','0','0','0','0000-00-00'),('28','14','','0','0','0','0','0000-00-00'),('29','15','Compuertas de Descarga ','0','0','0','0','0000-00-00'),('30','15','Base de Compuertas ','0','0','0','0','0000-00-00'),('31','15','Estructural ','0','0','0','0','0000-00-00'),('32','22','Tambor ','0','0','0','0','0000-00-00'),('33','22','Estructura ','0','0','0','0','0000-00-00'),('34','23','Rolos y Bujes ','0','0','0','0','0000-00-00'),('35','23','Moto-Reductor ','0','0','0','0','0000-00-00'),('36','23','Cajas ','0','0','0','0','0000-00-00'),('37','23','Rodamiento y Cadenas ','0','0','0','0','0000-00-00'),('38','23','Cinta ','0','0','0','0','0000-00-00'),('39','24','Moto-Reductor ','0','0','0','0','0000-00-00'),('40','24','Rolos y Bujes ','0','0','0','0','0000-00-00'),('41','24','Cinta ','0','0','0','0','0000-00-00'),('42','24','Tensores ','0','0','0','0','0000-00-00'),('43','24','Estructura ','0','0','0','0','0000-00-00'),('44','25','Compuerta de Descarga ','0','0','0','0','0000-00-00'),('45','25','Sistema Hidraulico ','0','0','0','0','0000-00-00'),('46','26','Moto-Reductor ','0','0','0','0','0000-00-00'),('47','26','Ejes ','0','0','0','0','0000-00-00'),('48','26','Cinta','0','0','0','0','0000-00-00'),('49','26','Tensores ','0','0','0','0','0000-00-00'),('50','27','Tambor de Mando ','0','0','0','0','0000-00-00'),('51','27','Moto-Reductor','0','0','0','0','0000-00-00'),('52','27','Rlos y Bujes ','0','0','0','0','0000-00-00'),('53','27','Cinta ','0','0','0','0','0000-00-00'),('54','28','Tambores ','0','0','0','0','0000-00-00'),('55','28','Cinta ','0','0','0','0','0000-00-00'),('56','28','Moto-Reductor','0','0','0','0','0000-00-00'),('57','29','Tambores ','0','0','0','0','0000-00-00'),('58','29','Cinta ','0','0','0','0','0000-00-00'),('59','29','Moto-Reductor','0','0','0','0','0000-00-00'),('60','29','Tensores ','0','0','0','0','0000-00-00'),('61','29','Estructura ','0','0','0','0','0000-00-00'),('62','30','Rolos y Bujes ','0','0','0','0','0000-00-00'),('63','30','Moto-Reductor','0','0','0','0','0000-00-00'),('64','30','Caidas ','0','0','0','0','0000-00-00'),('65','31','Cinta ','0','0','0','0','0000-00-00'),('66','31','Moto-Reductor','0','0','0','0','0000-00-00'),('67','31','General','0','0','0','0','0000-00-00'),('68','32','Moto-Reductor','0','0','0','0','0000-00-00'),('69','32','Rolos y Bujes ','0','0','0','0','0000-00-00'),('70','32','General ','0','0','0','0','0000-00-00'),('71','33','Moto-Reductor','0','0','0','0','0000-00-00'),('72','33','Tambores ','0','0','0','0','0000-00-00'),('73','33','General ','0','0','0','0','0000-00-00'),('74','34','Moto-Reductor','0','0','0','0','0000-00-00'),('75','34','Rolos y Bujes ','0','0','0','0','0000-00-00'),('76','34','Estructura ','0','0','0','0','0000-00-00'),('77','35','Moto-Reductor ','0','0','0','0','0000-00-00'),('78','35','Rolos y Bujes ','0','0','0','0','0000-00-00'),('79','35','Rolo Tensor ','0','0','0','0','0000-00-00'),('80','35','General ','0','0','0','0','0000-00-00'),('81','36','Cepillos ','0','0','0','0','0000-00-00'),('82','36','Moto-Reductor ','0','0','0','0','0000-00-00'),('83','36','Cajas y tensores','0','0','0','0','0000-00-00'),('84','36','Cadenas ','0','0','0','0','0000-00-00'),('85','36','Piñones ','0','0','0','0','0000-00-00'),('86','36','General','0','0','0','0','0000-00-00'),('87','37','Moto-Reductor','0','0','0','0','0000-00-00'),('88','38','Moto-Reductor ','0','0','0','0','0000-00-00'),('89','38','Cadenas ','0','0','0','0','0000-00-00'),('90','38','General ','0','0','0','0','0000-00-00'),('91','39','Bombas de diafragma ','0','0','0','0','0000-00-00'),('92','39','Moto-Reductor','0','0','0','0','0000-00-00'),('93','40','Moto-Reductor','0','0','0','0','0000-00-00'),('94','40','Tambores ','0','0','0','0','0000-00-00'),('95','12','Quemador','0','0','0','0','0000-00-00'),('96','12','Moto-Reductor','0','0','0','0','0000-00-00'),('97','12','Ventiladores ','0','0','0','0','0000-00-00'),('98','12','General ','0','0','0','0','0000-00-00'),('99','11','Cepillos','0','0','0','0','0000-00-00'),('100','11','Cajas ','0','0','0','0','0000-00-00'),('101','11','Piñones ','0','0','0','0','0000-00-00'),('102','11','Rodamientos y Cadenas ','0','0','0','0','0000-00-00'),('103','11','Madera de Cadenas','0','0','0','0','0000-00-00'),('104','11','General ','0','0','0','0','0000-00-00'),('105','10','Rolos y Bujes ','0','0','0','0','0000-00-00'),('106','10','Moto-Reductor','0','0','0','0','0000-00-00'),('107','10','Cadenas ','0','0','0','0','0000-00-00'),('108','41','Cooronas ','0','0','0','0','0000-00-00'),('109','41','Cadenas ','0','0','0','0','0000-00-00'),('110','41','Moto-reductor ','0','0','0','0','0000-00-00'),('111','9','Moto-Reductor','0','0','0','0','0000-00-00'),('112','9','Tambores ','0','0','0','0','0000-00-00'),('113','9','Tensores ','0','0','0','0','0000-00-00'),('114','9','Correas','0','0','0','0','0000-00-00'),('115','9','General ','0','0','0','0','0000-00-00'),('116','42','Cableado ','0','0','0','0','0000-00-00'),('117','42','Guarda-Motor ','0','0','0','0','0000-00-00'),('118','43','Pernos y Bujes ','0','0','0','0','0000-00-00'),('119','43','Acollchado de tapa','0','0','0','0','0000-00-00'),('120','43','General ','0','0','0','0','0000-00-00'),('121','44','Bomba Hidraulica ','0','0','0','0','0000-00-00'),('122','44','Moto-Reductor ','0','0','0','0','0000-00-00'),('123','45','Chasis inoxidable ','0','0','0','0','0000-00-00'),('124','45','Burletes','0','0','0','0','0000-00-00'),('125','45','Bombas de agua 4 HP','0','0','0','0','0000-00-00'),('126','46','Chasis Inoxidable ','0','0','0','0','0000-00-00'),('127','46','Cadenas ','0','0','0','0','0000-00-00'),('128','46','Ejes y Tensores ','0','0','0','0','0000-00-00'),('129','46','Corona de grilon ','0','0','0','0','0000-00-00'),('130','46','Rolos y Bujes ','0','0','0','0','0000-00-00'),('131','46','Moto-Reductor','0','0','0','0','0000-00-00'),('132','47','Rolos y Bujes ','0','0','0','0','0000-00-00'),('133','47','Moto-Reductor','0','0','0','0','0000-00-00'),('134','47','Cadenas ','0','0','0','0','0000-00-00'),('135','47','Coronas ','0','0','0','0','0000-00-00'),('136','47','Tensores ','0','0','0','0','0000-00-00'),('137','47','General ','0','0','0','0','0000-00-00'),('138','48','Tambores ','0','0','0','0','0000-00-00'),('139','48','Moto-Reductor','0','0','0','0','0000-00-00'),('140','48','Ejes de Mando ','0','0','0','0','0000-00-00'),('141','48','General ','0','0','0','0','0000-00-00'),('142','49','Cepillos ','0','0','0','0','0000-00-00'),('143','49','Cajas ','0','0','0','0','0000-00-00'),('144','49','Piñones ','0','0','0','0','0000-00-00'),('145','49','Rodamiento y Cadenas ','0','0','0','0','0000-00-00'),('146','49','Madera de Cadenas ','0','0','0','0','0000-00-00'),('147','49','Moto-Reductor','0','0','0','0','0000-00-00'),('148','49','Escurridores ','0','0','0','0','0000-00-00'),('149','49','General ','0','0','0','0','0000-00-00'),('150','50','Moto-Reductor ','0','0','0','0','0000-00-00'),('151','50','Piñones ','0','0','0','0','0000-00-00'),('152','50','Cajas ','0','0','0','0','0000-00-00'),('153','50','Rodamientos y Cadenas ','0','0','0','0','0000-00-00'),('154','50','General ','0','0','0','0','0000-00-00'),('155','51','Motor','0','0','0','0','0000-00-00'),('156','51','Eje ','0','0','0','0','0000-00-00'),('157','51','Correa ','0','0','0','0','0000-00-00'),('158','51','Bomba Peristatica ','0','0','0','0','0000-00-00'),('159','52','Rolos Bujes ','0','0','0','0','0000-00-00'),('160','52','Cadenas ','0','0','0','0','0000-00-00'),('161','52','Quemador 120 Kcal','0','0','0','0','0000-00-00'),('162','52','Electricidad ','0','0','0','0','0000-00-00'),('163','52','\"Ventiladores (12) 1','5','0','0','0','0000-00-00'),('164','52','Bandejas ','0','0','0','0','0000-00-00'),('165','52','Moto-Reductor ','0','0','0','0','0000-00-00'),('166','53','Cajas ','0','0','0','0','0000-00-00'),('167','53','Cadenas ','0','0','0','0','0000-00-00'),('168','53','Cepillos','0','0','0','0','0000-00-00'),('169','53','Piñones ','0','0','0','0','0000-00-00'),('170','53','Moto-Reductor ','0','0','0','0','0000-00-00'),('171','54','Motor','0','0','0','0','0000-00-00'),('172','54','Eje','0','0','0','0','0000-00-00'),('173','54','Correa','0','0','0','0','0000-00-00'),('174','54','Bomba Peristaltica','0','0','0','0','0000-00-00'),('175','55','Cadenas ','0','0','0','0','0000-00-00'),('176','55','Rolos y Bujes','0','0','0','0','0000-00-00'),('177','55','Corona','0','0','0','0','0000-00-00'),('178','55','\"Ventiladores (14) 1','5','0','0','0','0000-00-00'),('179','55','Electricidad','0','0','0','0','0000-00-00'),('180','55','Quemador 200 kcal','0','0','0','0','0000-00-00'),('181','55','Bandejas ','0','0','0','0','0000-00-00'),('182','55','Moto-Reductor','0','0','0','0','0000-00-00'),('183','56','Rolos y Bujes','0','0','0','0','0000-00-00'),('184','56','Moto-reductor','0','0','0','0','0000-00-00'),('185','56','Cadenas ','0','0','0','0','0000-00-00'),('186','56','Tensores ','0','0','0','0','0000-00-00'),('187','56','Ejes de Mando ','0','0','0','0','0000-00-00'),('188','56','Generales ','0','0','0','0','0000-00-00'),('189','57','Tambores ','0','0','0','0','0000-00-00'),('190','57','Moto-Reductor','0','0','0','0','0000-00-00'),('191','57','Corona ','0','0','0','0','0000-00-00'),('192','57','Piñones ','0','0','0','0','0000-00-00'),('193','57','Ejes de Mando ','0','0','0','0','0000-00-00'),('194','57','Cinta ','0','0','0','0','0000-00-00'),('195','57','General','0','0','0','0','0000-00-00'),('196','58','Tambores ','0','0','0','0','0000-00-00'),('197','58','Moto-Reductor','0','0','0','0','0000-00-00'),('198','58','Corona ','0','0','0','0','0000-00-00'),('199','58','Piñones ','0','0','0','0','0000-00-00'),('200','58','Ejes de Mando ','0','0','0','0','0000-00-00'),('201','58','Cinta ','0','0','0','0','0000-00-00'),('202','58','General ','0','0','0','0','0000-00-00'),('203','59','Rolo Tensor ','0','0','0','0','0000-00-00'),('204','59','Tambores ','0','0','0','0','0000-00-00'),('205','59','Moto-Reductor','0','0','0','0','0000-00-00'),('206','59','Ejes de Mando','0','0','0','0','0000-00-00'),('207','59','Cinta ','0','0','0','0','0000-00-00'),('208','59','General','0','0','0','0','0000-00-00'),('209','60','Rolo Tensor ','0','0','0','0','0000-00-00'),('210','60','Tambores ','0','0','0','0','0000-00-00'),('211','60','Moto-Reductor','0','0','0','0','0000-00-00'),('212','60','Ejes de  Mando ','0','0','0','0','0000-00-00'),('213','60','Cinta','0','0','0','0','0000-00-00'),('214','60','General ','0','0','0','0','0000-00-00'),('215','61','Rolos y Bujes ','0','0','0','0','0000-00-00'),('216','61','Moto-Reductor ','0','0','0','0','0000-00-00'),('217','61','Cadenas ','0','0','0','0','0000-00-00'),('218','61','Corona ','0','0','0','0','0000-00-00'),('219','61','Tensores ','0','0','0','0','0000-00-00'),('220','61','General ','0','0','0','0','0000-00-00'),('221','62','Cintas ','0','0','0','0','0000-00-00'),('222','62','Rolos','0','0','0','0','0000-00-00'),('223','62','Tambores ','0','0','0','0','0000-00-00'),('224','62','Cajas Fecoidal ','0','0','0','0','0000-00-00'),('225','63','Ejes de Mando ','0','0','0','0','0000-00-00'),('226','63','Moto-Reductor','0','0','0','0','0000-00-00'),('227','63','General ','0','0','0','0','0000-00-00'),('228','64','Resortes ','0','0','0','0','0000-00-00'),('229','64','Moto-Reductor','0','0','0','0','0000-00-00'),('230','64','Aglomerado ','0','0','0','0','0000-00-00'),('231','65','Cadenas ','0','0','0','0','0000-00-00'),('232','65','Moto-Reductor','0','0','0','0','0000-00-00'),('233','66','Piñones ','0','0','0','0','0000-00-00'),('234','66','Ejes ','0','0','0','0','0000-00-00'),('235','66','Cilindro Hidraulico ','0','0','0','0','0000-00-00'),('236','66','Termostatos ','0','0','0','0','0000-00-00'),('237','66','Llaves de Encendido','0','0','0','0','0000-00-00'),('238','66','General ','0','0','0','0','0000-00-00'),('239','67','Ruedas ','0','0','0','0','0000-00-00'),('240','67','Pernos y Bujes ','0','0','0','0','0000-00-00'),('241','67','Sistema  Hidraulico ','0','0','0','0','0000-00-00'),('242','67','General ','0','0','0','0','0000-00-00'),('243','5','Cjas y rulemanes','0','0','0','0','0000-00-00'),('244','69','Pisos ','0','0','0','0','0000-00-00'),('245','69','Baños ','0','0','0','0','0000-00-00'),('246','69','Limpieza General','0','0','0','0','0000-00-00'),('247','69','Playa de carga ','0','0','0','0','0000-00-00'),('249','69','Comedor ','0','0','0','0','0000-00-00'),('250','70','Limpieza de piso ','0','0','0','0','0000-00-00'),('252','70','Cortadora de Cesped manual ','0','0','0','0','0000-00-00'),('253','69','Taller ','0','0','0','0','0000-00-00'),('254','1','','0','0','0','0','0000-00-00'),('255','70','Cortadora de Cesped tractor ','0','0','0','0','0000-00-00'),('256','71','Camara 1','0','0','0','0','0000-00-00'),('257','71','Camara 2','0','0','0','0','0000-00-00'),('258','69','Produccion ','0','0','0','0','0000-00-00'),('259','36','Chasis','0','0','0','0','0000-00-00'),('260','75','Tanza','0','0','0','0','0000-00-00'),('261','72','Correas','0','0','0','0','0000-00-00'),('262','12','Chasi','0','0','0','0','0000-00-00'),('263','53','Bandeja','0','0','0','0','0000-00-00'),('264','76','Ventiladores','0','0','0','0','0000-00-00'),('265','76','Rulemanes','0','0','0','0','0000-00-00'),('266','76','Cadenas','0','0','0','0','0000-00-00'),('267','76','Rolos','0','0','0','0','0000-00-00'),('268','76','Punteras','0','0','0','0','0000-00-00'),('269','76','Coronas','0','0','0','0','0000-00-00'),('270','76','Guias','0','0','0','0','0000-00-00'),('271','76','Quemadores','0','0','0','0','0000-00-00'),('272','12','Cepillos','0','0','0','0','0000-00-00'),('273','76','General','0','0','0','0','0000-00-00'),('274','68','Cambio de maderas','0','0','0','0','0000-00-00'),('275','68','Limpieza ','0','0','0','0','0000-00-00'),('276','77','Motor ','0','0','0','0','0000-00-00'),('277','77','Guias','0','0','0','0','0000-00-00'),('278','77','Rulemanes','0','0','0','0','0000-00-00'),('279','72','Aceite','0','0','0','0','0000-00-00'),('280','75','Motor','0','0','0','0','0000-00-00'),('281','75','Nafta','0','0','0','0','0000-00-00'),('283','78','Recoleccion del pasto','0','0','0','0','0000-00-00'),('284','78','Corte de cesped con Bordeadora','0','0','0','0','0000-00-00'),('285','78','Corte de cesped con el Tractor','0','0','0','0','0000-00-00'),('286','78','Limpieza del fondo','0','0','0','0','0000-00-00'),('287','75','General','0','0','0','0','0000-00-00'),('288','72','General','0','0','0','0','0000-00-00'),('289','52','Tocho','0','0','0','0','0000-00-00'),('290','55','Tacho','0','0','0','0','0000-00-00'),('291','12','Tacho','0','0','0','0','0000-00-00'),('292','76','Tacho','0','0','0','0','0000-00-00'),('293','76','Bandejas','0','0','0','0','0000-00-00'),('294','25','Limpieza y pintado','0','0','0','0','0000-00-00'),('296','53','General','0','0','0','0','0000-00-00'),('298','70','Movimiento de maquinas','0','0','0','0','0000-00-00'),('299','69','Albañileria','0','0','0','0','0000-00-00'),('300','49','Chasi','0','0','0','0','0000-00-00'),('301','55','Chasi','0','0','0','0','0000-00-00'),('302','81','Moto-Reductor','0','0','0','0','0000-00-00'),('303','81','Tambor','0','0','0','0','0000-00-00'),('304','81','Banda (Cinta)','0','0','0','0','0000-00-00'),('305','81','Caja','0','0','0','0','0000-00-00'),('307','81','Rolo Tensores','0','0','0','0','0000-00-00'),('308','81','Rulemanes Oxilantes','0','0','0','0','0000-00-00'),('309','82','Rolos PVC','0','0','0','0','0000-00-00'),('310','82','Bujes','0','0','0','0','0000-00-00'),('311','82','Ejes','0','0','0','0','0000-00-00'),('312','82','Corona','0','0','0','0','0000-00-00'),('313','82','Cajas','0','0','0','0','0000-00-00'),('314','82','Rulemanes Oxilantes','0','0','0','0','0000-00-00'),('315','82','Moto-Reductor','0','0','0','0','0000-00-00'),('316','82','General','0','0','0','0','0000-00-00'),('317','81','General','0','0','0','0','0000-00-00'),('318','4','General','0','0','0','0','0000-00-00'),('319','38','Rolos pvc','0','0','0','0','0000-00-00'),('320','38','Bujes','0','0','0','0','0000-00-00'),('321','69',' Ayudante de Compac','0','0','0','0','0000-00-00'),('322','69','Porteria','0','0','0','0','0000-00-00'),('323','83','Limpieza','0','0','0','0','0000-00-00'),('324','46','Coronas','0','0','0','0','0000-00-00'),('325','46','','0','0','0','0','0000-00-00'),('326','7','Motobomba 4 HP','0','0','0','0','0000-00-00');

/*Table structure for table `maquinas_mant_insumos` */

DROP TABLE IF EXISTS `maquinas_mant_insumos`;

CREATE TABLE `maquinas_mant_insumos` (
  `id` decimal(10,0) NOT NULL,
  `id_maq_mant` decimal(10,0) DEFAULT NULL,
  `cod_insumo` decimal(5,0) DEFAULT NULL,
  `cantidad` decimal(6,1) DEFAULT NULL,
  PRIMARY KEY (`id`),
  UNIQUE KEY `maquinas_mant_insumos_id` (`id`),
  KEY `maquinas_mant_ins_id_maq_mant` (`id_maq_mant`),
  KEY `maquinas_mant_insumos_cod_insumo` (`cod_insumo`),
  CONSTRAINT `maquinas_mant_insumos_ibfk_1` FOREIGN KEY (`id_maq_mant`) REFERENCES `maquinas_mant` (`id`) ON DELETE CASCADE
) ENGINE=InnoDB DEFAULT CHARSET=latin1;

/*Data for the table `maquinas_mant_insumos` */

insert  into `maquinas_mant_insumos`(`id`,`id_maq_mant`,`cod_insumo`,`cantidad`) values ('1','1','0','0.0'),('2','2','4','0.0'),('3','4','54','2.0'),('4','4','55','2.0'),('5','4','53','1.0'),('6','4','56','2.0'),('7','4','57','2.5'),('8','5','53','0.5'),('9','5','32','0.0'),('10','5','55','2.0'),('11','5','57','1.0'),('12','6','55','3.0'),('13','6','53','0.0'),('14','6','57','1.0'),('15','7','58','0.0'),('16','7','59','0.0'),('17','7','60','2.0'),('18','7','61','3.0'),('19','8','62','0.0'),('20','9','61','6.0'),('21','9','0','0.0'),('22','11','42','1.0'),('23','11','41','1.5'),('25','130','0','0.0'),('26','26','65','0.3'),('37','26','110','0.0'),('38','81','155','0.0'),('45','276','0','0.0'),('46','298','0','0.0'),('47','243','0','0.0'),('48','25','0','0.0'),('49','274','0','0.0'),('50','2','4','0.0');

/*Table structure for table `maquinas_mant_tareas` */

DROP TABLE IF EXISTS `maquinas_mant_tareas`;

CREATE TABLE `maquinas_mant_tareas` (
  `id` decimal(10,0) NOT NULL,
  `id_maq_mant` decimal(10,0) DEFAULT NULL,
  `tarea` varchar(300) DEFAULT NULL,
  PRIMARY KEY (`id`),
  UNIQUE KEY `maquinas_mant_tareas_id` (`id`),
  KEY `maquinas_mant_ins_id_maq_mant` (`id_maq_mant`),
  CONSTRAINT `maquinas_mant_tareas_ibfk_1` FOREIGN KEY (`id_maq_mant`) REFERENCES `maquinas_mant` (`id`) ON DELETE CASCADE
) ENGINE=InnoDB DEFAULT CHARSET=latin1;

/*Data for the table `maquinas_mant_tareas` */

insert  into `maquinas_mant_tareas`(`id`,`id_maq_mant`,`tarea`) values ('1','1','Cambiar el sistema de cepillos por rolos '),('2','2',''),('3','4','EXTRACCION DE LA CINTA LARGA DE RETORNO DAÑADA'),('4','4','CORTAMOS LAS PARTES DAÑADAS Y UNIMOS CON BROCHES '),('5','4','EXTRACCION DE RULEMANES DESGASTADOS DE LOS TAMBORES Y CAMBIO POR NUEVOS'),('6','4','LIMPIEZA DEL MOTOR VERIFICACION DEL NIVEL DE ACEITE Y AGREGADO DE ACEITE '),('7','4','TESTEO ELECTRICO DEL MOTOR'),('8','4','EXTRACCION DE RODILLOS BASE DE LA CINTA CAMBIO DE RULEMANES DESGASTADOS'),('9','4','PROLONGACION DE 3 PATAS SOLDADOS CON CAÑOS DE 50X50'),('10','5','LIMPIEZA GENARAL DEL MOTOR VERIFICACION DEL NIVEL DE ACEITE Y AGREGADO'),('11','5','CADENAS DAÑADAS Y REPARDAS PARTES REEMPLAZADAS'),('12','5','RULEMANES DE LOS TAMBORES DESGASTADOS Y REEPLAZADOS POR NUEVAS'),('13','5','SE PROLONGO LAS DOS PATAS PARA LEVANTAR EL NIVEL DEL ELEVADOR'),('14','6','VERIFICCACION DE LOS TAMBORES REPARACION DE PEQUEÑO DESGASTE DE EJES'),('15','6','CAMBIO DE RULEMANES DESGASTADOS POR NUEVAS'),('16','6','LIMPIEZA DE MOTOR VERIFICACION DE NIVEL DE ACEITE Y AGREGADO'),('17','6','PROLONGACION DE PATAS PARA LEVANTAR EL NIVEL DE LA CINTA'),('18','6','TESTEO ELECTRICO Y PRUEBA'),('19','5','TESTEO ELECTRICO Y PRUEBA'),('20','7','TAPISADO DE RAMPAS DE ENTRADA'),('21','7','TAPISADOS DE DIVISORES DE CINTAS V'),('22','7','CAMBIO DE CORREAS DAÑADAS'),('23','7','CAMBIO DE EJES DE TAMBORES DESGASTADOS '),('24','7','\"LIMPIEZA DE TRANSMISION DE POLEAS'),('25','7','LIMPIEZA SE SENSOR DE VELOCIDAD Y SENSOR DE PARADA PRUEBA PARA VER EL CORRECTO FUNCIONAMIENTO '),('26','7','REVISION DEL CABLEADO DE SENSORES ANTE POSIBLE DAÑOS OCACIONADOS POR ROEDORES'),('27','7','REEMPLAZO DE CINTAS V DAÑADAS '),('28','8','LIMPIEZA Y VERIFICACION DE DESGASTE DE POLEA DE LA PRIMERA ROTASION '),('29','8','LUBRICACION DE RULEMANES'),('30','8','LIMPIEZA DE TAPAS DIVISORES DE CARRIERS '),('31','8','EXTRACCION Y LIMPIEZA DE CEPILLOS LATERALES Y CEPILLOS DE ACOMODE '),('32','9','Cambio de cintas load belt'),('33','9','Reparacion de cadena doble de load belt'),('34','10','Cambiar y engrasar'),('35','11','Cambiar goma-espuma y lona'),('36','12','Raspar y pintar'),('37','13','Cambiar '),('38','14','Cambiar'),('39','15','Cambiar goma-espuma y lona'),('40','16','Raspar y pintar'),('41','17','Lavar con ácido y raspar'),('42','18','Revisión y cambio'),('43','19','Revisión y limpieza anual'),('44','20','Modificar aplicadores traseros'),('45','21','Agregar dos más y revisar tela protección de hojas'),('46','22','Lavar con ácido y raspar'),('47','23','\"Revisar'),('48','24','\"Limpiar'),('49','25','Revisar y cambiar'),('50','26','\"Raspar pintura epoxi'),('51','26','Cambiar bujes y punteras'),('52','27','\"Lavar'),('53','29','Cambiar cable de acero '),('54','30','Reforma '),('55','31','Pintar '),('56','32','Cambiar ejes en tambor y revisar reductor '),('57','33','Pintar '),('58','34','Cambiar rolos y bujes '),('59','35','Poner cubre motor '),('60','36','Cambiar rulemanes de caja '),('61','37','Engrasar '),('62','38','Cortar cinta '),('63','39','\"Cambiar moto-reductor'),('64','40','Cambiar bujes de rolos'),('65','41','Acortar cinta '),('66','42','Modificar tensores '),('67','43','Engrasar'),('68','44','Poner refuerzo en compuerta de descarga '),('69','45','Cambiar mangera de cilindro hidraulico '),('70','46','Cambiar tambor '),('71','47','Cambiar rulemanes del eje '),('72','48','Cambiar broche de cinta '),('73','49','Cambiar varillas de tensores '),('74','50','Cambiar '),('75','51','Cambiar retenes del reductor '),('76','52','Agregar rolo'),('77','53','Cambiar 26mts'),('78','54','Cambiar rulemanes '),('79','55','Cambiar tacos '),('80','56','Revisar '),('81','57','Cambiar rulemanes '),('82','58','Cambiar 16 mts'),('83','59','Revisar'),('84','60','Cambiar varilla roscada '),('85','61','Alargar y bajarla '),('86','62','Cambiar bujes de rolos'),('87','63','Cambiar corona de reductor'),('88','64','Modicar caida y distribucion al elevador de tacos '),('89','65','Reajustar tacos '),('90','66','Revisar y engrasar'),('91','67','\"Limpieza'),('92','68','Revisar '),('93','69','Cambiar Bujes '),('94','70','\"Limpieza'),('95','71','Revisar '),('96','72','Cambiar tambores '),('97','73','\"Limpieza'),('98','74','Cambiar reductor '),('99','75','Cambiar Bujes '),('100','76','Areglar Patas '),('101','77','Revisar '),('102','78','Cambiar Bujes '),('103','79','Cambiar Rulemanes '),('104','80','\"Limpiar'),('105','81','Cambiar todos '),('106','82','Revisar '),('107','83','Cambiar rulemanes de Cajas '),('108','84','Acortar cadenas'),('109','85','Cambiar '),('110','86','\"Limpieza'),('111','87','Revisar perdida de aceite y cambiar retenes '),('112','88','\"Revisar motor'),('113','89','Revisar '),('114','90','\"Limpieza'),('115','91','Cambiar diafragma y regulador '),('116','92','Cambiar rulemanes de motores de aplicacion '),('117','93','Revisar '),('118','94','Cambiar rulemanes '),('119','95','Limpiar'),('120','96','\"Cambiar'),('121','97','Cambiar rulemanes y paletas '),('122','98','Limpeiza y pintura '),('123','99','Lavar '),('124','100','Sacar y lavar '),('125','101','Sacar y lavar '),('126','102','Cambiar rulemanes y lavar las cadenas'),('127','103','Cambiar'),('128','104','Raspar y Pintar '),('129','105','Sacar y limpiar rolos y cambiar bujes y rolos '),('130','106','Cambiar rulemanes y retenes '),('131','107','Lavar'),('132','108','Cambiar '),('133','109','Cambiar '),('134','110','Cambiar rulemanes '),('135','111','Revisar'),('136','112','Revisar '),('137','113','Cambiar varilla roscada '),('138','114','Cambiar '),('139','115','Raspar y pintar '),('140','116','Revisar '),('141','117','Revisar '),('142','118','Cambiar '),('143','119','Poner goma-espuma y lona '),('144','120','Raspar y pintar '),('145','121','Revisar'),('146','122','Cambiar rulemanes '),('147','123','Lavar con acido '),('148','124','Cambiar '),('149','125','Revisar y limpiar '),('150','126','Lavar con acido '),('151','127','\"Revisar'),('152','128','Limpiar '),('153','129','Cambiar '),('154','130','Cambiar bujes y punteras '),('155','131','Revisar'),('156','132','Sacar y limpiar rolos y cambiar bujes y rolos '),('157','133','Cambiar rulemanes y retenes '),('158','134','Lavar con gas-oil y engrasar '),('159','135','Cambiar rulemanes '),('160','136','Cambiar Varilla roscada '),('161','137','Raspar y Pintar '),('162','138','Desarmar'),('163','139','Revisar y cambiar rulemanes y retenes '),('164','140','Cambiar '),('165','141','Limpiar y pintar '),('166','142','Lavar '),('167','143','\"Sacar'),('168','144','Sacar y lavar '),('169','145','Cambiar rulemanes y lavar cadenas'),('170','146','Cambiar '),('171','147','Revisar'),('172','148','Cambiar goma-latex y varilla roscadas '),('173','149','Raspar Pintar '),('174','150','Revisar perdida de aceite y cambiar motor '),('175','151','Sacar y lavar  y revisar '),('176','152','Sacar Lavar y revisar '),('177','153','\"Sacar'),('178','154','Raspar y pintar '),('179','155','Revisar y cambiar grilon '),('180','156','Cambiar '),('181','157','Revisar '),('182','158','Revisar y lavar circuito '),('183','159','Sacar Y lavar '),('184','160','Sacar y lavar '),('185','161','Desarmar limpiar y colocar '),('186','162','Revisar cableado '),('187','163','\"Sacar'),('188','164','\"Sacar'),('189','165','Cambiar rulemanes y retenes '),('190','166','\"Sacar'),('191','167','Sacar y lavar '),('192','168','Cambiar'),('193','169','Revisar'),('194','170','Cambiar Rulemanes  retenes '),('195','171','Revisar Cambiar rulemanes'),('196','172','Revisar'),('197','173','Revisar'),('198','174','Revisar lavar circuito '),('199','175','Lavar y engrasar '),('200','176','\"Sacar'),('201','177','\"Sacar'),('202','178','\"Sacar'),('203','179','Revisar cableado '),('204','180','\"desarmar'),('205','181','\"Sacar'),('206','182','Cambiar rulemanes y retenes '),('207','183','Sacar y limpiar rolos y cambiar bujes y rolos'),('208','184','Cambiar rulemanes y retenes '),('209','185','Cambiar rulemanes '),('210','186','Cambiar varilla roscadas'),('211','187','Revisar '),('212','188','\"Raspar'),('213','189','Desarmar y revisar '),('214','190','Revisar y cambiar rulemanes y retenes '),('215','191','Cambiar corona del reductor '),('216','192','Cambiar '),('217','193','Cambiar '),('218','194','Cambiar broches y lavar '),('219','195','Limpieza y pintura'),('220','196','Desarmar y revisar '),('221','197','Revisar y cambiar rulemanes y retenes '),('222','198','Revisar corona de reductor '),('223','199','Revisar'),('224','200','Revisar '),('225','201','Revisar broche y lavar '),('226','202','Limpiar  y pintura '),('227','203','Cambiar Bujes '),('228','204','Revisar'),('229','205','Revisar perdida de aceite y cambiar rulemanes y retenes '),('230','206','Cambiar '),('231','207','Sacar y lavar '),('232','208','Limpieza y pintura '),('233','209','Cambiar bujes '),('234','210','Revisar '),('235','211','Cambiar reductor y cambiar rulemanes del motor'),('236','212','Cambiar '),('237','213','Sacar lavar'),('238','214','Limpieza pintura '),('239','215','Sacar y limpiar rolos y cambiar bujes rolos '),('240','216','Cambiar rulemanes y retenes '),('241','217','Lavar con gas-oil y engrasar '),('242','218','Revisar '),('243','219','Cambiar varilla roscadas'),('244','220','Raspar y pintar'),('245','221','Sacar y lavar revisar '),('246','222','Limpiar '),('247','223','Cambiar rulemanes '),('248','224','Cambiar engranajes'),('249','225','Revisar desgaste y tornear piñones '),('250','226','\"Revisar y cambiar rulemanes y retenes'),('251','227','Raspar pintar '),('252','228','Colocar'),('253','229','Cambiar (8 quemados) revisar reductores '),('254','230','Revisar cambiar defectuosos'),('255','231','\"Lavar'),('256','232','Revisar reductor '),('257','233','Cambiar '),('258','234','Cambiar '),('259','235','Cambiar '),('260','236','Revisar y cambiar '),('261','237','Limpiar '),('262','238','Raspar y pintar '),('263','239','revisar y cambiar '),('264','240','Revisar y cambiar '),('265','241','Revisar retenes y bujes '),('266','242','Raspar y pintar '),('267','130','\"Raspar pintura vieja'),('268','16',''),('270','243',''),('271','26',''),('272','26',''),('273','244','Limpieza y  Lavado piso '),('274','245','Lavado y desinfecion '),('275','246','Limpieza y pintura '),('276','247','Barrido y lavado '),('278','249','Limpeza '),('279','250','Barrido y lavar el piso '),('281','253','Limpieza'),('283','254',''),('284','256','Limpieza y Desinfeccion Reparacion '),('285','257','Limpieza y Desinfeccion Reparacion '),('286','258','Vocadora'),('287','258','Descarte '),('288','258','Cargas '),('289','270','\"Cambio'),('290','276','Mantenimiento y cambiado'),('291','277','Limpieza y cambiado'),('292','278','Cambiado y Limpieza'),('293','261','Tensar y Cambiar'),('294','279','Cambio de aceite'),('295','260','Cambiado'),('296','280','Limpieza'),('297','281','Cargado para su funcinamiento'),('299','283','Recoleccion del pasto para el contenedor.'),('300','284','Cortado de pasto en lugares donde no se puede con el tractor.'),('301','285','Corte de cesped de todo el predio.'),('302','286','Limpieza y orden.'),('303','287','Todas las tareas relizadas'),('304','288','Realizado de cualquier tarea al tractor'),('305','289','Sacado para limpieza y pintado'),('306','290','Limpieza y pintado'),('307','291','Limpieza y pintura'),('308','292','Limpieza y Pintura'),('309','293','Limpieza y arreglo'),('310','294',''),('311','296',''),('312','300','Limpiar con Nafta o cambiar'),('313','301','Limpieza y cambio'),('314','308','Cambiar'),('315','307','Cambiar'),('317','305','Limpiar'),('318','304','Cambiar'),('319','303','Cambiar y engrasar'),('320','302','\"Limpiar'),('321','309','Cambiar'),('322','310','Cambiar'),('323','311','\"Cambiar'),('324','312','Cambiar'),('325','313','Cambiar'),('326','314','Cambiar'),('327','315','\"Limpiar'),('328','316','Todo mantenimiento'),('329','317','Todo mantenimiento'),('330','318','\"Raspado'),('331','319','Cambiar'),('332','320','Cambiar'),('333','321','Armado y Desarmado de Maquinas'),('334','322','Ayudante y Cuidado de la entrada de personal.'),('335','324','Cambiar las 4'),('336','131','Cambiar reten del reductor'),('337','128','Cambiar eje de mando'),('338','274','Pintura y Limpieza y arreblo de bins '),('339','274',''),('340','2','dasd'),('341','2',''),('342','22','Modificar longitud');

/*Table structure for table `modulos` */

DROP TABLE IF EXISTS `modulos`;

CREATE TABLE `modulos` (
  `id` decimal(10,0) NOT NULL,
  `cod_modulo` char(10) DEFAULT NULL,
  `nombre` char(30) NOT NULL,
  `id_sector` decimal(10,0) DEFAULT NULL,
  PRIMARY KEY (`id`),
  UNIQUE KEY `modulos_cod_modulo` (`cod_modulo`),
  KEY `modulos_id_sector` (`id_sector`)
) ENGINE=InnoDB DEFAULT CHARSET=latin1;

/*Data for the table `modulos` */

insert  into `modulos`(`id`,`cod_modulo`,`nombre`,`id_sector`) values ('1','1','Preselección','1'),('2','2','Empaque','1');

/*Table structure for table `mov_insumos` */

DROP TABLE IF EXISTS `mov_insumos`;

CREATE TABLE `mov_insumos` (
  `fecha` date DEFAULT NULL,
  `cantidad` decimal(10,2) DEFAULT NULL,
  `destino` varchar(15) DEFAULT NULL,
  `empresa` varchar(20) DEFAULT NULL,
  `observaciones` varchar(40) DEFAULT NULL,
  `ordenado` varchar(15) DEFAULT NULL,
  `existencia` decimal(10,2) DEFAULT NULL,
  `ajuste` varchar(8) DEFAULT NULL,
  `motivo` varchar(8) DEFAULT NULL,
  `comprobante` char(15) DEFAULT NULL,
  `cod_insumo` decimal(10,0) DEFAULT NULL,
  `id` decimal(10,0) NOT NULL,
  `proveedor` decimal(4,0) DEFAULT NULL,
  `precio` decimal(10,3) DEFAULT NULL,
  `unidades` decimal(10,3) DEFAULT NULL,
  `usuario` char(50) DEFAULT NULL,
  `fecha_carga` datetime DEFAULT NULL,
  `usuario_ult_acceso` varchar(50) DEFAULT NULL,
  `fecha_ult_acceso` datetime DEFAULT NULL,
  `cod_proveedor` decimal(5,0) DEFAULT NULL,
  `id_deposito` decimal(10,0) DEFAULT NULL,
  `tabla` varchar(50) DEFAULT NULL,
  `id_origen` decimal(10,0) DEFAULT NULL,
  PRIMARY KEY (`id`),
  UNIQUE KEY `stock_id` (`id`),
  KEY `mov_insumos_fecha` (`fecha`),
  KEY `stock_cod_insumo` (`cod_insumo`),
  KEY `stock_fecha` (`fecha`)
) ENGINE=InnoDB DEFAULT CHARSET=latin1;

/*Data for the table `mov_insumos` */

/*Table structure for table `obras` */

DROP TABLE IF EXISTS `obras`;

CREATE TABLE `obras` (
  `id` decimal(10,0) NOT NULL,
  `codigo` decimal(5,0) NOT NULL,
  `nombre` varchar(50) NOT NULL,
  `descripcion` varchar(200) DEFAULT NULL,
  `usuario` varchar(50) DEFAULT NULL,
  `fecha_carga` datetime DEFAULT NULL,
  `usuario_ult_acceso` varchar(50) DEFAULT NULL,
  `fecha_ult_acceso` datetime DEFAULT NULL,
  PRIMARY KEY (`id`),
  UNIQUE KEY `obras_codigo` (`codigo`),
  UNIQUE KEY `obras_nombre` (`nombre`)
) ENGINE=InnoDB DEFAULT CHARSET=latin1;

/*Data for the table `obras` */

/*Table structure for table `ordenes_sql` */

DROP TABLE IF EXISTS `ordenes_sql`;

CREATE TABLE `ordenes_sql` (
  `id` bigint(10) NOT NULL AUTO_INCREMENT,
  `usuario` varchar(25) DEFAULT NULL,
  `fecha` date DEFAULT NULL,
  `orden` varchar(3000) DEFAULT NULL,
  PRIMARY KEY (`id`)
) ENGINE=InnoDB DEFAULT CHARSET=latin1;

/*Data for the table `ordenes_sql` */

/*Table structure for table `partes` */

DROP TABLE IF EXISTS `partes`;

CREATE TABLE `partes` (
  `id` decimal(10,0) NOT NULL,
  `fecha` date DEFAULT NULL,
  `cod_maquina` varchar(10) DEFAULT NULL,
  `cod_responsable` decimal(4,0) DEFAULT NULL,
  `nro_obra` decimal(4,0) DEFAULT NULL,
  `horas_trabajo` decimal(5,1) DEFAULT NULL,
  `horas_mant` decimal(5,1) DEFAULT NULL,
  `horas_repar` decimal(5,1) DEFAULT NULL,
  `horas_disp` decimal(5,1) DEFAULT NULL,
  `gasoil` decimal(7,1) DEFAULT NULL,
  `descripcion` varchar(1000) DEFAULT NULL,
  `novedades_maquina` varchar(200) DEFAULT NULL,
  `tipo` char(1) NOT NULL,
  `id_mantenimiento` decimal(8,0) DEFAULT NULL,
  `horas_reales_mant` decimal(6,0) DEFAULT NULL,
  `kilometros` decimal(5,0) DEFAULT NULL,
  `imp_insumos` decimal(10,2) DEFAULT NULL,
  `id_sector` decimal(10,0) DEFAULT NULL,
  `id_modulo` decimal(10,0) DEFAULT NULL,
  `usuario` varchar(50) DEFAULT NULL,
  `fecha_carga` datetime DEFAULT NULL,
  `usuario_ult_acceso` varchar(50) DEFAULT NULL,
  `fecha_ult_acceso` datetime DEFAULT NULL,
  `id_obra` decimal(10,0) DEFAULT NULL,
  PRIMARY KEY (`id`)
) ENGINE=InnoDB DEFAULT CHARSET=latin1;

/*Data for the table `partes` */

/*Table structure for table `partes_insumos` */

DROP TABLE IF EXISTS `partes_insumos`;

CREATE TABLE `partes_insumos` (
  `id` bigint(10) NOT NULL AUTO_INCREMENT,
  `id_parte` decimal(10,0) DEFAULT NULL,
  `cod_insumo` decimal(4,0) DEFAULT NULL,
  `cantidad` decimal(8,2) DEFAULT NULL,
  `precio` decimal(10,2) DEFAULT NULL,
  `id_deposito` decimal(10,0) DEFAULT NULL,
  PRIMARY KEY (`id`),
  UNIQUE KEY `partes_insumos_id` (`id`),
  KEY `fk_partes_id` (`id_parte`),
  KEY `partes_insumos_cod_insumo` (`cod_insumo`),
  CONSTRAINT `partes_insumos_ibfk_1` FOREIGN KEY (`id_parte`) REFERENCES `partes` (`id`) ON DELETE CASCADE
) ENGINE=InnoDB DEFAULT CHARSET=latin1;

/*Data for the table `partes_insumos` */

/*Table structure for table `partes_mano_obra` */

DROP TABLE IF EXISTS `partes_mano_obra`;

CREATE TABLE `partes_mano_obra` (
  `id` decimal(10,0) NOT NULL,
  `id_parte` decimal(10,0) DEFAULT NULL,
  `id_personal` decimal(10,0) DEFAULT NULL,
  `horas` decimal(4,2) DEFAULT NULL,
  `valor_hora` decimal(10,0) DEFAULT NULL,
  `hora_ini` time DEFAULT NULL,
  `hora_fin` time DEFAULT NULL,
  PRIMARY KEY (`id`),
  KEY `partes_foreing_id` (`id_parte`),
  CONSTRAINT `partes_mano_obra_ibfk_1` FOREIGN KEY (`id_parte`) REFERENCES `partes` (`id`) ON DELETE CASCADE
) ENGINE=InnoDB DEFAULT CHARSET=latin1;

/*Data for the table `partes_mano_obra` */

/*Table structure for table `partes_tareas` */

DROP TABLE IF EXISTS `partes_tareas`;

CREATE TABLE `partes_tareas` (
  `id` decimal(10,0) NOT NULL,
  `id_parte` decimal(10,0) DEFAULT NULL,
  `tarea` varchar(300) DEFAULT NULL,
  PRIMARY KEY (`id`),
  UNIQUE KEY `partes_tareas_id` (`id`),
  KEY `partes_foreing_id` (`id_parte`),
  CONSTRAINT `partes_tareas_ibfk_1` FOREIGN KEY (`id_parte`) REFERENCES `partes` (`id`) ON DELETE CASCADE
) ENGINE=InnoDB DEFAULT CHARSET=latin1;

/*Data for the table `partes_tareas` */

/*Table structure for table `pbcatcol` */

DROP TABLE IF EXISTS `pbcatcol`;

CREATE TABLE `pbcatcol` (
  `pbc_tnam` char(65) NOT NULL,
  `pbc_tid` int(11) DEFAULT NULL,
  `pbc_ownr` char(65) NOT NULL,
  `pbc_cnam` char(65) NOT NULL,
  `pbc_cid` smallint(6) DEFAULT NULL,
  `pbc_labl` varchar(254) DEFAULT NULL,
  `pbc_lpos` smallint(6) DEFAULT NULL,
  `pbc_hdr` varchar(254) DEFAULT NULL,
  `pbc_hpos` smallint(6) DEFAULT NULL,
  `pbc_jtfy` smallint(6) DEFAULT NULL,
  `pbc_mask` varchar(31) DEFAULT NULL,
  `pbc_case` smallint(6) DEFAULT NULL,
  `pbc_hght` smallint(6) DEFAULT NULL,
  `pbc_wdth` smallint(6) DEFAULT NULL,
  `pbc_ptrn` varchar(31) DEFAULT NULL,
  `pbc_bmap` char(1) DEFAULT NULL,
  `pbc_init` varchar(254) DEFAULT NULL,
  `pbc_cmnt` varchar(254) DEFAULT NULL,
  `pbc_edit` varchar(31) DEFAULT NULL,
  `pbc_tag` varchar(254) DEFAULT NULL,
  UNIQUE KEY `pbcatc_x` (`pbc_tnam`,`pbc_ownr`,`pbc_cnam`)
) ENGINE=InnoDB DEFAULT CHARSET=latin1;

/*Data for the table `pbcatcol` */

/*Table structure for table `pbcatedt` */

DROP TABLE IF EXISTS `pbcatedt`;

CREATE TABLE `pbcatedt` (
  `pbe_name` varchar(30) NOT NULL,
  `pbe_edit` varchar(254) DEFAULT NULL,
  `pbe_type` smallint(6) DEFAULT NULL,
  `pbe_cntr` int(11) DEFAULT NULL,
  `pbe_seqn` smallint(6) NOT NULL,
  `pbe_flag` int(11) DEFAULT NULL,
  `pbe_work` char(32) DEFAULT NULL,
  UNIQUE KEY `pbcate_x` (`pbe_name`,`pbe_seqn`)
) ENGINE=InnoDB DEFAULT CHARSET=latin1;

/*Data for the table `pbcatedt` */

/*Table structure for table `pbcatfmt` */

DROP TABLE IF EXISTS `pbcatfmt`;

CREATE TABLE `pbcatfmt` (
  `pbf_name` varchar(30) NOT NULL,
  `pbf_frmt` varchar(254) DEFAULT NULL,
  `pbf_type` smallint(6) DEFAULT NULL,
  `pbf_cntr` int(11) DEFAULT NULL,
  UNIQUE KEY `pbcatf_x` (`pbf_name`)
) ENGINE=InnoDB DEFAULT CHARSET=latin1;

/*Data for the table `pbcatfmt` */

/*Table structure for table `pbcattbl` */

DROP TABLE IF EXISTS `pbcattbl`;

CREATE TABLE `pbcattbl` (
  `pbt_tnam` char(65) NOT NULL,
  `pbt_tid` int(11) DEFAULT NULL,
  `pbt_ownr` char(65) NOT NULL,
  `pbd_fhgt` smallint(6) DEFAULT NULL,
  `pbd_fwgt` smallint(6) DEFAULT NULL,
  `pbd_fitl` char(1) DEFAULT NULL,
  `pbd_funl` char(1) DEFAULT NULL,
  `pbd_fchr` smallint(6) DEFAULT NULL,
  `pbd_fptc` smallint(6) DEFAULT NULL,
  `pbd_ffce` char(18) DEFAULT NULL,
  `pbh_fhgt` smallint(6) DEFAULT NULL,
  `pbh_fwgt` smallint(6) DEFAULT NULL,
  `pbh_fitl` char(1) DEFAULT NULL,
  `pbh_funl` char(1) DEFAULT NULL,
  `pbh_fchr` smallint(6) DEFAULT NULL,
  `pbh_fptc` smallint(6) DEFAULT NULL,
  `pbh_ffce` char(18) DEFAULT NULL,
  `pbl_fhgt` smallint(6) DEFAULT NULL,
  `pbl_fwgt` smallint(6) DEFAULT NULL,
  `pbl_fitl` char(1) DEFAULT NULL,
  `pbl_funl` char(1) DEFAULT NULL,
  `pbl_fchr` smallint(6) DEFAULT NULL,
  `pbl_fptc` smallint(6) DEFAULT NULL,
  `pbl_ffce` char(18) DEFAULT NULL,
  `pbt_cmnt` varchar(254) DEFAULT NULL,
  UNIQUE KEY `pbcatt_x` (`pbt_tnam`,`pbt_ownr`)
) ENGINE=InnoDB DEFAULT CHARSET=latin1;

/*Data for the table `pbcattbl` */

/*Table structure for table `pbcatvld` */

DROP TABLE IF EXISTS `pbcatvld`;

CREATE TABLE `pbcatvld` (
  `pbv_name` varchar(30) NOT NULL,
  `pbv_vald` varchar(254) DEFAULT NULL,
  `pbv_type` smallint(6) DEFAULT NULL,
  `pbv_cntr` int(11) DEFAULT NULL,
  `pbv_msg` varchar(254) DEFAULT NULL,
  UNIQUE KEY `pbcatv_x` (`pbv_name`)
) ENGINE=InnoDB DEFAULT CHARSET=latin1;

/*Data for the table `pbcatvld` */

/*Table structure for table `perfiles` */

DROP TABLE IF EXISTS `perfiles`;

CREATE TABLE `perfiles` (
  `id` decimal(10,0) NOT NULL,
  `nombre` varchar(30) NOT NULL,
  PRIMARY KEY (`id`)
) ENGINE=InnoDB DEFAULT CHARSET=latin1;

/*Data for the table `perfiles` */

insert  into `perfiles`(`id`,`nombre`) values ('1','Administrador'),('2500','Deposito ');

/*Table structure for table `perfiles_detalle` */

DROP TABLE IF EXISTS `perfiles_detalle`;

CREATE TABLE `perfiles_detalle` (
  `id` decimal(10,0) NOT NULL,
  `id_perfil` decimal(10,0) NOT NULL,
  `menu` varchar(75) NOT NULL,
  `acceso` char(1) NOT NULL,
  PRIMARY KEY (`id`),
  UNIQUE KEY `perfiles_detalle_menu_idperfil` (`id_perfil`,`menu`),
  CONSTRAINT `FK_perfiles_detalle` FOREIGN KEY (`id_perfil`) REFERENCES `perfiles` (`id`) ON DELETE CASCADE
) ENGINE=InnoDB DEFAULT CHARSET=latin1;

/*Data for the table `perfiles_detalle` */

insert  into `perfiles_detalle`(`id`,`id_perfil`,`menu`,`acceso`) values ('2503','2500','m_maquinas','I'),('2504','2500','m_personal','I'),('2505','2500','m_insumos','E'),('2506','2500','m_proveedores','E'),('2507','2500','m_perfilesdeusuarios','I'),('2508','2500','m_1','I'),('2509','2500','m_salir','I'),('2510','2500','m_archivo','I'),('2512','2500','m_cargadepartes','E'),('2513','2500','m_cargademana','E'),('2514','2500','m_cargadereparaciones','E'),('2515','2500','m_cargadestock','E'),('2516','2500','m_movimientos','E'),('2518','2500','m_listadodemantenimiento','E'),('2519','2500','m_consultasdestock','E'),('2520','2500','m_resumenpormaquina','E'),('2521','2500','m_graficos','E'),('2522','2500','m_consultas','E'),('2524','2500','m_respaldarbasededatos','I'),('2525','2500','m_actualizarestructuradelabase','I'),('2526','2500','m_-','I'),('2527','2500','m_calculadora','I'),('2528','2500','m_configurarimpresora','I'),('2529','2500','m_2','I'),('2530','2500','m_acerca','I'),('2531','2500','m_varios','I'),('2799','2500','m_3','I'),('11153','2500','m_rubros','E'),('11154','2500','m_unidadesdemedida','E');

/*Table structure for table `personal` */

DROP TABLE IF EXISTS `personal`;

CREATE TABLE `personal` (
  `id` decimal(10,0) NOT NULL,
  `codigo` decimal(4,0) DEFAULT NULL,
  `nombre` varchar(50) DEFAULT NULL,
  `apellido` char(50) DEFAULT NULL,
  `valor` decimal(7,2) DEFAULT NULL,
  `activo` char(1) DEFAULT NULL,
  `usuario` char(50) DEFAULT NULL,
  `fecha_carga` datetime DEFAULT NULL,
  `usuario_ult_acceso` char(50) DEFAULT NULL,
  `fecha_ult_acceso` datetime DEFAULT NULL,
  `cod_compatibilidad` decimal(5,0) DEFAULT NULL,
  PRIMARY KEY (`id`),
  UNIQUE KEY `personal_id` (`id`),
  UNIQUE KEY `personal_codigo` (`codigo`)
) ENGINE=InnoDB DEFAULT CHARSET=latin1;

/*Data for the table `personal` */

insert  into `personal`(`id`,`codigo`,`nombre`,`apellido`,`valor`,`activo`,`usuario`,`fecha_carga`,`usuario_ult_acceso`,`fecha_ult_acceso`,`cod_compatibilidad`) values ('0','0','nombre','apellido','0.00','a','usuario','0000-00-00 00:00:00','usuario_ult_acceso','0000-00-00 00:00:00','0'),('111','1','Rene ','RIvero','0.00','S','','0000-00-00 00:00:00','JBAMBA-DT7/Jorge','0000-00-00 00:00:00','1'),('115','2','Jose ','Arias','0.00','S','','0000-00-00 00:00:00','JBAMBA-DT7/Jorge','0000-00-00 00:00:00','2'),('116','3',' Fernando','Albornoz','0.00','S','','0000-00-00 00:00:00','JBAMBA-DT7/Jorge','0000-00-00 00:00:00','3'),('117','4','Victor','Morales','0.00','S','','0000-00-00 00:00:00','JBAMBA-DT7/Jorge','0000-00-00 00:00:00','4'),('410','5','Adrian ','Amaya','0.00','S','','0000-00-00 00:00:00','JBAMBA-DT7/Jorge','0000-00-00 00:00:00','5'),('411','6','Marcos ','Robles','0.00','S','','0000-00-00 00:00:00','JBAMBA-DT7/Jorge','0000-00-00 00:00:00','6'),('419','7','Sebastian ','Ponce','0.00','N','','0000-00-00 00:00:00','JBAMBA-DT7/Jorge','0000-00-00 00:00:00','7'),('420','8','Matias ','Melian','0.00','N','','0000-00-00 00:00:00','JBAMBA-DT7/Jorge','0000-00-00 00:00:00','8'),('421','9','Jorge ','Amaya','0.00','','','0000-00-00 00:00:00','JBAMBA-DT7/Jorge','0000-00-00 00:00:00','9'),('422','10','Rene ','Chaves','0.00','S','','0000-00-00 00:00:00','JBAMBA-DT7/Jorge','0000-00-00 00:00:00','10'),('423','11','Cristina','Plaza','0.00','S','','0000-00-00 00:00:00','ADUANA-DT/Alicia','0000-00-00 00:00:00','11'),('424','12','Manuel','Lazarte','0.00','N','','0000-00-00 00:00:00','JBAMBA-DT7/Jorge','0000-00-00 00:00:00','12'),('425','13','Antonio','Gonzalez','0.00','N','','0000-00-00 00:00:00','JBAMBA-DT7/Jorge','0000-00-00 00:00:00','13'),('431','14','Rosa ','Amaya','0.00','S','','0000-00-00 00:00:00','JBAMBA-DT7/Jorge','0000-00-00 00:00:00','14'),('432','15','Alicia ','Cordoba','0.00','N','','0000-00-00 00:00:00','JBAMBA-DT7/Jorge','0000-00-00 00:00:00','15'),('485','16','Cristian ','Bamba','0.00','S','','0000-00-00 00:00:00','JBAMBA-DT7/Jorge','0000-00-00 00:00:00','16'),('524','17','Gonzalo','Medina','0.00','S','','0000-00-00 00:00:00','JBAMBA-DT7/Jorge','0000-00-00 00:00:00','17'),('3071','18','Maximiliano','Ruejas','0.00','S','ADUANA-DT/Alicia','0000-00-00 00:00:00','','0000-00-00 00:00:00','18'),('3084','19','Lazarte','Horacio','0.00','S','ADUANA-DT/Alicia','0000-00-00 00:00:00','','0000-00-00 00:00:00','19'),('3085','20','Miguel','Cruz','0.00','S','ADUANA-DT/Alicia','0000-00-00 00:00:00','','0000-00-00 00:00:00','20'),('4626','21','Emanuel ','Cisneros','0.00','S','JBAMBA-DT7/Jorge','0000-00-00 00:00:00','','0000-00-00 00:00:00','21'),('4629','24','Jose Luis ','Rojas','0.00','S','JBAMBA-DT7/Jorge','0000-00-00 00:00:00','','0000-00-00 00:00:00','24'),('4630','25','Andres ','Sanchez','0.00','S','JBAMBA-DT7/Jorge','0000-00-00 00:00:00','','0000-00-00 00:00:00','25'),('4631','26','Mauricio ','Visuara','0.00','S','JBAMBA-DT7/Jorge','0000-00-00 00:00:00','','0000-00-00 00:00:00','26'),('4632','27','Javier ','Aranda','0.00','S','JBAMBA-DT7/Jorge','0000-00-00 00:00:00','','0000-00-00 00:00:00','27'),('4670','28','Mariela ','Suarez','0.00','S','JBAMBA-DT7/Jorge','0000-00-00 00:00:00','','0000-00-00 00:00:00','28'),('4707','29','Julio Cesar','Villalobo','0.00','S','JBAMBA-DT7/Jorge','0000-00-00 00:00:00','','0000-00-00 00:00:00','29');

/*Table structure for table `proveedores` */

DROP TABLE IF EXISTS `proveedores`;

CREATE TABLE `proveedores` (
  `id` decimal(10,0) NOT NULL,
  `cod_proveedor` decimal(5,0) DEFAULT NULL,
  `nombre` varchar(50) DEFAULT NULL,
  `domicilio` varchar(200) DEFAULT NULL,
  `telefono` char(15) DEFAULT NULL,
  `cuit` varchar(13) DEFAULT NULL,
  `categoria_iva` varchar(2) DEFAULT NULL,
  `por_iva` decimal(5,2) DEFAULT NULL,
  `por_ingresos_brutos` decimal(5,2) DEFAULT NULL,
  `razon_social` varchar(50) DEFAULT NULL,
  `usuario` char(50) DEFAULT NULL,
  `fecha_carga` datetime DEFAULT NULL,
  `usuario_ult_acceso` char(50) DEFAULT NULL,
  `fecha_ult_acceso` datetime DEFAULT NULL,
  PRIMARY KEY (`id`),
  UNIQUE KEY `proveedores_id` (`id`),
  UNIQUE KEY `proveedores_nombre` (`nombre`),
  UNIQUE KEY `personal_codigo` (`cod_proveedor`),
  UNIQUE KEY `proveedores_cod_proveedor` (`cod_proveedor`)
) ENGINE=InnoDB DEFAULT CHARSET=latin1;

/*Data for the table `proveedores` */

insert  into `proveedores`(`id`,`cod_proveedor`,`nombre`,`domicilio`,`telefono`,`cuit`,`categoria_iva`,`por_iva`,`por_ingresos_brutos`,`razon_social`,`usuario`,`fecha_carga`,`usuario_ult_acceso`,`fecha_ult_acceso`) values ('136','123','Collado','','','','','0.00','0.00','','','0000-00-00 00:00:00','','0000-00-00 00:00:00'),('152','17','ALBURQUERQUE','','','ALBURQUERQUE ','','0.00','4.00','LL-DC02/Carlos bustos','LA MADRID Nº 3570 S M DE TUC','0000-00-00 00:00:00','30710468601','0000-00-00 00:00:00'),('153','18','Ampere','','','','','0.00','0.00','','','0000-00-00 00:00:00','','0000-00-00 00:00:00'),('154','19','Dima','','','','','0.00','0.00','','','0000-00-00 00:00:00','','0000-00-00 00:00:00'),('166','20','Corralon Echasu','','','ANPAU S.R.L','','0.00','4.00','LL-DC02/Carlos bustos','Av PEDRO RIERA  Nº 238','0000-00-00 00:00:00','30711144184','0000-00-00 00:00:00'),('196','21','Autino Hierros ','','','','','0.00','0.00','','','0000-00-00 00:00:00','','0000-00-00 00:00:00'),('210','22','Corralon Linares ','','','Linares mater','','0.00','19.00','LL-DC02/Carlos bustos','Lamadrid 125 - CP 4128 - San Isidro de Lules','0000-00-00 00:00:00','30708849134','0000-00-00 00:00:00'),('211','23','Tucuman Alambres ','','','','','0.00','0.00','','','0000-00-00 00:00:00','','0000-00-00 00:00:00'),('212','24','Giacosa ','','','','','0.00','0.00','','','0000-00-00 00:00:00','','0000-00-00 00:00:00'),('213','25','Pintureria Roca ','','','','','0.00','0.00','','','0000-00-00 00:00:00','','0000-00-00 00:00:00'),('214','26','Reginato','','','','','0.00','0.00','','','0000-00-00 00:00:00','','0000-00-00 00:00:00'),('217','27','Tincani','','','','','0.00','0.00','','','0000-00-00 00:00:00','','0000-00-00 00:00:00'),('218','28','Marola ','','','','','0.00','0.00','','','0000-00-00 00:00:00','','0000-00-00 00:00:00'),('219','29','Compac','','','','','0.00','0.00','','','0000-00-00 00:00:00','','0000-00-00 00:00:00'),('223','30','Americana','','','','','0.00','0.00','','','0000-00-00 00:00:00','','0000-00-00 00:00:00'),('224','31','Rimac','','','','','0.00','0.00','','','0000-00-00 00:00:00','','0000-00-00 00:00:00'),('225','32','Propaking','','','','','0.00','0.00','','','0000-00-00 00:00:00','','0000-00-00 00:00:00'),('226','33','Medina Mecanica ','','','','','0.00','0.00','','','0000-00-00 00:00:00','','0000-00-00 00:00:00'),('227','34','Soligaroly ','','','','','0.00','0.00','','','0000-00-00 00:00:00','','0000-00-00 00:00:00'),('472','35','Deposito','','','','','0.00','0.00','','','0000-00-00 00:00:00','','0000-00-00 00:00:00'),('530','36','Elctronica Santa Fe','','','','','0.00','0.00','','','0000-00-00 00:00:00','','0000-00-00 00:00:00'),('534','37','B.P M  Elctronico','','','B.P S.A','','0.00','19.00','LL-DC02/Carlos bustos','San Martin 1301 S.M.Tuc','0000-00-00 00:00:00','30578654182','0000-00-00 00:00:00'),('908','38','Estacion de Servicioos RT','','','','','0.00','0.00','','','0000-00-00 00:00:00','','0000-00-00 00:00:00'),('1333','39','Ferreteria San Isidro','','','','','0.00','0.00','','','0000-00-00 00:00:00','','0000-00-00 00:00:00'),('1334','40','Deposito L Lemon','','','','','0.00','0.00','','','0000-00-00 00:00:00','','0000-00-00 00:00:00'),('1833','41','Guardalock','','','','','0.00','0.00','','','0000-00-00 00:00:00','','0000-00-00 00:00:00'),('1844','42','Bocanera ','','','Bocanera S.A','','0.00','19.00','LL-DC02/Carlos bustos','\"Buenos aires 386','0000-00-00 00:00:00','(0381)461-7410','0000-00-00 00:00:00'),('1845','43','Compañia de Negocio S.A','','','','','0.00','0.00','','','0000-00-00 00:00:00','','0000-00-00 00:00:00'),('2325','44','Pintureria Descar S.R.L','','','DESCAR S.R.L','','0.00','4.00','LL-DC02/Carlos bustos','RUTA Nº 5 KM 48500 Gral RODRIGUES Bs As','0000-00-00 00:00:00','30546852357','0000-00-00 00:00:00'),('2352','45','Emi S.R.L','','','','','0.00','0.00','','','0000-00-00 00:00:00','','0000-00-00 00:00:00'),('2794','46','Jimenez Materiales','','','','','0.00','0.00','','','0000-00-00 00:00:00','','0000-00-00 00:00:00'),('2929','49','Cafer Respueto','','','','','0.00','0.00','','','0000-00-00 00:00:00','','0000-00-00 00:00:00'),('2939','51','Yebra','','','yebra S.R.L','','0.00','19.00','LL-DC02/Carlos bustos','AV. Belgrano 2248 S.M.Tuc','0000-00-00 00:00:00','30686130408','0000-00-00 00:00:00'),('3003','53','Agro Lajita','','','Agro Lajitas ','','0.00','19.00','LL-DC02/Carlos bustos','av. alfredo guzman 10(4178) alderetes - tucuman','0000-00-00 00:00:00','30707976957','0000-00-00 00:00:00'),('3004','54','Siner','','','','','0.00','0.00','','','0000-00-00 00:00:00','','0000-00-00 00:00:00'),('3005','55','Limpio Max','','','','','0.00','0.00','','','0000-00-00 00:00:00','','0000-00-00 00:00:00'),('3019','56','Ortiz Respuesto','','','','','0.00','0.00','','','0000-00-00 00:00:00','','0000-00-00 00:00:00'),('3403','57','El Ferretero','','','','','0.00','0.00','','','0000-00-00 00:00:00','','0000-00-00 00:00:00'),('3578','58','La Ferreteria','','','','','0.00','0.00','','','0000-00-00 00:00:00','','0000-00-00 00:00:00'),('3608','59','Agro Impulso S.R.L','','','','','0.00','0.00','','','0000-00-00 00:00:00','','0000-00-00 00:00:00'),('3662','60','Compumaq','','','','','0.00','0.00','','','0000-00-00 00:00:00','','0000-00-00 00:00:00'),('3759','61','Automas','','','','','0.00','0.00','','','0000-00-00 00:00:00','','0000-00-00 00:00:00'),('3762','62','Remetal','','','REMETAL S.A','','0.00','4.00','LL-DC02/Carlos bustos','AV. J. A . ROCA','0000-00-00 00:00:00','33518315639','0000-00-00 00:00:00'),('3763','63','La Agroquimica','','','','','0.00','0.00','','','0000-00-00 00:00:00','','0000-00-00 00:00:00'),('3842','64','Rogu-Matic','','','Rogu-Matic','','0.00','19.00','LL-DC02/Carlos bustos','Santa Fe 2650 - Dpto 1 - San Miguel de Tucumán','0000-00-00 00:00:00','20182038084','0000-00-00 00:00:00'),('3843','65','Ingenieria Prodol S.A','','','','','0.00','0.00','','','0000-00-00 00:00:00','','0000-00-00 00:00:00'),('3844','66','Rodaever S.A','','','','','0.00','0.00','','','0000-00-00 00:00:00','','0000-00-00 00:00:00'),('3888','67','Grupo Norte','','','','','0.00','0.00','','','0000-00-00 00:00:00','','0000-00-00 00:00:00'),('3889','68','\"Tubonor S','A\"','','','','0.00','0.00','','','0000-00-00 00:00:00','','0000-00-00 00:00:00'),('4046','69','Hidraulica del Noa','','','','','0.00','0.00','','','0000-00-00 00:00:00','','0000-00-00 00:00:00'),('4070','70','Santigo Kon S.A','','','','','0.00','0.00','','','0000-00-00 00:00:00','','0000-00-00 00:00:00'),('4074','71','Metalurgica Malavia','','','','','0.00','0.00','','','0000-00-00 00:00:00','','0000-00-00 00:00:00'),('4135','72','Zeramico','','','','','0.00','0.00','','','0000-00-00 00:00:00','','0000-00-00 00:00:00'),('4195','73','Ferreteria San Miguel','','','','','0.00','0.00','','','0000-00-00 00:00:00','','0000-00-00 00:00:00'),('4223','74','Positron','','','','','0.00','0.00','','','0000-00-00 00:00:00','','0000-00-00 00:00:00'),('4245','75','Agropecuaria el sauca','','','','','0.00','0.00','','','0000-00-00 00:00:00','','0000-00-00 00:00:00'),('4538','77','Femavi S.A','','','','','0.00','0.00','','','0000-00-00 00:00:00','','0000-00-00 00:00:00'),('4758','78','Pintureria San Peña','','','','','0.00','0.00','','','0000-00-00 00:00:00','','0000-00-00 00:00:00'),('5211','79','Adicem','','','','','0.00','0.00','','','0000-00-00 00:00:00','','0000-00-00 00:00:00'),('5218','80','Corralon  Aconquija','','','','','0.00','0.00','','','0000-00-00 00:00:00','','0000-00-00 00:00:00'),('5280','81','punto hogar','','','','','0.00','0.00','','','0000-00-00 00:00:00','','0000-00-00 00:00:00'),('5324','82','Ferreteria San Jose','','','','','0.00','0.00','','','0000-00-00 00:00:00','','0000-00-00 00:00:00'),('5483','83','L.B Refrigeracin','','','','','0.00','0.00','','','0000-00-00 00:00:00','','0000-00-00 00:00:00'),('5484','84','Refrigeracion Norte','','','','','0.00','0.00','','','0000-00-00 00:00:00','','0000-00-00 00:00:00'),('5868','85','Decor-DYC S.a','','','','','0.00','0.00','','','0000-00-00 00:00:00','','0000-00-00 00:00:00'),('5962','86','Juares Arenero','','','','','0.00','0.00','','','0000-00-00 00:00:00','','0000-00-00 00:00:00'),('6518','87','Garbarino','','','','','0.00','0.00','','','0000-00-00 00:00:00','','0000-00-00 00:00:00'),('6667','88','Todoferreteria','','','','','0.00','0.00','','','0000-00-00 00:00:00','','0000-00-00 00:00:00'),('6670','89','Construnet','','','','','0.00','0.00','','','0000-00-00 00:00:00','','0000-00-00 00:00:00'),('6721','90','QUICK Informatica','','','','','0.00','0.00','','','0000-00-00 00:00:00','','0000-00-00 00:00:00'),('6725','91','Campoder','','','','','0.00','0.00','','','0000-00-00 00:00:00','','0000-00-00 00:00:00'),('6726','92','Aserradero 25 de mayo','','','','','0.00','0.00','','','0000-00-00 00:00:00','','0000-00-00 00:00:00'),('7041','93','Clover team S.A','','','','','0.00','0.00','','','0000-00-00 00:00:00','','0000-00-00 00:00:00'),('7101','94','Toni respuesto','','','','','0.00','0.00','','','0000-00-00 00:00:00','','0000-00-00 00:00:00'),('7257','95','miotti gas','','','','','0.00','0.00','','','0000-00-00 00:00:00','','0000-00-00 00:00:00'),('7279','96','Camilo buloneria','','','','','0.00','0.00','','','0000-00-00 00:00:00','','0000-00-00 00:00:00'),('7404','97','movimec s a','','','','','0.00','0.00','','','0000-00-00 00:00:00','','0000-00-00 00:00:00'),('7405','98','Deposito Luisito','','','','','0.00','0.00','','','0000-00-00 00:00:00','','0000-00-00 00:00:00'),('7406','99','Achenar S A','','','','','0.00','0.00','','','0000-00-00 00:00:00','','0000-00-00 00:00:00'),('7407','100','','','','','','0.00','0.00','','','0000-00-00 00:00:00','','0000-00-00 00:00:00'),('7453','101','alem vidrio','','','','','0.00','0.00','','','0000-00-00 00:00:00','','0000-00-00 00:00:00'),('7517','102','Cascia gases ','','','','','0.00','0.00','','','0000-00-00 00:00:00','','0000-00-00 00:00:00'),('7541','103','Inquinat s.a','','','','','0.00','0.00','','','0000-00-00 00:00:00','','0000-00-00 00:00:00'),('7542','104','Tegnofrigo argentina sa','','','','','0.00','0.00','','','0000-00-00 00:00:00','','0000-00-00 00:00:00'),('7584','105','jenner global','','','','','0.00','0.00','','','0000-00-00 00:00:00','','0000-00-00 00:00:00'),('7602','106','basualdo','','','','','0.00','0.00','','','0000-00-00 00:00:00','','0000-00-00 00:00:00'),('7788','107','refrigeracion Pizarro','','','','','0.00','0.00','','','0000-00-00 00:00:00','','0000-00-00 00:00:00'),('7794','108','Master Quimica','','','','','0.00','0.00','','','0000-00-00 00:00:00','','0000-00-00 00:00:00'),('7869','109','PINTURERIA  ROMA','','','','','0.00','0.00','','','0000-00-00 00:00:00','','0000-00-00 00:00:00'),('7926','110','Ricardo franhini s.r.l','','','','','0.00','0.00','','','0000-00-00 00:00:00','','0000-00-00 00:00:00'),('7934','111','Roma','','','','','0.00','0.00','','','0000-00-00 00:00:00','','0000-00-00 00:00:00'),('7936','112','FAMIQ  ACERO INX','','','FAMIQ S.R.L','','0.00','4.00','LL-DC02/Carlos bustos','Av ABELLANEDA 554  S. M .DE  TUC','0000-00-00 00:00:00','30538068841','0000-00-00 00:00:00'),('7937','113','San Luis S.R.L','','','','','0.00','0.00','','','0000-00-00 00:00:00','','0000-00-00 00:00:00'),('7953','114','Dosivac','','','','','0.00','0.00','','','0000-00-00 00:00:00','','0000-00-00 00:00:00'),('8115','115','Plasticaucho  S:A','','','','','0.00','0.00','','','0000-00-00 00:00:00','','0000-00-00 00:00:00'),('8256','116','HILTI S.R.L','','','','','0.00','0.00','','','0000-00-00 00:00:00','','0000-00-00 00:00:00'),('8385','117','MT ideas','','','','','0.00','0.00','','','0000-00-00 00:00:00','','0000-00-00 00:00:00'),('8397','118','Odin S.A','','','','','0.00','0.00','','','0000-00-00 00:00:00','','0000-00-00 00:00:00'),('8450','119','micro automaticion','','','micro automac','','0.00','19.00','LL-DC02/Carlos bustos','Mariano Moreno 6546 Wilde BS.AS','0000-00-00 00:00:00','30520438846','0000-00-00 00:00:00'),('8844','120','Computer- c','','','','','0.00','0.00','','','0000-00-00 00:00:00','','0000-00-00 00:00:00'),('8894','121','Clonsud ','','','','','0.00','0.00','','','0000-00-00 00:00:00','','0000-00-00 00:00:00'),('8992','122','Intesa s.a','','','Intesa ingeni','','0.00','19.00','LL-DC02/Carlos bustos','Ruta prov 2 Nº4151 (3014) Monte Vera - Santa Fe','0000-00-00 00:00:00','30658378054','0000-00-00 00:00:00'),('9025','124','Cascia','','','Casia gases y','','0.00','19.00','LL-DC02/Carlos bustos','Ruta 301 km 18 Parque Industrial Lules - Tucamán','0000-00-00 00:00:00','30708764236','0000-00-00 00:00:00'),('9147','125','Electronica industrial ','','','Electronica I','','0.00','19.00','LL-DC02/Carlos bustos','Catamarca 39 S.M.Tuc','0000-00-00 00:00:00','33588449799','0000-00-00 00:00:00'),('9162','126','Procienar','','','','','0.00','0.00','','','0000-00-00 00:00:00','','0000-00-00 00:00:00'),('9210','127','Alfa laval','','','ALFA LAVAL S.','','0.00','4.00','LL-DC02/Carlos bustos','URUGUAY 2800  VICTORIA  Pcia BS AS','0000-00-00 00:00:00','30500639497','0000-00-00 00:00:00'),('9317','128','Deposito industria  (L-C)','','','','','0.00','0.00','','','0000-00-00 00:00:00','','0000-00-00 00:00:00'),('9524','129','Dimotec','','','','','0.00','0.00','','','0000-00-00 00:00:00','','0000-00-00 00:00:00'),('9584','130','conrrol industrial s.r.l','','','','','0.00','0.00','','','0000-00-00 00:00:00','','0000-00-00 00:00:00'),('9659','131','atilio marola','','','','','0.00','0.00','','','0000-00-00 00:00:00','','0000-00-00 00:00:00'),('9927','132','riego integral s.a','','','','','0.00','0.00','','','0000-00-00 00:00:00','','0000-00-00 00:00:00'),('10020','133','Mauricio Mosse','','','','','0.00','0.00','','','0000-00-00 00:00:00','','0000-00-00 00:00:00'),('10090','135',' La Uruguayita','','','','','0.00','0.00','','','0000-00-00 00:00:00','','0000-00-00 00:00:00'),('10098','136','Gomez Roco','','','','','0.00','0.00','','','0000-00-00 00:00:00','','0000-00-00 00:00:00'),('10127','137','ATENOR HNS S.R.L','','','ATENOR HNS S.','','0.00','4.00','LL-DC02/Carlos bustos','JUNIN 486  S M DE TUC','0000-00-00 00:00:00','30554542960','0000-00-00 00:00:00'),('10208','138','control industrial ','','','','','0.00','0.00','','','0000-00-00 00:00:00','','0000-00-00 00:00:00'),('10319','139','anpau srl','','','','','0.00','0.00','','','0000-00-00 00:00:00','','0000-00-00 00:00:00'),('10331','140','Fluodinamica SA','','','','','0.00','0.00','','','0000-00-00 00:00:00','','0000-00-00 00:00:00'),('10386','141','Castillo bateria','','','Castillo Bate','','0.00','4.00','ACORDOBA-DT7/Augusto','','0000-00-00 00:00:00','','0000-00-00 00:00:00'),('10466','142','Genamax S R L','','','Genamax S R L','07','0.00','0.00','','AV Juan  B  Justo 7550 C Federal','0000-00-00 00:00:00','30707944397','0000-00-00 00:00:00'),('10510','143','ARGENTOP s.r.l','','','ARGENTOP s.r.','09','0.00','0.00','','\"aviador Kingsley 1835 barrio Res San Roque','0000-00-00 00:00:00',' Argentina\"','0000-00-00 00:00:00'),('10621','144','IMPEC','','','impecsa s.r.l','14','0.00','0.00','','BAIGORRIA 2515 DTO 2','0000-00-00 00:00:00','30708485140','0000-00-00 00:00:00'),('10991','145','godoy poviña s.a.','','','godoy poviña ','26','0.00','0.00','','avda. coronel suarez 451 S: M: de Tucuman','0000-00-00 00:00:00','30699237759','0000-00-00 00:00:00'),('11294','146','CORRIENTE MECANIZADO','','','','12','0.00','0.00','','','0000-00-00 00:00:00','','0000-00-00 00:00:00'),('11462','147','\"GENERAL M','G\"','','','MA','13.00','0.00','','','0000-00-00 00:00:00','0381-4327259','0000-00-00 00:00:00'),('11703','148','bulkfer','','','bulkfer ferre','25','0.00','0.00','','\"Av henry Ford 3396','0000-00-00 00:00:00','03327-444486','0000-00-00 00:00:00'),('11716','149','fara','','','fara s.c.a','25','0.00','0.00','','villa ballester - prov- bs. as','0000-00-00 00:00:00','30504156342','0000-00-00 00:00:00'),('11722','150','Tensolite S.A','','','Tensolite S.A','26','0.00','0.00','','RUTA 9 km 1298- los pocitos TUCUMÁN','0000-00-00 00:00:00','33575301679','0000-00-00 00:00:00');

/*Table structure for table `rubros` */

DROP TABLE IF EXISTS `rubros`;

CREATE TABLE `rubros` (
  `id` decimal(10,0) NOT NULL,
  `cod_rubro` decimal(10,0) NOT NULL,
  `descripcion` varchar(25) DEFAULT NULL,
  `activo` char(1) NOT NULL DEFAULT 'S',
  `usuario` varchar(50) DEFAULT NULL,
  `fecha_carga` datetime DEFAULT NULL,
  `usuario_ult_acceso` varchar(50) DEFAULT NULL,
  `fecha_ult_acceso` datetime DEFAULT NULL,
  PRIMARY KEY (`id`)
) ENGINE=InnoDB DEFAULT CHARSET=latin1;

/*Data for the table `rubros` */

/*Table structure for table `sectores` */

DROP TABLE IF EXISTS `sectores`;

CREATE TABLE `sectores` (
  `id` decimal(10,0) NOT NULL,
  `cod_sector` char(10) DEFAULT NULL,
  `nombre` varchar(30) NOT NULL,
  PRIMARY KEY (`id`),
  UNIQUE KEY `sectores_cod_sector` (`cod_sector`)
) ENGINE=InnoDB DEFAULT CHARSET=latin1;

/*Data for the table `sectores` */

insert  into `sectores`(`id`,`cod_sector`,`nombre`) values ('1','1','Latin Lemon'),('2','2','Lunacitric');

/*Table structure for table `secuencia` */

DROP TABLE IF EXISTS `secuencia`;

CREATE TABLE `secuencia` (
  `secuencia` decimal(12,0) NOT NULL,
  `desde` decimal(12,0) DEFAULT NULL,
  `hasta` decimal(12,0) DEFAULT NULL
) ENGINE=InnoDB DEFAULT CHARSET=latin1;

/*Data for the table `secuencia` */

insert  into `secuencia`(`secuencia`,`desde`,`hasta`) values ('2',NULL,NULL);

/*Table structure for table `subrubros` */

DROP TABLE IF EXISTS `subrubros`;

CREATE TABLE `subrubros` (
  `id` decimal(10,0) NOT NULL,
  `id_rubro` decimal(10,0) NOT NULL,
  `cod_subrubro` decimal(10,0) NOT NULL,
  `descripcion` varchar(25) DEFAULT NULL,
  PRIMARY KEY (`id`),
  KEY `subrubros_id_rubro` (`id_rubro`),
  CONSTRAINT `subrubros_ibfk_1` FOREIGN KEY (`id_rubro`) REFERENCES `rubros` (`id`) ON DELETE CASCADE
) ENGINE=InnoDB DEFAULT CHARSET=latin1;

/*Data for the table `subrubros` */

/*Table structure for table `unidades_medida` */

DROP TABLE IF EXISTS `unidades_medida`;

CREATE TABLE `unidades_medida` (
  `id` decimal(10,0) NOT NULL,
  `nombre` varchar(25) DEFAULT NULL,
  `activo` char(1) NOT NULL DEFAULT 'S',
  `usuario` varchar(50) DEFAULT NULL,
  `fecha_carga` datetime DEFAULT NULL,
  `usuario_ult_acceso` varchar(50) DEFAULT NULL,
  `fecha_ult_acceso` datetime DEFAULT NULL,
  PRIMARY KEY (`id`),
  UNIQUE KEY `unidades_medida_nombre` (`nombre`)
) ENGINE=InnoDB DEFAULT CHARSET=latin1;

/*Data for the table `unidades_medida` */

/*Table structure for table `usuarios` */

DROP TABLE IF EXISTS `usuarios`;

CREATE TABLE `usuarios` (
  `id` decimal(10,0) NOT NULL,
  `usuario` char(20) DEFAULT NULL,
  `clave` varchar(50) DEFAULT NULL,
  `id_perfil` decimal(10,0) DEFAULT NULL,
  `fecha_creacion_clave` datetime DEFAULT NULL,
  `clave_anterior` varchar(50) DEFAULT NULL,
  PRIMARY KEY (`id`)
) ENGINE=InnoDB DEFAULT CHARSET=latin1;

/*Data for the table `usuarios` */

insert  into `usuarios`(`id`,`usuario`,`clave`,`id_perfil`,`fecha_creacion_clave`,`clave_anterior`) values ('0','Augusto','#ž','1','2015-12-04 00:00:00','');

/*Table structure for table `usuarios_email_templates` */

DROP TABLE IF EXISTS `usuarios_email_templates`;

CREATE TABLE `usuarios_email_templates` (
  `id` bigint(10) NOT NULL AUTO_INCREMENT,
  `subject` varchar(100) DEFAULT NULL,
  `body` varchar(1000) NOT NULL,
  `id_usuario` decimal(10,0) NOT NULL,
  `name` varchar(50) NOT NULL,
  PRIMARY KEY (`id`)
) ENGINE=InnoDB DEFAULT CHARSET=latin1;

/*Data for the table `usuarios_email_templates` */

/*!40101 SET SQL_MODE=@OLD_SQL_MODE */;
/*!40014 SET FOREIGN_KEY_CHECKS=@OLD_FOREIGN_KEY_CHECKS */;
/*!40014 SET UNIQUE_CHECKS=@OLD_UNIQUE_CHECKS */;
/*!40111 SET SQL_NOTES=@OLD_SQL_NOTES */;
